ncaa_org_id,team_id,ncaa_name,espn_location,athletics_url,note
9,T0003,University of Alabama at Birmingham,UAB,www.uabsports.com,verified by hand: same institution (official name vs ESPN short name)
14,T0163,University at Albany,UAlbany,www.ualbanysports.com,verified by hand: same institution (official name vs ESPN short name)
27,T0169,Appalachian State University,App State,appstatesports.com,verified by hand: same institution (official name vs ESPN short name)
31,T0005,"University of Arkansas, Fayetteville",Arkansas,arkansasrazorbacks.com/,verified by hand: same institution (official name vs ESPN short name)
32,T0171,University of Arkansas at Little Rock,Little Rock,//lrtrojans.com,verified by hand: same institution (official name vs ESPN short name)
43,T0173,Austin Peay State University,Austin Peay,www.letsgopeay.com,verified by hand: same institution (official name vs ESPN short name)
71,T0087,Bowling Green State University,Bowling Green,www.bgsufalcons.com,verified by hand: same institution (official name vs ESPN short name)
77,T0116,Brigham Young University,BYU,byucougars.com,verified by hand: same institution (official name vs ESPN short name)
86,T0179,"University at Buffalo, the State University of New York",Buffalo,www.ubbulls.com,verified by hand: same institution (official name vs ESPN short name)
90,T0008,California Polytechnic State University,Cal Poly,gopoly.com,verified by hand: same institution (official name vs ESPN short name)
94,T0342,"California State University, Bakersfield",Cal State Bakersfield,www.gorunners.com,verified by hand: same institution (official name vs ESPN short name)
96,T0131,"California State University, Fresno",Fresno State,www.gobulldogs.com,verified by hand: same institution (official name vs ESPN short name)
97,T0209,"California State University, Fullerton",Cal State Fullerton,www.fullertontitans.com,verified by hand: same institution (official name vs ESPN short name)
101,T0260,"California State University, Northridge",Cal State Northridge,www.GoMatadors.com,verified by hand: same institution (official name vs ESPN short name)
102,T0009,"California State University, Sacramento",Sacramento State,www.hornetsports.com,verified by hand: same institution (official name vs ESPN short name)
104,T0279,"University of California, Santa Barbara",UC Santa Barbara,ucsbgauchos.com,verified by hand: same institution (official name vs ESPN short name)
107,T0013,"University of California, Berkeley",California,www.calbears.com,verified by hand: same institution (official name vs ESPN short name)
108,T0142,"University of California, Davis",UC Davis,www.ucdavisaggies.com,verified by hand: same institution (official name vs ESPN short name)
109,T0140,"University of California, Irvine",UC Irvine,https://ucirvinesports.com/,verified by hand: same institution (official name vs ESPN short name)
110,T0014,"University of California, Los Angeles",UCLA,www.uclabruins.com,verified by hand: same institution (official name vs ESPN short name)
111,T0015,"University of California, Riverside",UC Riverside,www.gohighlanders.com/,verified by hand: same institution (official name vs ESPN short name)
112,T0358,"University of California, San Diego",UC San Diego,www.ucsdtritons.com,verified by hand: same institution (official name vs ESPN short name)
127,T0184,Central Connecticut State University,Central Connecticut,www.ccsubluedevils.com,verified by hand: same institution (official name vs ESPN short name)
128,T0185,University of Central Florida,UCF,www.ucfknights.com/,verified by hand: same institution (official name vs ESPN short name)
157,T0018,University of Colorado Boulder,Colorado,www.cubuffs.com/,verified by hand: same institution (official name vs ESPN short name)
158,T0083,Columbia University-Barnard College,Columbia,www.gocolumbialions.com/,verified by hand: same institution (official name vs ESPN short name)
164,T0019,University of Connecticut,UConn,www.uconnhuskies.com,verified by hand: same institution (official name vs ESPN short name)
222,T0078,"Fairleigh Dickinson University, Metropolitan Campus",Fairleigh Dickinson,www.fduknights.com,verified by hand: same institution (official name vs ESPN short name)
255,T0033,Georgia Institute of Technology,Georgia Tech,www.ramblinwreck.com,verified by hand: same institution (official name vs ESPN short name)
261,T0331,Grambling State University,Grambling,www.gsutigers.com,verified by hand: same institution (official name vs ESPN short name)
277,T0035,"University of Hawaii, Manoa",Hawai'i,hawaiiathletics.com,verified by hand: same institution (official name vs ESPN short name)
285,T0053,College of the Holy Cross,Holy Cross,goholycross.com/,verified by hand: same institution (official name vs ESPN short name)
301,T0161,University of Illinois Urbana-Champaign,Illinois,www.fightingillini.com,verified by hand: same institution (official name vs ESPN short name)
302,T0042,University of Illinois Chicago,UIC,www.uicflames.com,verified by hand: same institution (official name vs ESPN short name)
306,T0043,"Indiana University, Bloomington",Indiana,www.iuhoosiers.com,verified by hand: same institution (official name vs ESPN short name)
308,T0332,Purdue University Fort Wayne,Purdue Fort Wayne,www.gomastodons.com/,verified by hand: same institution (official name vs ESPN short name)
365,T0050,Louisiana State University,LSU,www.lsusports.net,verified by hand: same institution (official name vs ESPN short name)
368,T0353,University of Massachusetts Lowell,UMass Lowell,www.goriverhawks.com,verified by hand: same institution (official name vs ESPN short name)
369,T0231,Loyola University Maryland,Loyola Maryland,www.loyolagreyhounds.com,verified by hand: same institution (official name vs ESPN short name)
371,T0229,Loyola University Chicago,Loyola Chicago,www.loyolaramblers.com,verified by hand: same institution (official name vs ESPN short name)
391,T0235,"University of Maryland, Baltimore County",UMBC,UMBCRetrievers.com,verified by hand: same institution (official name vs ESPN short name)
392,T0059,"University of Maryland, College Park",Maryland,www.umterps.com,verified by hand: same institution (official name vs ESPN short name)
400,T0056,"University of Massachusetts, Amherst",Massachusetts,www.umassathletics.com,verified by hand: same institution (official name vs ESPN short name)
402,T0234,McNeese State University,McNeese,www.mcneesesports.com,verified by hand: same institution (official name vs ESPN short name)
414,T0088,Miami University (Ohio),Miami (OH),www.miamiredhawks.com,verified by hand: same institution (official name vs ESPN short name)
415,T0238,University of Miami (Florida),Miami,miamihurricanes.com,verified by hand: same institution (official name vs ESPN short name)
419,T0239,Middle Tennessee State University,Middle Tennessee,www.goblueraiders.com,verified by hand: same institution (official name vs ESPN short name)
428,T0062,"University of Minnesota, Twin Cities",Minnesota,www.gophersports.com,verified by hand: same institution (official name vs ESPN short name)
433,T0066,University of Mississippi,Ole Miss,www.olemisssports.com,verified by hand: same institution (official name vs ESPN short name)
434,T0065,"University of Missouri, Columbia",Missouri,www.mutigers.com,verified by hand: same institution (official name vs ESPN short name)
440,T0067,Montana State University-Bozeman,Montana State,www.msubobcats.com,verified by hand: same institution (official name vs ESPN short name)
456,T0245,University of North Carolina Asheville,UNC Asheville,www.uncabulldogs.com,verified by hand: same institution (official name vs ESPN short name)
457,T0072,"University of North Carolina, Chapel Hill",North Carolina,www.goheels.com,verified by hand: same institution (official name vs ESPN short name)
458,T0246,The University of North Carolina at Charlotte,Charlotte,www.charlotte49ers.com,verified by hand: same institution (official name vs ESPN short name)
459,T0247,The University of North Carolina at Greensboro,UNC Greensboro,www.uncgspartans.com,verified by hand: same institution (official name vs ESPN short name)
460,T0160,University of North Carolina Wilmington,UNC Wilmington,www.uncwsports.com,verified by hand: same institution (official name vs ESPN short name)
463,T0075,University of Nebraska-Lincoln,Nebraska,www.huskers.com,verified by hand: same institution (official name vs ESPN short name)
464,T0349,University of Nebraska at Omaha,Omaha,www.omavs.com,verified by hand: same institution (official name vs ESPN short name)
465,T0249,"University of Nevada, Las Vegas",UNLV,unlvrebels.com,verified by hand: same institution (official name vs ESPN short name)
466,T0250,"University of Nevada, Reno",Nevada,nevadawolfpack.com,verified by hand: same institution (official name vs ESPN short name)
471,T0337,New Jersey Institute of Technology,NJIT,www.njithighlanders.com,verified by hand: same institution (official name vs ESPN short name)
483,T0252,Nicholls State University,Nicholls,www.geauxcolonels.com,verified by hand: same institution (official name vs ESPN short name)
488,T0253,North Carolina A&T State University,North Carolina A&T,www.ncataggies.com,verified by hand: same institution (official name vs ESPN short name)
490,T0071,North Carolina State University,NC State,www.gopack.com,verified by hand: same institution (official name vs ESPN short name)
498,T0248,University of Louisiana Monroe,UL Monroe,www.ulmwarhawks.com,verified by hand: same institution (official name vs ESPN short name)
536,T0136,The University of Texas Rio Grande Valley,UT Rio Grande Valley,goutrgv.com,verified by hand: same institution (official name vs ESPN short name)
539,T0096,Pennsylvania State University,Penn State,goPSUsports.com,verified by hand: same institution (official name vs ESPN short name)
587,T0080,"Rutgers, The State University of New Jersey, New Brunswick",Rutgers,www.scarletknights.com,verified by hand: same institution (official name vs ESPN short name)
603,T0294,St. John's University (New York),St. John's,www.redstormsports.com,verified by hand: same institution (official name vs ESPN short name)
610,T0296,Saint Mary's College of California,Saint Mary's,www.SMCGaels.com,verified by hand: same institution (official name vs ESPN short name)
620,T0363,University of St. Thomas (Minnesota),St. Thomas,www.Tommiesports.com,verified by hand: same institution (official name vs ESPN short name)
624,T0276,Sam Houston State University,Sam Houston,www.gobearkats.com,verified by hand: same institution (official name vs ESPN short name)
648,T0290,"University of South Carolina, Columbia",South Carolina,gamecocksonline.com,verified by hand: same institution (official name vs ESPN short name)
655,T0282,Southeastern Louisiana University,SE Louisiana,www.lionsports.net,verified by hand: same institution (official name vs ESPN short name)
657,T0016,University of Southern California,USC,usctrojans.com,verified by hand: same institution (official name vs ESPN short name)
659,T0041,Southern Illinois University at Carbondale,Southern Illinois,www.siusalukis.com/,verified by hand: same institution (official name vs ESPN short name)
660,T0347,Southern Illinois University Edwardsville,SIU Edwardsville,www.siuecougars.com,verified by hand: same institution (official name vs ESPN short name)
663,T0286,Southern Methodist University,SMU,www.smumustangs.com,verified by hand: same institution (official name vs ESPN short name)
664,T0289,The University of Southern Mississippi,Southern Miss,www.southernmiss.com,verified by hand: same institution (official name vs ESPN short name)
665,T0291,"Southern University, Baton Rouge",Southern,www.gojagsports.com,verified by hand: same institution (official name vs ESPN short name)
671,T0145,University of Louisiana at Lafayette,Louisiana,www.ragincajuns.com,verified by hand: same institution (official name vs ESPN short name)
676,T0298,Stephen F. Austin State University,Stephen F. Austin,SFAjacks.com,verified by hand: same institution (official name vs ESPN short name)
692,T0305,Tennessee Technological University,Tennessee Tech,www.TTUsports.com/,verified by hand: same institution (official name vs ESPN short name)
693,T0107,University of Tennessee at Chattanooga,Chattanooga,www.gomocs.com,verified by hand: same institution (official name vs ESPN short name)
694,T0303,"University of Tennessee, Knoxville",Tennessee,www.utsports.com,verified by hand: same institution (official name vs ESPN short name)
695,T0302,University of Tennessee at Martin,UT Martin,www.utmsports.com,verified by hand: same institution (official name vs ESPN short name)
697,T0111,"Texas A&M University, College Station",Texas A&M,www.12thman.com,verified by hand: same institution (official name vs ESPN short name)
698,T0301,Texas Christian University,TCU,www.gofrogs.com,verified by hand: same institution (official name vs ESPN short name)
702,T0114,University of Texas at Arlington,UT Arlington,www.utamavs.com,verified by hand: same institution (official name vs ESPN short name)
703,T0115,University of Texas at Austin,Texas,www.TexasLonghorns.com,verified by hand: same institution (official name vs ESPN short name)
704,T0307,University of Texas at El Paso,UTEP,www.utepminers.com,verified by hand: same institution (official name vs ESPN short name)
706,T0306,University of Texas at San Antonio,UTSA,www.goutsa.com,verified by hand: same institution (official name vs ESPN short name)
721,T0164,U.S. Air Force Academy,Air Force,www.goairforcefalcons.com/,verified by hand: same institution (official name vs ESPN short name)
725,T0159,U.S. Military Academy,Army,goarmywestpoint.com/index.aspx,verified by hand: same institution (official name vs ESPN short name)
726,T0244,U.S. Naval Academy,Navy,www.navysports.com,verified by hand: same institution (official name vs ESPN short name)
740,T0314,Virginia Commonwealth University,VCU,www.vcuathletics.com,verified by hand: same institution (official name vs ESPN short name)
741,T0316,Virginia Military Institute,VMI,www.vmikeydets.com,verified by hand: same institution (official name vs ESPN short name)
742,T0122,Virginia Polytechnic Institute and State University,Virginia Tech,www.hokiesports.com,verified by hand: same institution (official name vs ESPN short name)
794,T0325,University of Wisconsin-Green Bay,Green Bay,greenbayphoenix.com,verified by hand: same institution (official name vs ESPN short name)
796,T0128,University of Wisconsin-Madison,Wisconsin,www.uwbadgers.com,verified by hand: same institution (official name vs ESPN short name)
797,T0127,University of Wisconsin-Milwaukee,Milwaukee,www.mkepanthers.com,verified by hand: same institution (official name vs ESPN short name)
1014,T0105,College of Charleston (South Carolina),Charleston,www.cofcsports.com,verified by hand: same institution (official name vs ESPN short name)
1356,T0346,Seattle University,Seattle U,goseattleu.com,verified by hand: same institution (official name vs ESPN short name)
2699,T0044,Indiana University Indianapolis,IU Indianapolis,iuindyjags.com/,verified by hand: same institution (official name vs ESPN short name)
2707,T0064,University of Missouri-Kansas City,Kansas City,www.kcroos.com,verified by hand: same institution (official name vs ESPN short name)
11504,T0367,Queens University of Charlotte,Queens University,www.queensathletics.com,verified by hand: same institution (official name vs ESPN short name)
26172,T0162,Texas A&M University-Corpus Christi,Texas A&M-Corpus Christi,www.goislanders.com,verified by hand: same institution (official name vs ESPN short name)
