espn_game_id,tip,home,away,status,in_experiment,tip_tbd,tipped,projection:pure-0.2.0,projection:pure-0.3.0,projection:pure-0.4.0,projection:pure-0.5.0,projection:pure-0.5.0+roster,roster_snapshot,roster_confidence,proster_eligible,gate,settled,score_written
401911274,2026-11-08T21:00:00+00:00,T0177,T0273,STATUS_SCHEDULED,True,False,False,False,False,False,False,False,,CONFIRMED/CONFIRMED,True,,False,False
401911335,2026-11-08T20:00:00+00:00,T0164,T0143,STATUS_SCHEDULED,True,False,False,False,False,False,False,False,,CONFIRMED/CONFIRMED,True,,False,False
401911453,2026-11-08T05:00:00+00:00,T0250,T0296,STATUS_SCHEDULED,True,True,False,False,False,False,False,False,,CONFIRMED/CONFIRMED,True,,False,False
401911306,2026-11-08T05:00:00+00:00,T0225,T0101,STATUS_SCHEDULED,True,True,False,False,False,False,False,False,,STALE/CONFIRMED,True,,False,False
401911238,2026-11-08T05:00:00+00:00,T0097,T0120,STATUS_SCHEDULED,True,True,False,False,False,False,False,False,,CONFIRMED/CONFIRMED,True,,False,False
401909707,2026-11-08T05:00:00+00:00,T0099,T0096,STATUS_SCHEDULED,True,True,False,False,False,False,False,False,,CONFLICTED/UNKNOWN,True,,False,False
401902277,2026-11-08T05:00:00+00:00,T0037,T0180,STATUS_SCHEDULED,True,True,False,False,False,False,False,False,,CONFIRMED/CONFIRMED,True,,False,False
401911345,2026-11-08T01:00:00+00:00,T0352,T0176,STATUS_SCHEDULED,True,False,False,False,False,False,False,False,,CONFIRMED/CONFLICTED,True,,False,False
401911470,2026-11-07T05:00:00+00:00,T0140,T0011,STATUS_SCHEDULED,True,True,False,False,False,False,False,False,,CONFIRMED/CONFIRMED,True,,False,False
401911262,2026-11-07T05:00:00+00:00,T0182,T0085,STATUS_SCHEDULED,True,True,False,False,False,False,False,False,,CONFIRMED/CONFIRMED,True,,False,False
401911186,2026-11-07T05:00:00+00:00,T0193,T0258,STATUS_SCHEDULED,True,True,False,False,False,False,False,False,,CONFIRMED/CONFIRMED,True,,False,False
401911007,2026-11-07T05:00:00+00:00,T0088,T0359,STATUS_SCHEDULED,True,True,False,False,False,False,False,False,,CONFIRMED/CONFIRMED,True,,False,False
401909760,2026-11-07T05:00:00+00:00,T0010,T0018,STATUS_SCHEDULED,True,True,False,False,False,False,False,False,,CONFIRMED/CONFIRMED,True,,False,False
401909532,2026-11-07T05:00:00+00:00,T0269,T0075,STATUS_SCHEDULED,True,True,False,False,False,False,False,False,,CONFIRMED/CONFIRMED,True,,False,False
401909513,2026-11-07T05:00:00+00:00,T0024,T0059,STATUS_SCHEDULED,True,True,False,False,False,False,False,False,,CONFIRMED/CONFIRMED,True,,False,False
401911305,2026-11-07T00:00:00+00:00,T0101,T0052,STATUS_SCHEDULED,True,False,False,False,False,False,False,False,,CONFIRMED/CONFIRMED,True,,False,False
401909751,2026-11-06T22:00:00+00:00,T0109,T0170,STATUS_SCHEDULED,True,False,False,False,False,False,False,False,,CONFIRMED/CONFLICTED,True,,False,False
401912208,2026-11-06T05:00:00+00:00,T0103,T0022,STATUS_SCHEDULED,True,True,False,False,False,False,False,False,,CONFIRMED/CONFIRMED,True,,False,False
401911249,2026-11-06T05:00:00+00:00,T0063,T0065,STATUS_SCHEDULED,True,True,False,False,False,False,False,False,,CONFIRMED/CONFIRMED,True,,False,False
401911006,2026-11-06T05:00:00+00:00,T0186,,STATUS_SCHEDULED,False,True,False,False,False,False,False,False,,CONFIRMED/None,True,,False,False
401911005,2026-11-06T05:00:00+00:00,T0174,T0133,STATUS_SCHEDULED,True,True,False,False,False,False,False,False,,CONFIRMED/CONFIRMED,True,,False,False
401909797,2026-11-06T05:00:00+00:00,T0221,T0260,STATUS_SCHEDULED,True,True,False,False,False,False,False,False,,CONFIRMED/STALE,True,,False,False
401909785,2026-11-06T05:00:00+00:00,T0220,T0239,STATUS_SCHEDULED,True,True,False,False,False,False,False,False,,CONFIRMED/CONFIRMED,True,,False,False
401909772,2026-11-06T05:00:00+00:00,T0036,T0289,STATUS_SCHEDULED,True,True,False,False,False,False,False,False,,CONFIRMED/CONFIRMED,True,,False,False
401909695,2026-11-06T05:00:00+00:00,T0028,T0312,STATUS_SCHEDULED,True,True,False,False,False,False,False,False,,CONFIRMED/CONFIRMED,True,,False,False
401909552,2026-11-06T05:00:00+00:00,T0051,T0056,STATUS_SCHEDULED,True,True,False,False,False,False,False,False,,CONFIRMED/CONFIRMED,True,,False,False
401909542,2026-11-06T05:00:00+00:00,T0329,T0203,STATUS_SCHEDULED,True,True,False,False,False,False,False,False,,CONFIRMED/CONFIRMED,True,,False,False
401909523,2026-11-06T05:00:00+00:00,T0126,T0196,STATUS_SCHEDULED,True,True,False,False,False,False,False,False,,CONFIRMED/CONFIRMED,True,,False,False
401906802,2026-11-06T05:00:00+00:00,T0093,T0240,STATUS_SCHEDULED,True,True,False,False,False,False,False,False,,CONFIRMED/CONFIRMED,True,,False,False
401906780,2026-11-06T05:00:00+00:00,T0034,T0340,STATUS_SCHEDULED,True,True,False,False,False,False,False,False,,CONFIRMED/CONFIRMED,True,,False,False
401906758,2026-11-06T05:00:00+00:00,T0155,T0172,STATUS_SCHEDULED,True,True,False,False,False,False,False,False,,STALE/CONFIRMED,True,,False,False
401911334,2026-11-06T01:30:00+00:00,T0164,,STATUS_SCHEDULED,False,False,False,False,False,False,False,False,,CONFIRMED/None,True,,False,False
401911375,2026-11-06T00:00:00+00:00,T0187,,STATUS_SCHEDULED,False,False,False,False,False,False,False,False,,CONFLICTED/None,True,,False,False
401912227,2026-11-05T23:00:00+00:00,T0159,,STATUS_SCHEDULED,False,False,False,False,False,False,False,False,,CONFIRMED/None,True,,False,False
401911518,2026-11-05T05:00:00+00:00,T0142,,STATUS_SCHEDULED,False,True,False,False,False,False,False,False,,CONFIRMED/None,True,,False,False
401911273,2026-11-05T05:00:00+00:00,T0297,T0177,STATUS_SCHEDULED,True,True,False,False,False,False,False,False,,CONFIRMED/CONFIRMED,True,,False,False
401911229,2026-11-05T05:00:00+00:00,T0229,T0372,STATUS_SCHEDULED,True,True,False,False,False,False,False,False,,CONFIRMED/CONFIRMED,True,,False,False
401911195,2026-11-05T05:00:00+00:00,T0208,T0366,STATUS_SCHEDULED,True,True,False,False,False,False,False,False,,CONFIRMED/CONFIRMED,True,,False,False
401909739,2026-11-05T05:00:00+00:00,T0007,T0008,STATUS_SCHEDULED,True,True,False,False,False,False,False,False,,CONFIRMED/CONFIRMED,True,,False,False
401909726,2026-11-05T05:00:00+00:00,T0108,T0073,STATUS_SCHEDULED,True,True,False,False,False,False,False,False,,CONFIRMED/CONFIRMED,True,,False,False
401909717,2026-11-05T05:00:00+00:00,T0086,T0184,STATUS_SCHEDULED,True,True,False,False,False,False,False,False,,CONFIRMED/STALE,True,,False,False
401909706,2026-11-05T05:00:00+00:00,T0099,T0179,STATUS_SCHEDULED,True,True,False,False,False,False,False,False,,CONFLICTED/CONFIRMED,True,,False,False
401909563,2026-11-05T05:00:00+00:00,T0069,T0150,STATUS_SCHEDULED,True,True,False,False,False,False,False,False,,CONFIRMED/CONFIRMED,True,,False,False
401909501,2026-11-05T05:00:00+00:00,T0144,T0032,STATUS_SCHEDULED,True,True,False,False,False,False,False,False,,CONFIRMED/CONFIRMED,True,,False,False
401909491,2026-11-05T05:00:00+00:00,T0074,T0370,STATUS_SCHEDULED,True,True,False,False,False,False,False,False,,CONFIRMED/CONFIRMED,True,,False,False
401906864,2026-11-05T05:00:00+00:00,T0115,T0210,STATUS_SCHEDULED,True,True,False,False,False,False,False,False,,CONFIRMED/CONFIRMED,True,,False,False
401906792,2026-11-05T05:00:00+00:00,T0158,T0262,STATUS_SCHEDULED,True,True,False,False,False,False,False,False,,CONFIRMED/CONFIRMED,True,,False,False
401906770,2026-11-05T05:00:00+00:00,T0031,T0137,STATUS_SCHEDULED,True,True,False,False,False,False,False,False,,CONFIRMED/STALE,True,,False,False
401902276,2026-11-04T05:00:00+00:00,T0180,T0078,STATUS_SCHEDULED,True,True,False,False,False,False,False,False,,CONFIRMED/CONFIRMED,True,,False,False
401909796,2026-11-03T05:00:00+00:00,T0221,T0288,STATUS_SCHEDULED,True,True,False,False,False,False,False,False,,CONFIRMED/CONFIRMED,True,,False,False
401909551,2026-11-03T05:00:00+00:00,T0051,T0317,STATUS_SCHEDULED,True,True,False,False,False,False,False,False,,CONFIRMED/CONFIRMED,True,,False,False
401906848,2026-11-03T05:00:00+00:00,T0303,T0326,STATUS_SCHEDULED,True,True,False,False,False,False,False,False,,CONFIRMED/CONFLICTED,True,,False,False
401906757,2026-11-03T05:00:00+00:00,T0155,T0276,STATUS_SCHEDULED,True,True,False,False,False,False,False,False,,STALE/CONFIRMED,True,,False,False
401911469,2026-11-03T03:00:00+00:00,T0011,T0306,STATUS_SCHEDULED,True,False,False,False,False,False,False,False,,CONFIRMED/UNKNOWN,True,,False,False
401909738,2026-11-03T03:00:00+00:00,T0007,T0014,STATUS_SCHEDULED,True,False,False,False,False,False,False,False,,CONFIRMED/CONFIRMED,True,,False,False
401909750,2026-11-03T02:30:00+00:00,T0109,T0262,STATUS_SCHEDULED,True,False,False,False,False,False,False,False,,CONFIRMED/CONFIRMED,True,,False,False
401911389,2026-11-03T02:00:00+00:00,T0352,T0308,STATUS_SCHEDULED,True,False,False,False,False,False,False,False,,CONFIRMED/CONFIRMED,True,,False,False
401909694,2026-11-03T01:30:00+00:00,T0028,T0027,STATUS_SCHEDULED,True,False,False,False,False,False,False,False,,CONFIRMED/CONFIRMED,True,,False,False
401911304,2026-11-03T00:00:00+00:00,T0101,T0077,STATUS_SCHEDULED,True,False,False,False,False,False,False,False,,CONFIRMED/CONFIRMED,True,,False,False
401911532,2026-11-02T19:00:00+00:00,T0307,T0350,STATUS_SCHEDULED,True,False,False,False,False,False,False,False,,CONFIRMED/CONFIRMED,True,,False,False
401911707,2026-11-02T16:30:00+00:00,T0304,T0046,STATUS_SCHEDULED,True,False,False,False,False,False,False,False,,CONFIRMED/CONFIRMED,True,,False,False
401912207,2026-11-02T05:00:00+00:00,T0189,T0022,STATUS_SCHEDULED,True,True,False,False,False,False,False,False,,CONFIRMED/CONFIRMED,True,,False,False
401911517,2026-11-02T05:00:00+00:00,T0142,T0355,STATUS_SCHEDULED,True,True,False,False,False,False,False,False,,CONFIRMED/CONFIRMED,True,,False,False
401911452,2026-11-02T05:00:00+00:00,T0250,T0274,STATUS_SCHEDULED,True,True,False,False,False,False,False,False,,CONFIRMED/CONFLICTED,True,,False,False
401911390,2026-11-02T05:00:00+00:00,T0019,T0210,STATUS_SCHEDULED,True,True,False,False,False,False,False,False,,CONFIRMED/CONFIRMED,True,,False,False
401911374,2026-11-02T05:00:00+00:00,T0032,T0187,STATUS_SCHEDULED,True,True,False,False,False,False,False,False,,CONFIRMED/CONFLICTED,True,,False,False
401911333,2026-11-02T05:00:00+00:00,T0327,T0164,STATUS_SCHEDULED,True,True,False,False,False,False,False,False,,CONFIRMED/CONFIRMED,True,,False,False
401911261,2026-11-02T05:00:00+00:00,T0085,T0330,STATUS_SCHEDULED,True,True,False,False,False,False,False,False,,CONFIRMED/CONFIRMED,True,,False,False
401911248,2026-11-02T05:00:00+00:00,T0063,T0225,STATUS_SCHEDULED,True,True,False,False,False,False,False,False,,CONFIRMED/STALE,True,,False,False
401911237,2026-11-02T05:00:00+00:00,T0120,T0245,STATUS_SCHEDULED,True,True,False,False,False,False,False,False,,CONFIRMED/CONFIRMED,True,,False,False
401911228,2026-11-02T05:00:00+00:00,T0229,T0310,STATUS_SCHEDULED,True,True,False,False,False,False,False,False,,CONFIRMED/CONFIRMED,True,,False,False
401911208,2026-11-02T05:00:00+00:00,T0023,T0244,STATUS_SCHEDULED,True,True,False,False,False,False,False,False,,CONFIRMED/CONFIRMED,True,,False,False
401911185,2026-11-02T05:00:00+00:00,T0193,T0337,STATUS_SCHEDULED,True,True,False,False,False,False,False,False,,CONFIRMED/CONFIRMED,True,,False,False
401911004,2026-11-02T05:00:00+00:00,T0135,T0174,STATUS_SCHEDULED,True,True,False,False,False,False,False,False,,CONFIRMED/CONFIRMED,True,,False,False
401911003,2026-11-02T05:00:00+00:00,T0004,T0090,STATUS_SCHEDULED,True,True,False,False,False,False,False,False,,CONFIRMED/CONFIRMED,True,,False,False
401911002,2026-11-02T05:00:00+00:00,T0119,T0088,STATUS_SCHEDULED,True,True,False,False,False,False,False,False,,CONFIRMED/CONFIRMED,True,,False,False
401911001,2026-11-02T05:00:00+00:00,T0312,T0056,STATUS_SCHEDULED,True,True,False,False,False,False,False,False,,CONFIRMED/CONFIRMED,True,,False,False
401911000,2026-11-02T05:00:00+00:00,T0228,T0222,STATUS_SCHEDULED,True,True,False,False,False,False,False,False,,CONFIRMED/CONFIRMED,True,,False,False
401910999,2026-11-02T05:00:00+00:00,T0172,T0311,STATUS_SCHEDULED,True,True,False,False,False,False,False,False,,CONFIRMED/CONFIRMED,True,,False,False
401910998,2026-11-02T05:00:00+00:00,T0150,T0203,STATUS_SCHEDULED,True,True,False,False,False,False,False,False,,CONFIRMED/CONFIRMED,True,,False,False
401910997,2026-11-02T05:00:00+00:00,T0138,T0320,STATUS_SCHEDULED,True,True,False,False,False,False,False,False,,UNKNOWN/CONFIRMED,True,,False,False
401910996,2026-11-02T05:00:00+00:00,T0248,T0186,STATUS_SCHEDULED,True,True,False,False,False,False,False,False,,CONFIRMED/CONFIRMED,True,,False,False
401910995,2026-11-02T05:00:00+00:00,T0129,T0179,STATUS_SCHEDULED,True,True,False,False,False,False,False,False,,CONFIRMED/CONFIRMED,True,,False,False
401910994,2026-11-02T05:00:00+00:00,T0212,T0087,STATUS_SCHEDULED,True,True,False,False,False,False,False,False,,CONFIRMED/CONFIRMED,True,,False,False
401910993,2026-11-02T05:00:00+00:00,T0145,T0165,STATUS_SCHEDULED,True,True,False,False,False,False,False,False,,CONFIRMED/CONFIRMED,True,,False,False
401909784,2026-11-02T05:00:00+00:00,T0220,T0208,STATUS_SCHEDULED,True,True,False,False,False,False,False,False,,CONFIRMED/CONFIRMED,True,,False,False
401909771,2026-11-02T05:00:00+00:00,T0036,T0106,STATUS_SCHEDULED,True,True,False,False,False,False,False,False,,CONFIRMED/CONFIRMED,True,,False,False
401909759,2026-11-02T05:00:00+00:00,T0018,T0351,STATUS_SCHEDULED,True,True,False,False,False,False,False,False,,CONFIRMED/CONFIRMED,True,,False,False
401909725,2026-11-02T05:00:00+00:00,T0073,T0236,STATUS_SCHEDULED,True,True,False,False,False,False,False,False,,CONFIRMED/CONFIRMED,True,,False,False
401909716,2026-11-02T05:00:00+00:00,T0086,T0373,STATUS_SCHEDULED,True,True,False,False,False,False,False,False,,CONFIRMED/CONFIRMED,True,,False,False
401909705,2026-11-02T05:00:00+00:00,T0099,T0273,STATUS_SCHEDULED,True,True,False,False,False,False,False,False,,CONFLICTED/CONFIRMED,True,,False,False
401909562,2026-11-02T05:00:00+00:00,T0069,T0159,STATUS_SCHEDULED,True,True,False,False,False,False,False,False,,CONFIRMED/CONFIRMED,True,,False,False
401909541,2026-11-02T05:00:00+00:00,T0329,T0057,STATUS_SCHEDULED,True,True,False,False,False,False,False,False,,CONFIRMED/CONFIRMED,True,,False,False
401909531,2026-11-02T05:00:00+00:00,T0269,T0146,STATUS_SCHEDULED,True,True,False,False,False,False,False,False,,CONFIRMED/CONFIRMED,True,,False,False
401909522,2026-11-02T05:00:00+00:00,T0126,T0371,STATUS_SCHEDULED,True,True,False,False,False,False,False,False,,CONFIRMED/CONFIRMED,True,,False,False
401909500,2026-11-02T05:00:00+00:00,T0144,T0372,STATUS_SCHEDULED,True,True,False,False,False,False,False,False,,CONFIRMED/CONFIRMED,True,,False,False
401909490,2026-11-02T05:00:00+00:00,T0074,T0064,STATUS_SCHEDULED,True,True,False,False,False,False,False,False,,CONFIRMED/CONFIRMED,True,,False,False
401906863,2026-11-02T05:00:00+00:00,T0115,T0188,STATUS_SCHEDULED,True,True,False,False,False,False,False,False,,CONFIRMED/STALE,True,,False,False
401906801,2026-11-02T05:00:00+00:00,T0093,T0369,STATUS_SCHEDULED,True,True,False,False,False,False,False,False,,CONFIRMED/STALE,True,,False,False
401906791,2026-11-02T05:00:00+00:00,T0158,T0305,STATUS_SCHEDULED,True,True,False,False,False,False,False,False,,CONFIRMED/STALE,True,,False,False
401906779,2026-11-02T05:00:00+00:00,T0034,T0339,STATUS_SCHEDULED,True,True,False,False,False,False,False,False,,CONFIRMED/CONFIRMED,True,,False,False
401906769,2026-11-02T05:00:00+00:00,T0031,T0238,STATUS_SCHEDULED,True,True,False,False,False,False,False,False,,CONFIRMED/CONFIRMED,True,,False,False
401902275,2026-11-02T05:00:00+00:00,T0180,T0149,STATUS_SCHEDULED,True,True,False,False,False,False,False,False,,CONFIRMED/CONFIRMED,True,,False,False
