espn_game_id,listed_tip,time_state,home,away,schedule_source,reconciled_fields,baseline_projection_possible,proster_eligible,roster_status,pre_game_snapshot_available,at_risk,at_risk_reason
401920982,2026-11-01T14:30:00+00:00,ANNOUNCED,T0100,T0045,ESPN_FALLBACK,,True,True,CONFIRMED/CONFIRMED,False,False,
401920409,2026-11-02T04:59:00+00:00,ANNOUNCED,T0226,T0215,ESPN_FALLBACK,,True,True,CONFIRMED/CONFIRMED,False,False,
401906791,2026-11-02T05:00:00+00:00,TBD,T0158,T0305,SDV,,True,True,CONFIRMED/STALE,False,False,
401906801,2026-11-02T05:00:00+00:00,TBD,T0093,T0369,SDV,,True,True,CONFIRMED/STALE,False,False,
401906863,2026-11-02T05:00:00+00:00,TBD,T0115,T0188,SDV,,True,True,CONFIRMED/STALE,False,False,
401909562,2026-11-02T05:00:00+00:00,TBD,T0069,T0159,SDV,,True,True,CONFIRMED/CONFIRMED,False,False,
401909705,2026-11-02T05:00:00+00:00,TBD,T0099,T0273,SDV,,True,True,CONFLICTED/CONFIRMED,False,False,
401909716,2026-11-02T05:00:00+00:00,TBD,T0086,T0373,SDV,,True,True,CONFIRMED/CONFIRMED,False,False,
401909725,2026-11-02T05:00:00+00:00,TBD,T0073,T0236,SDV,,True,True,CONFIRMED/CONFIRMED,False,False,
401909759,2026-11-02T05:00:00+00:00,TBD,T0018,T0351,SDV,,True,True,CONFIRMED/CONFIRMED,False,False,
401909771,2026-11-02T05:00:00+00:00,TBD,T0036,T0106,SDV,,True,True,CONFIRMED/CONFIRMED,False,False,
401909784,2026-11-02T05:00:00+00:00,TBD,T0220,T0208,SDV,,True,True,CONFIRMED/CONFIRMED,False,False,
401910993,2026-11-02T05:00:00+00:00,TBD,T0145,T0165,SDV,,True,True,CONFIRMED/CONFIRMED,False,False,
401910994,2026-11-02T05:00:00+00:00,TBD,T0212,T0087,SDV,,True,True,CONFIRMED/CONFIRMED,False,False,
401910995,2026-11-02T05:00:00+00:00,TBD,T0129,T0179,SDV,"[""notes""]",True,True,CONFIRMED/CONFIRMED,False,False,
401910997,2026-11-02T05:00:00+00:00,TBD,T0138,T0320,SDV,,True,True,UNKNOWN/CONFIRMED,False,False,
401910998,2026-11-02T05:00:00+00:00,TBD,T0150,T0203,SDV,,True,True,CONFIRMED/CONFIRMED,False,False,
401910999,2026-11-02T05:00:00+00:00,TBD,T0172,T0311,SDV,,True,True,CONFIRMED/CONFIRMED,False,False,
401911001,2026-11-02T05:00:00+00:00,TBD,T0312,T0056,SDV,,True,True,CONFIRMED/CONFIRMED,False,False,
401911002,2026-11-02T05:00:00+00:00,TBD,T0119,T0088,SDV,,True,True,CONFIRMED/CONFIRMED,False,False,
401911003,2026-11-02T05:00:00+00:00,TBD,T0004,T0090,SDV,,True,True,CONFIRMED/CONFIRMED,False,False,
401911228,2026-11-02T05:00:00+00:00,TBD,T0229,T0310,SDV,,True,True,CONFIRMED/CONFIRMED,False,False,
401911237,2026-11-02T05:00:00+00:00,TBD,T0120,T0245,SDV,,True,True,CONFIRMED/CONFIRMED,False,False,
401911248,2026-11-02T05:00:00+00:00,TBD,T0063,T0225,SDV,,True,True,CONFIRMED/STALE,False,False,
401911261,2026-11-02T05:00:00+00:00,TBD,T0085,T0330,SDV,,True,True,CONFIRMED/CONFIRMED,False,False,
401911333,2026-11-02T05:00:00+00:00,TBD,T0327,T0164,SDV,,True,True,CONFIRMED/CONFIRMED,False,False,
401911374,2026-11-02T05:00:00+00:00,TBD,T0032,T0187,SDV,,True,True,CONFIRMED/CONFLICTED,False,False,
401911452,2026-11-02T05:00:00+00:00,TBD,T0250,T0274,SDV,,True,True,CONFIRMED/CONFLICTED,False,False,
401911517,2026-11-02T05:00:00+00:00,TBD,T0142,T0355,SDV,,True,True,CONFIRMED/CONFIRMED,False,False,
401912207,2026-11-02T05:00:00+00:00,TBD,T0189,T0022,SDV,,True,True,CONFIRMED/CONFIRMED,False,False,
401913099,2026-11-02T05:00:00+00:00,TBD,T0072,T0321,ESPN_FALLBACK,,True,True,CONFIRMED/CONFIRMED,False,False,
401913525,2026-11-02T05:00:00+00:00,TBD,T0161,T0078,ESPN_FALLBACK,,True,True,CONFIRMED/CONFIRMED,False,False,
401916286,2026-11-02T05:00:00+00:00,TBD,T0043,T0201,ESPN_FALLBACK,,True,True,CONFLICTED/CONFIRMED,False,False,
401916296,2026-11-02T05:00:00+00:00,TBD,T0059,T0178,ESPN_FALLBACK,,True,True,CONFIRMED/CONFIRMED,False,False,
401916303,2026-11-02T05:00:00+00:00,TBD,T0062,T0343,ESPN_FALLBACK,,True,True,CONFIRMED/CONFIRMED,False,False,
401916313,2026-11-02T05:00:00+00:00,TBD,T0116,T0089,ESPN_FALLBACK,,True,True,CONFIRMED/CONFIRMED,False,False,
401917173,2026-11-02T05:00:00+00:00,TBD,T0096,T0182,ESPN_FALLBACK,,True,True,UNKNOWN/CONFIRMED,False,False,
401917506,2026-11-02T05:00:00+00:00,TBD,T0035,T0346,ESPN_FALLBACK,,True,True,CONFIRMED/CONFIRMED,False,False,
401917509,2026-11-02T05:00:00+00:00,TBD,T0280,T0058,ESPN_FALLBACK,,True,True,CONFIRMED/CONFIRMED,False,False,
401918073,2026-11-02T05:00:00+00:00,TBD,T0103,T0030,ESPN_FALLBACK,,True,True,CONFIRMED/CONFIRMED,False,False,
401918947,2026-11-02T05:00:00+00:00,TBD,T0048,T0107,ESPN_FALLBACK,,True,True,CONFIRMED/CONFIRMED,False,False,
401918955,2026-11-02T05:00:00+00:00,TBD,T0071,T0181,ESPN_FALLBACK,,True,True,CONFIRMED/CONFIRMED,False,False,
401918967,2026-11-02T05:00:00+00:00,TBD,T0286,T0291,ESPN_FALLBACK,,True,True,CONFIRMED/CONFIRMED,False,False,
401919039,2026-11-02T05:00:00+00:00,TBD,T0091,T0354,ESPN_FALLBACK,,True,True,CONFIRMED/CONFIRMED,False,False,
401919047,2026-11-02T05:00:00+00:00,TBD,T0301,T0368,ESPN_FALLBACK,,True,True,CONFIRMED/CONFIRMED,False,False,
401919780,2026-11-02T05:00:00+00:00,TBD,T0075,T0370,ESPN_FALLBACK,,True,True,CONFIRMED/CONFIRMED,False,False,
401920231,2026-11-02T05:00:00+00:00,TBD,T0233,T0076,ESPN_FALLBACK,,True,True,CONFIRMED/CONFIRMED,False,False,
401920701,2026-11-02T05:00:00+00:00,TBD,T0283,T0134,ESPN_FALLBACK,,True,True,CONFIRMED/CONFIRMED,False,False,
401920716,2026-11-02T05:00:00+00:00,TBD,T0012,T0154,ESPN_FALLBACK,,True,True,CONFIRMED/CONFIRMED,False,False,
401920732,2026-11-02T05:00:00+00:00,TBD,T0040,T0177,ESPN_FALLBACK,,True,True,CONFIRMED/CONFIRMED,False,False,
401920746,2026-11-02T05:00:00+00:00,TBD,T0052,T0055,ESPN_FALLBACK,,True,True,CONFIRMED/CONFIRMED,False,False,
401920769,2026-11-02T05:00:00+00:00,TBD,T0124,T0190,ESPN_FALLBACK,,True,True,CONFIRMED/CONFLICTED,False,False,
401920893,2026-11-02T05:00:00+00:00,TBD,T0128,T0195,ESPN_FALLBACK,,True,True,CONFIRMED/CONFIRMED,False,False,
401920959,2026-11-02T05:00:00+00:00,TBD,T0049,T0242,ESPN_FALLBACK,,True,True,CONFIRMED/CONFIRMED,False,False,
401921036,2026-11-02T05:00:00+00:00,TBD,T0309,T0219,ESPN_FALLBACK,,True,True,CONFIRMED/CONFIRMED,False,False,
401921060,2026-11-02T05:00:00+00:00,TBD,T0278,T0272,ESPN_FALLBACK,,True,True,CONFIRMED/CONFIRMED,False,False,
401921104,2026-11-02T05:00:00+00:00,TBD,T0108,T0359,ESPN_FALLBACK,,True,True,CONFIRMED/CONFIRMED,False,False,
401921731,2026-11-02T05:00:00+00:00,TBD,T0006,T0200,ESPN_FALLBACK,,True,True,CONFIRMED/CONFIRMED,False,False,
401921753,2026-11-02T05:00:00+00:00,TBD,T0185,T0338,ESPN_FALLBACK,,True,True,CONFIRMED/CONFIRMED,False,False,
401921766,2026-11-02T05:00:00+00:00,TBD,T0130,T0148,ESPN_FALLBACK,,True,True,CONFIRMED/CONFIRMED,False,False,
401922020,2026-11-02T05:00:00+00:00,TBD,T0153,T0143,ESPN_FALLBACK,,True,True,CONFIRMED/CONFIRMED,False,False,
401922029,2026-11-02T05:00:00+00:00,TBD,T0264,T0068,ESPN_FALLBACK,,True,True,CONFLICTED/CONFIRMED,False,False,
401923269,2026-11-02T05:00:00+00:00,TBD,T0348,T0285,ESPN_FALLBACK,,True,True,CONFIRMED/CONFIRMED,False,False,
401924743,2026-11-02T05:00:00+00:00,TBD,T0021,T0025,ESPN_FALLBACK,,True,True,CONFIRMED/CONFIRMED,False,False,
401924856,2026-11-02T05:00:00+00:00,TBD,T0060,T0271,ESPN_FALLBACK,,True,True,CONFIRMED/CONFIRMED,False,False,
401924894,2026-11-02T05:00:00+00:00,TBD,T0082,T0361,ESPN_FALLBACK,,True,True,CONFIRMED/CONFIRMED,False,False,
401925096,2026-11-02T05:00:00+00:00,TBD,T0152,T0162,ESPN_FALLBACK,,True,True,CONFIRMED/CONFIRMED,False,False,
401925683,2026-11-02T05:00:00+00:00,TBD,T0066,T0168,ESPN_FALLBACK,,True,True,CONFIRMED/CONFIRMED,False,False,
401925733,2026-11-02T05:00:00+00:00,TBD,T0061,T0263,ESPN_FALLBACK,,True,True,CONFIRMED/CONFIRMED,False,False,
401925771,2026-11-02T05:00:00+00:00,TBD,T0125,T0192,ESPN_FALLBACK,,True,True,CONFIRMED/CONFIRMED,False,False,
401925811,2026-11-02T05:00:00+00:00,TBD,T0112,T0224,ESPN_FALLBACK,,True,True,CONFIRMED/CONFIRMED,False,False,
401925818,2026-11-02T05:00:00+00:00,TBD,T0133,T0246,ESPN_FALLBACK,,True,True,CONFIRMED/CONFIRMED,False,False,
401925857,2026-11-02T05:00:00+00:00,TBD,T0097,T0184,ESPN_FALLBACK,,True,True,CONFIRMED/STALE,False,False,
401925878,2026-11-02T05:00:00+00:00,TBD,T0017,T0067,ESPN_FALLBACK,,True,True,CONFIRMED/CONFIRMED,False,False,
401925947,2026-11-02T05:00:00+00:00,TBD,T0095,T0318,ESPN_FALLBACK,,True,True,CONFIRMED/CONFIRMED,False,False,
401926771,2026-11-02T05:00:00+00:00,TBD,T0016,T0127,ESPN_FALLBACK,,True,True,CONFLICTED/CONFIRMED,False,False,
401920912,2026-11-02T08:00:00+00:00,ANNOUNCED,T0258,T0331,ESPN_FALLBACK,,True,True,CONFIRMED/CONFIRMED,False,False,
401921422,2026-11-02T11:00:00+00:00,ANNOUNCED,T0357,T0169,ESPN_FALLBACK,,True,True,CONFIRMED/CONFIRMED,False,False,
401921423,2026-11-02T14:00:00+00:00,ANNOUNCED,T0367,T0324,ESPN_FALLBACK,,True,True,CONFIRMED/CONFIRMED,False,False,
401911707,2026-11-02T16:30:00+00:00,ANNOUNCED,T0304,T0046,SDV,"[""notes"", ""venue""]",True,True,CONFIRMED/CONFIRMED,False,False,
401911532,2026-11-02T19:00:00+00:00,ANNOUNCED,T0350,T0307,SDV,"[""notes"", ""teams"", ""venue""]",True,True,CONFIRMED/CONFIRMED,False,False,
401920071,2026-11-02T21:00:00+00:00,ANNOUNCED,T0211,T0235,ESPN_FALLBACK,,True,True,CONFIRMED/CONFIRMED,False,False,
401919014,2026-11-02T22:00:00+00:00,ANNOUNCED,T0234,T0003,ESPN_FALLBACK,,True,True,CONFIRMED/CONFIRMED,False,False,
401906769,2026-11-02T23:00:00+00:00,ANNOUNCED,T0031,T0238,SDV,"[""tip""]",True,True,CONFIRMED/CONFIRMED,False,False,
401924717,2026-11-02T23:00:00+00:00,ANNOUNCED,T0084,T0265,ESPN_FALLBACK,,True,True,CONFIRMED/CONFIRMED,False,False,
401925953,2026-11-02T23:00:00+00:00,ANNOUNCED,T0051,T0053,ESPN_FALLBACK,,True,True,CONFIRMED/CONFIRMED,False,False,
401920679,2026-11-02T23:30:00+00:00,ANNOUNCED,T0294,T0241,ESPN_FALLBACK,,True,True,CONFIRMED/CONFIRMED,False,False,
401921264,2026-11-02T23:30:00+00:00,ANNOUNCED,T0024,T0231,ESPN_FALLBACK,,True,True,CONFIRMED/CONFIRMED,False,False,
401902275,2026-11-03T00:00:00+00:00,ANNOUNCED,T0180,T0149,SDV,"[""tip""]",True,True,CONFIRMED/CONFIRMED,False,False,
401909531,2026-11-03T00:00:00+00:00,ANNOUNCED,T0269,T0146,SDV,"[""tip""]",True,True,CONFIRMED/CONFIRMED,False,False,
401909541,2026-11-03T00:00:00+00:00,ANNOUNCED,T0329,T0057,SDV,"[""tip""]",True,True,CONFIRMED/CONFIRMED,False,False,
401911004,2026-11-03T00:00:00+00:00,ANNOUNCED,T0135,T0174,SDV,"[""tip""]",True,True,CONFIRMED/CONFIRMED,False,False,
401911185,2026-11-03T00:00:00+00:00,ANNOUNCED,T0193,T0337,SDV,"[""tip""]",True,True,CONFIRMED/CONFIRMED,False,False,
401911208,2026-11-03T00:00:00+00:00,ANNOUNCED,T0023,T0244,SDV,"[""tip""]",True,True,CONFIRMED/CONFIRMED,False,False,
401911304,2026-11-03T00:00:00+00:00,ANNOUNCED,T0101,T0077,SDV,,True,True,CONFIRMED/CONFIRMED,False,False,
401918976,2026-11-03T00:00:00+00:00,ANNOUNCED,T0070,T0341,ESPN_FALLBACK,,True,True,CONFIRMED/CONFIRMED,False,False,
401919803,2026-11-03T00:00:00+00:00,ANNOUNCED,T0206,T0334,ESPN_FALLBACK,,True,True,CONFLICTED/STALE,False,False,
401920201,2026-11-03T00:00:00+00:00,ANNOUNCED,T0314,T0171,ESPN_FALLBACK,,True,True,CONFIRMED/STALE,False,False,
401920690,2026-11-03T00:00:00+00:00,ANNOUNCED,T0147,T0123,ESPN_FALLBACK,,True,True,CONFIRMED/CONFIRMED,False,False,
401920842,2026-11-03T00:00:00+00:00,ANNOUNCED,T0340,T0363,ESPN_FALLBACK,,True,True,CONFIRMED/CONFIRMED,False,False,
401921139,2026-11-03T00:00:00+00:00,ANNOUNCED,T0083,T0204,ESPN_FALLBACK,,True,True,CONFIRMED/CONFIRMED,False,False,
401906779,2026-11-03T00:30:00+00:00,ANNOUNCED,T0034,T0339,SDV,"[""tip""]",True,True,CONFIRMED/CONFIRMED,False,False,
401909522,2026-11-03T00:30:00+00:00,ANNOUNCED,T0126,T0371,SDV,"[""tip""]",True,True,CONFIRMED/CONFIRMED,False,False,
401910996,2026-11-03T00:30:00+00:00,ANNOUNCED,T0248,T0186,SDV,"[""tip"", ""venue""]",True,True,CONFIRMED/CONFIRMED,False,False,
401911000,2026-11-03T00:30:00+00:00,ANNOUNCED,T0228,T0222,SDV,"[""teams"", ""tip""]",True,True,CONFIRMED/CONFIRMED,False,False,
401920758,2026-11-03T00:30:00+00:00,ANNOUNCED,T0175,T0365,ESPN_FALLBACK,,True,True,CONFIRMED/CONFLICTED,False,False,
401920886,2026-11-03T00:30:00+00:00,ANNOUNCED,T0284,T0297,ESPN_FALLBACK,,True,True,CONFIRMED/CONFIRMED,False,False,
401921704,2026-11-03T00:30:00+00:00,ANNOUNCED,T0270,T0213,ESPN_FALLBACK,,True,True,CONFIRMED/CONFIRMED,False,False,
401909490,2026-11-03T01:00:00+00:00,ANNOUNCED,T0074,T0064,SDV,"[""tip""]",True,True,CONFIRMED/CONFIRMED,False,False,
401909500,2026-11-03T01:00:00+00:00,ANNOUNCED,T0144,T0372,SDV,"[""tip""]",True,True,CONFIRMED/CONFIRMED,False,False,
401919001,2026-11-03T01:00:00+00:00,ANNOUNCED,T0313,T0302,ESPN_FALLBACK,,True,True,CONFIRMED/CONFIRMED,False,False,
401921424,2026-11-03T01:00:00+00:00,ANNOUNCED,T0176,T0104,ESPN_FALLBACK,,True,True,CONFLICTED/CONFIRMED,False,False,
401909694,2026-11-03T01:30:00+00:00,ANNOUNCED,T0028,T0027,SDV,,True,True,CONFIRMED/CONFIRMED,False,False,
401917913,2026-11-03T01:30:00+00:00,ANNOUNCED,T0335,T0092,ESPN_FALLBACK,,True,True,CONFIRMED/CONFIRMED,False,False,
401911389,2026-11-03T02:00:00+00:00,ANNOUNCED,T0352,T0308,SDV,,True,True,CONFIRMED/CONFIRMED,False,False,
401911390,2026-11-03T02:00:00+00:00,ANNOUNCED,T0019,T0210,SDV,"[""tip"", ""venue""]",True,True,CONFIRMED/CONFIRMED,False,False,
401921697,2026-11-03T02:00:00+00:00,ANNOUNCED,T0118,T0139,ESPN_FALLBACK,,True,True,CONFIRMED/CONFIRMED,False,False,
401909750,2026-11-03T02:30:00+00:00,ANNOUNCED,T0109,T0262,SDV,,True,True,CONFIRMED/CONFIRMED,False,False,
401909738,2026-11-03T03:00:00+00:00,ANNOUNCED,T0007,T0014,SDV,,True,True,CONFIRMED/CONFIRMED,False,False,
401911469,2026-11-03T03:00:00+00:00,ANNOUNCED,T0011,T0306,SDV,,True,True,CONFIRMED/UNKNOWN,False,False,
401917507,2026-11-03T03:00:00+00:00,ANNOUNCED,T0296,T0217,ESPN_FALLBACK,,True,True,CONFIRMED/CONFIRMED,False,False,
401906757,2026-11-03T05:00:00+00:00,TBD,T0155,T0276,SDV,,True,True,STALE/CONFIRMED,False,False,
401906848,2026-11-03T05:00:00+00:00,TBD,T0303,T0326,SDV,,True,True,CONFIRMED/CONFLICTED,False,False,
401909551,2026-11-03T05:00:00+00:00,TBD,T0051,T0317,SDV,,True,True,CONFIRMED/CONFIRMED,False,False,
401909796,2026-11-03T05:00:00+00:00,TBD,T0221,T0288,SDV,,True,True,CONFIRMED/CONFIRMED,False,False,
401920155,2026-11-03T05:00:00+00:00,TBD,T0010,T0209,ESPN_FALLBACK,,True,True,CONFIRMED/STALE,False,False,
401920304,2026-11-03T05:00:00+00:00,TBD,T0033,T0214,ESPN_FALLBACK,,True,True,CONFIRMED/CONFIRMED,False,False,
401920422,2026-11-03T05:00:00+00:00,TBD,T0121,T0198,ESPN_FALLBACK,,True,True,CONFIRMED/CONFIRMED,False,False,
401920702,2026-11-03T05:00:00+00:00,TBD,T0218,T0134,ESPN_FALLBACK,,True,True,CONFIRMED/CONFIRMED,False,False,
401920806,2026-11-03T05:00:00+00:00,TBD,T0111,T0167,ESPN_FALLBACK,,True,True,CONFIRMED/CONFIRMED,False,False,
401921165,2026-11-03T05:00:00+00:00,TBD,T0065,T0151,ESPN_FALLBACK,,True,True,CONFIRMED/CONFIRMED,False,False,
401921801,2026-11-03T05:00:00+00:00,TBD,T0047,T0232,ESPN_FALLBACK,,True,True,CONFIRMED/CONFIRMED,False,False,
401921808,2026-11-03T05:00:00+00:00,TBD,T0050,T0251,ESPN_FALLBACK,,True,True,STALE/CONFIRMED,False,False,
401921819,2026-11-03T05:00:00+00:00,TBD,T0290,T0030,ESPN_FALLBACK,,True,True,CONFIRMED/CONFIRMED,False,False,
401924911,2026-11-03T05:00:00+00:00,TBD,T0249,T0261,ESPN_FALLBACK,,True,True,CONFIRMED/CONFIRMED,False,False,
401925779,2026-11-03T05:00:00+00:00,TBD,T0199,T0332,ESPN_FALLBACK,,True,True,CONFIRMED/CONFIRMED,False,False,
401920061,2026-11-04T00:00:00+00:00,ANNOUNCED,T0102,T0053,ESPN_FALLBACK,,True,True,CONFIRMED/CONFIRMED,False,False,
401920376,2026-11-04T00:00:00+00:00,ANNOUNCED,T0122,T0191,ESPN_FALLBACK,,True,True,CONFIRMED/CONFIRMED,False,False,
401926005,2026-11-04T00:30:00+00:00,ANNOUNCED,T0094,T0354,ESPN_FALLBACK,,True,True,CONFIRMED/CONFIRMED,False,False,
401920343,2026-11-04T03:00:00+00:00,ANNOUNCED,T0356,T0256,ESPN_FALLBACK,,True,True,CONFIRMED/CONFIRMED,False,False,
401917512,2026-11-04T05:00:00+00:00,TBD,T0296,T0254,ESPN_FALLBACK,,True,True,CONFIRMED/CONFIRMED,False,False,
401917513,2026-11-04T05:00:00+00:00,TBD,T0280,T0127,ESPN_FALLBACK,,True,True,CONFIRMED/CONFIRMED,False,False,
401918052,2026-11-04T05:00:00+00:00,TBD,T0013,T0272,ESPN_FALLBACK,,True,True,CONFIRMED/CONFIRMED,False,False,
401920798,2026-11-04T05:00:00+00:00,TBD,T0001,T0282,ESPN_FALLBACK,,True,True,CONFIRMED/CONFIRMED,False,False,
401902276,2026-11-05T00:00:00+00:00,ANNOUNCED,T0180,T0078,SDV,"[""tip""]",True,True,CONFIRMED/CONFIRMED,False,False,
401920191,2026-11-05T00:00:00+00:00,ANNOUNCED,T0295,T0227,ESPN_FALLBACK,,True,True,CONFIRMED/CONFIRMED,False,False,
401920410,2026-11-05T00:00:00+00:00,ANNOUNCED,T0215,T0236,ESPN_FALLBACK,,True,True,CONFIRMED/CONFIRMED,False,False,
401919028,2026-11-05T01:00:00+00:00,ANNOUNCED,T0322,T0260,ESPN_FALLBACK,,True,True,CONFIRMED/STALE,False,False,
401917514,2026-11-05T03:00:00+00:00,ANNOUNCED,T0230,T0367,ESPN_FALLBACK,,True,True,CONFLICTED/CONFIRMED,False,False,
401906770,2026-11-05T05:00:00+00:00,TBD,T0031,T0137,SDV,,True,True,CONFIRMED/STALE,False,False,
401906792,2026-11-05T05:00:00+00:00,TBD,T0158,T0262,SDV,,True,True,CONFIRMED/CONFIRMED,False,False,
401906864,2026-11-05T05:00:00+00:00,TBD,T0115,T0210,SDV,,True,True,CONFIRMED/CONFIRMED,False,False,
401909563,2026-11-05T05:00:00+00:00,TBD,T0069,T0150,SDV,,True,True,CONFIRMED/CONFIRMED,False,False,
401909706,2026-11-05T05:00:00+00:00,TBD,T0099,T0179,SDV,,True,True,CONFLICTED/CONFIRMED,False,False,
401909717,2026-11-05T05:00:00+00:00,TBD,T0086,T0184,SDV,,True,True,CONFIRMED/STALE,False,False,
401909726,2026-11-05T05:00:00+00:00,TBD,T0108,T0073,SDV,,True,True,CONFIRMED/CONFIRMED,False,False,
401909739,2026-11-05T05:00:00+00:00,TBD,T0007,T0008,SDV,,True,True,CONFIRMED/CONFIRMED,False,False,
401911195,2026-11-05T05:00:00+00:00,TBD,T0208,T0366,SDV,,True,True,CONFIRMED/CONFIRMED,False,False,
401911229,2026-11-05T05:00:00+00:00,TBD,T0229,T0372,SDV,,True,True,CONFIRMED/CONFIRMED,False,False,
401913526,2026-11-05T05:00:00+00:00,TBD,T0161,T0098,ESPN_FALLBACK,,True,True,CONFIRMED/CONFIRMED,False,False,
401916287,2026-11-05T05:00:00+00:00,TBD,T0043,T0359,ESPN_FALLBACK,,True,True,CONFLICTED/CONFIRMED,False,False,
401917177,2026-11-05T05:00:00+00:00,TBD,T0096,T0107,ESPN_FALLBACK,,True,True,UNKNOWN/CONFIRMED,False,False,
401918968,2026-11-05T05:00:00+00:00,TBD,T0286,T0316,ESPN_FALLBACK,,True,True,CONFIRMED/CONFIRMED,False,False,
401919002,2026-11-05T05:00:00+00:00,TBD,T0313,T0219,ESPN_FALLBACK,,True,True,CONFIRMED/CONFIRMED,False,False,
401919732,2026-11-05T05:00:00+00:00,TBD,T0354,T0188,ESPN_FALLBACK,,True,True,CONFIRMED/STALE,False,False,
401919823,2026-11-05T05:00:00+00:00,TBD,T0045,T0371,ESPN_FALLBACK,,True,True,CONFIRMED/CONFIRMED,False,False,
401920377,2026-11-05T05:00:00+00:00,TBD,T0122,T0237,ESPN_FALLBACK,,True,True,CONFIRMED/CONFIRMED,False,False,
401920913,2026-11-05T05:00:00+00:00,TBD,T0094,T0258,ESPN_FALLBACK,,True,True,CONFIRMED/CONFIRMED,False,False,
401921133,2026-11-05T05:00:00+00:00,TBD,T0309,T0176,ESPN_FALLBACK,,True,True,CONFIRMED/CONFLICTED,False,False,
401921678,2026-11-05T05:00:00+00:00,TBD,T0232,T0163,ESPN_FALLBACK,,True,True,CONFIRMED/CONFIRMED,False,False,
401921679,2026-11-05T05:00:00+00:00,TBD,T0357,T0353,ESPN_FALLBACK,,True,True,CONFIRMED/CONFIRMED,False,False,
401921680,2026-11-05T05:00:00+00:00,TBD,T0271,T0348,ESPN_FALLBACK,,True,True,CONFIRMED/CONFIRMED,False,False,
401921698,2026-11-05T05:00:00+00:00,TBD,T0118,T0058,ESPN_FALLBACK,,True,True,CONFIRMED/CONFIRMED,False,False,
401921747,2026-11-05T05:00:00+00:00,TBD,T0189,T0325,ESPN_FALLBACK,,True,True,CONFIRMED/CONFIRMED,False,False,
401925031,2026-11-05T05:00:00+00:00,TBD,T0113,T0234,ESPN_FALLBACK,,True,True,CONFIRMED/CONFIRMED,False,False,
401925684,2026-11-05T05:00:00+00:00,TBD,T0168,T0025,ESPN_FALLBACK,,True,True,CONFIRMED/CONFIRMED,False,False,
401925754,2026-11-05T05:00:00+00:00,TBD,T0060,T0311,ESPN_FALLBACK,,True,True,CONFIRMED/CONFIRMED,False,False,
401925819,2026-11-05T05:00:00+00:00,TBD,T0246,T0212,ESPN_FALLBACK,,True,True,CONFIRMED/CONFIRMED,False,False,
401926780,2026-11-05T05:00:00+00:00,TBD,T0004,T0029,ESPN_FALLBACK,,True,True,CONFIRMED/CONFLICTED,False,False,
401919804,2026-11-05T23:30:00+00:00,ANNOUNCED,T0284,T0334,ESPN_FALLBACK,,True,True,CONFIRMED/STALE,False,False,
401911273,2026-11-06T00:00:00+00:00,ANNOUNCED,T0297,T0177,SDV,"[""notes"", ""tip""]",True,True,CONFIRMED/CONFIRMED,False,False,
401920691,2026-11-06T00:00:00+00:00,ANNOUNCED,T0205,T0123,ESPN_FALLBACK,,True,True,CONFIRMED/CONFIRMED,False,False,
401920864,2026-11-06T00:00:00+00:00,ANNOUNCED,T0147,T0337,ESPN_FALLBACK,,True,True,CONFIRMED/CONFIRMED,False,False,
401921084,2026-11-06T00:00:00+00:00,ANNOUNCED,T0233,T0235,ESPN_FALLBACK,,True,True,CONFIRMED/CONFIRMED,False,False,
401921219,2026-11-06T00:00:00+00:00,ANNOUNCED,T0244,T0194,ESPN_FALLBACK,,True,True,CONFIRMED/CONFIRMED,False,False,
401921681,2026-11-06T00:00:00+00:00,ANNOUNCED,T0273,T0077,ESPN_FALLBACK,,True,True,CONFIRMED/CONFIRMED,False,False,
401921682,2026-11-06T00:00:00+00:00,ANNOUNCED,T0275,T0146,ESPN_FALLBACK,,True,True,CONFIRMED/CONFIRMED,False,False,
401924718,2026-11-06T00:00:00+00:00,ANNOUNCED,T0225,T0084,ESPN_FALLBACK,,True,True,STALE/CONFIRMED,False,False,
401924733,2026-11-06T00:00:00+00:00,ANNOUNCED,T0079,T0216,ESPN_FALLBACK,,True,True,CONFIRMED/CONFIRMED,False,False,
401925954,2026-11-06T00:00:00+00:00,ANNOUNCED,T0054,T0051,ESPN_FALLBACK,,True,True,CONFIRMED/CONFIRMED,False,False,
401909491,2026-11-06T01:00:00+00:00,ANNOUNCED,T0074,T0370,SDV,"[""tip""]",True,True,CONFIRMED/CONFIRMED,False,False,
401921094,2026-11-06T01:00:00+00:00,ANNOUNCED,T0110,T0369,ESPN_FALLBACK,,True,True,CONFIRMED/STALE,False,False,
401909501,2026-11-06T01:30:00+00:00,ANNOUNCED,T0144,T0032,SDV,"[""tip""]",True,True,CONFIRMED/CONFIRMED,False,False,
401906758,2026-11-06T05:00:00+00:00,TBD,T0155,T0172,SDV,,True,True,STALE/CONFIRMED,False,False,
401906780,2026-11-06T05:00:00+00:00,TBD,T0034,T0340,SDV,,True,True,CONFIRMED/CONFIRMED,False,False,
401906802,2026-11-06T05:00:00+00:00,TBD,T0093,T0240,SDV,,True,True,CONFIRMED/CONFIRMED,False,False,
401909552,2026-11-06T05:00:00+00:00,TBD,T0051,T0056,SDV,,True,True,CONFIRMED/CONFIRMED,False,False,
401909695,2026-11-06T05:00:00+00:00,TBD,T0028,T0312,SDV,,True,True,CONFIRMED/CONFIRMED,False,False,
401909772,2026-11-06T05:00:00+00:00,TBD,T0036,T0289,SDV,,True,True,CONFIRMED/CONFIRMED,False,False,
401909785,2026-11-06T05:00:00+00:00,TBD,T0220,T0239,SDV,,True,True,CONFIRMED/CONFIRMED,False,False,
401911005,2026-11-06T05:00:00+00:00,TBD,T0174,T0133,SDV,,True,True,CONFIRMED/CONFIRMED,False,False,
401911249,2026-11-06T05:00:00+00:00,TBD,T0063,T0065,SDV,"[""venue""]",True,True,CONFIRMED/CONFIRMED,False,False,
401912208,2026-11-06T05:00:00+00:00,TBD,T0103,T0022,SDV,,True,True,CONFIRMED/CONFIRMED,False,False,
401913100,2026-11-06T05:00:00+00:00,TBD,T0072,T0326,ESPN_FALLBACK,,True,True,CONFIRMED/CONFLICTED,False,False,
401916304,2026-11-06T05:00:00+00:00,TBD,T0062,T0363,ESPN_FALLBACK,,True,True,CONFIRMED/CONFIRMED,False,False,
401916314,2026-11-06T05:00:00+00:00,TBD,T0089,T0330,ESPN_FALLBACK,,True,True,CONFIRMED/CONFIRMED,False,False,
401917515,2026-11-06T05:00:00+00:00,TBD,T0141,T0360,ESPN_FALLBACK,,True,True,CONFIRMED/CONFIRMED,False,False,
401917914,2026-11-06T05:00:00+00:00,TBD,T0066,T0335,ESPN_FALLBACK,,True,True,CONFIRMED/CONFIRMED,False,False,
401917949,2026-11-06T05:00:00+00:00,TBD,T0156,T0173,ESPN_FALLBACK,,True,True,CONFIRMED/CONFIRMED,False,False,
401918956,2026-11-06T05:00:00+00:00,TBD,T0071,T0200,ESPN_FALLBACK,,True,True,CONFIRMED/CONFIRMED,False,False,
401919015,2026-11-06T05:00:00+00:00,TBD,T0003,T0252,ESPN_FALLBACK,,True,True,CONFIRMED/CONFIRMED,False,False,
401919040,2026-11-06T05:00:00+00:00,TBD,T0091,T0367,ESPN_FALLBACK,,True,True,CONFIRMED/CONFIRMED,False,False,
401919048,2026-11-06T05:00:00+00:00,TBD,T0301,T0291,ESPN_FALLBACK,,True,True,CONFIRMED/CONFIRMED,False,False,
401920305,2026-11-06T05:00:00+00:00,TBD,T0033,T0135,ESPN_FALLBACK,,True,True,CONFIRMED/CONFIRMED,False,False,
401920344,2026-11-06T05:00:00+00:00,TBD,T0095,T0356,ESPN_FALLBACK,,True,True,CONFIRMED/CONFIRMED,False,False,
401920423,2026-11-06T05:00:00+00:00,TBD,T0121,T0055,ESPN_FALLBACK,,True,True,CONFIRMED/CONFIRMED,False,False,
401920717,2026-11-06T05:00:00+00:00,TBD,T0264,T0154,ESPN_FALLBACK,,True,True,CONFLICTED/CONFIRMED,False,False,
401920726,2026-11-06T05:00:00+00:00,TBD,T0218,T0201,ESPN_FALLBACK,,True,True,CONFIRMED/CONFIRMED,False,False,
401920733,2026-11-06T05:00:00+00:00,TBD,T0040,T0299,ESPN_FALLBACK,,True,True,CONFIRMED/CONFIRMED,False,False,
401920807,2026-11-06T05:00:00+00:00,TBD,T0111,T0350,ESPN_FALLBACK,,True,True,CONFIRMED/CONFIRMED,False,False,
401920894,2026-11-06T05:00:00+00:00,TBD,T0128,T0026,ESPN_FALLBACK,,True,True,CONFIRMED/CONFIRMED,False,False,
401920952,2026-11-06T05:00:00+00:00,TBD,T0064,T0041,ESPN_FALLBACK,,True,True,CONFIRMED/CONFIRMED,False,False,
401921061,2026-11-06T05:00:00+00:00,TBD,T0278,T0254,ESPN_FALLBACK,,True,True,CONFIRMED/CONFIRMED,False,False,
401921140,2026-11-06T05:00:00+00:00,TBD,T0204,T0247,ESPN_FALLBACK,,True,True,CONFIRMED/CONFIRMED,False,False,
401921719,2026-11-06T05:00:00+00:00,TBD,T0238,T0317,ESPN_FALLBACK,,True,True,CONFIRMED/CONFIRMED,False,False,
401921727,2026-11-06T05:00:00+00:00,TBD,T0012,T0263,ESPN_FALLBACK,,True,True,CONFIRMED/CONFIRMED,False,False,
401921732,2026-11-06T05:00:00+00:00,TBD,T0006,T0257,ESPN_FALLBACK,,True,True,CONFIRMED/CONFIRMED,False,False,
401921739,2026-11-06T05:00:00+00:00,TBD,T0116,T0349,ESPN_FALLBACK,,True,True,CONFIRMED/STALE,False,False,
401921754,2026-11-06T05:00:00+00:00,TBD,T0185,T0021,ESPN_FALLBACK,,True,True,CONFIRMED/CONFIRMED,False,False,
401921767,2026-11-06T05:00:00+00:00,TBD,T0130,T0030,ESPN_FALLBACK,,True,True,CONFIRMED/CONFIRMED,False,False,
401921802,2026-11-06T05:00:00+00:00,TBD,T0047,T0119,ESPN_FALLBACK,,True,True,CONFIRMED/CONFIRMED,False,False,
401921809,2026-11-06T05:00:00+00:00,TBD,T0050,T0308,ESPN_FALLBACK,,True,True,STALE/CONFIRMED,False,False,
401922021,2026-11-06T05:00:00+00:00,TBD,T0328,T0143,ESPN_FALLBACK,,True,True,CONFIRMED/CONFIRMED,False,False,
401922219,2026-11-06T05:00:00+00:00,TBD,T0014,T0256,ESPN_FALLBACK,,True,True,CONFIRMED/CONFIRMED,False,False,
401922248,2026-11-06T05:00:00+00:00,TBD,T0207,T0374,ESPN_FALLBACK,,True,True,CONFIRMED/CONFIRMED,False,False,
401922261,2026-11-06T05:00:00+00:00,TBD,T0017,T0038,ESPN_FALLBACK,,True,True,CONFIRMED/CONFIRMED,False,False,
401926131,2026-11-06T05:00:00+00:00,TBD,T0270,T0315,ESPN_FALLBACK,,True,True,CONFIRMED/CONFIRMED,False,False,
401926135,2026-11-06T05:00:00+00:00,TBD,T0080,T0373,ESPN_FALLBACK,,True,True,CONFIRMED/CONFIRMED,False,False,
401909751,2026-11-06T22:00:00+00:00,ANNOUNCED,T0109,T0170,SDV,,True,True,CONFIRMED/CONFLICTED,False,False,
401923260,2026-11-06T23:00:00+00:00,ANNOUNCED,T0327,T0206,ESPN_FALLBACK,,True,True,CONFIRMED/CONFLICTED,False,False,
401922059,2026-11-06T23:30:00+00:00,ANNOUNCED,T0341,T0287,ESPN_FALLBACK,,True,True,CONFIRMED/CONFIRMED,False,False,
401909542,2026-11-07T00:00:00+00:00,ANNOUNCED,T0329,T0203,SDV,"[""tip""]",True,True,CONFIRMED/CONFIRMED,False,False,
401911305,2026-11-07T00:00:00+00:00,ANNOUNCED,T0101,T0052,SDV,,True,True,CONFIRMED/CONFIRMED,False,False,
401920072,2026-11-07T00:00:00+00:00,ANNOUNCED,T0211,T0191,ESPN_FALLBACK,,True,True,CONFIRMED/CONFIRMED,False,False,
401920920,2026-11-07T00:00:00+00:00,ANNOUNCED,T0057,T0231,ESPN_FALLBACK,,True,True,CONFIRMED/CONFIRMED,False,False,
401921285,2026-11-07T00:00:00+00:00,ANNOUNCED,T0100,T0053,ESPN_FALLBACK,,True,True,CONFIRMED/CONFIRMED,False,False,
401909523,2026-11-07T01:00:00+00:00,ANNOUNCED,T0126,T0196,SDV,"[""tip""]",True,True,CONFIRMED/CONFIRMED,False,False,
401909797,2026-11-07T01:00:00+00:00,ANNOUNCED,T0221,T0260,SDV,"[""tip""]",True,True,CONFIRMED/STALE,False,False,
401920685,2026-11-07T01:00:00+00:00,ANNOUNCED,T0019,T0061,ESPN_FALLBACK,,True,True,CONFIRMED/CONFIRMED,False,False,
401925097,2026-11-07T01:00:00+00:00,ANNOUNCED,T0145,T0162,ESPN_FALLBACK,,True,True,CONFIRMED/CONFIRMED,False,False,
401909760,2026-11-07T05:00:00+00:00,TBD,T0010,T0018,SDV,,True,True,CONFIRMED/CONFIRMED,False,False,
401911007,2026-11-07T05:00:00+00:00,TBD,T0088,T0359,SDV,,True,True,CONFIRMED/CONFIRMED,False,False,
401911470,2026-11-07T05:00:00+00:00,TBD,T0140,T0011,SDV,,True,True,CONFIRMED/CONFIRMED,False,False,
401917517,2026-11-07T05:00:00+00:00,TBD,T0346,T0267,ESPN_FALLBACK,,True,True,CONFIRMED/CONFIRMED,False,False,
401917518,2026-11-07T05:00:00+00:00,TBD,T0039,T0132,ESPN_FALLBACK,,True,True,CONFLICTED/CONFIRMED,False,False,
401917519,2026-11-07T05:00:00+00:00,TBD,T0280,T0009,ESPN_FALLBACK,,True,True,CONFIRMED/CONFIRMED,False,False,
401917962,2026-11-07T05:00:00+00:00,TBD,T0351,T0223,ESPN_FALLBACK,,True,True,CONFIRMED/CONFIRMED,False,False,
401918948,2026-11-07T05:00:00+00:00,TBD,T0048,T0242,ESPN_FALLBACK,,True,True,CONFIRMED/CONFIRMED,False,False,
401918986,2026-11-07T05:00:00+00:00,TBD,T0106,T0314,ESPN_FALLBACK,,True,True,CONFIRMED/CONFIRMED,False,False,
401919805,2026-11-07T05:00:00+00:00,TBD,T0224,T0334,ESPN_FALLBACK,,True,True,CONFIRMED/STALE,False,False,
401920062,2026-11-07T05:00:00+00:00,TBD,T0102,T0241,ESPN_FALLBACK,,True,True,CONFIRMED/CONFIRMED,False,False,
401920770,2026-11-07T05:00:00+00:00,TBD,T0198,T0190,ESPN_FALLBACK,,True,True,CONFIRMED/CONFLICTED,False,False,
401920816,2026-11-07T05:00:00+00:00,TBD,T0171,T0282,ESPN_FALLBACK,,True,True,STALE/CONFIRMED,False,False,
401920856,2026-11-07T05:00:00+00:00,TBD,T0129,T0311,ESPN_FALLBACK,,True,True,CONFIRMED/CONFIRMED,False,False,
401921154,2026-11-07T05:00:00+00:00,TBD,T0090,T0253,ESPN_FALLBACK,,True,True,CONFIRMED/CONFIRMED,False,False,
401924895,2026-11-07T05:00:00+00:00,TBD,T0082,T0261,ESPN_FALLBACK,,True,True,CONFIRMED/CONFIRMED,False,False,
401924912,2026-11-07T05:00:00+00:00,TBD,T0249,T0277,ESPN_FALLBACK,,True,True,CONFIRMED/CONFIRMED,False,False,
401924940,2026-11-07T05:00:00+00:00,TBD,T0178,T0138,ESPN_FALLBACK,,True,True,CONFIRMED/UNKNOWN,False,False,
401924951,2026-11-07T05:00:00+00:00,TBD,T0345,T0319,ESPN_FALLBACK,,True,True,CONFIRMED/UNKNOWN,False,False,
401925077,2026-11-07T05:00:00+00:00,TBD,T0046,T0262,ESPN_FALLBACK,,True,True,CONFIRMED/CONFIRMED,False,False,
401926112,2026-11-07T05:00:00+00:00,TBD,T0104,T0259,ESPN_FALLBACK,,True,True,CONFIRMED/CONFIRMED,False,False,
401926201,2026-11-07T05:00:00+00:00,TBD,T0306,T0316,ESPN_FALLBACK,,True,True,UNKNOWN/CONFIRMED,False,False,
401925707,2026-11-07T17:00:00+00:00,ANNOUNCED,T0324,T0343,ESPN_FALLBACK,,True,True,CONFIRMED/CONFIRMED,False,False,
401918977,2026-11-07T19:00:00+00:00,ANNOUNCED,T0070,T0160,ESPN_FALLBACK,,True,True,CONFIRMED/CONFIRMED,False,False,
401922044,2026-11-07T20:00:00+00:00,ANNOUNCED,T0227,T0339,ESPN_FALLBACK,,True,True,CONFIRMED/CONFIRMED,False,False,
401924264,2026-11-07T20:00:00+00:00,ANNOUNCED,T0067,T0139,ESPN_FALLBACK,,True,True,CONFIRMED/CONFIRMED,False,False,
401920156,2026-11-07T21:00:00+00:00,ANNOUNCED,T0344,T0209,ESPN_FALLBACK,,True,True,CONFIRMED/STALE,False,False,
401920192,2026-11-07T21:00:00+00:00,ANNOUNCED,T0295,T0149,ESPN_FALLBACK,,True,True,CONFIRMED/CONFIRMED,False,False,
401928352,2026-11-07T21:00:00+00:00,ANNOUNCED,T0279,T0263,ESPN_FALLBACK,,True,True,CONFIRMED/CONFIRMED,False,False,
401920411,2026-11-07T22:00:00+00:00,ANNOUNCED,T0215,T0125,ESPN_FALLBACK,,True,True,CONFIRMED/CONFIRMED,False,False,
401920703,2026-11-07T22:00:00+00:00,ANNOUNCED,T0134,T0347,ESPN_FALLBACK,,True,True,CONFIRMED/CONFLICTED,False,False,
401921174,2026-11-07T22:00:00+00:00,ANNOUNCED,T0044,T0302,ESPN_FALLBACK,,True,True,CONFIRMED/CONFIRMED,False,False,
401922291,2026-11-07T22:30:00+00:00,ANNOUNCED,T0245,T0321,ESPN_FALLBACK,,True,True,CONFIRMED/CONFIRMED,False,False,
401925106,2026-11-07T22:30:00+00:00,ANNOUNCED,T0136,T0268,ESPN_FALLBACK,,True,True,CONFIRMED/LIKELY,False,False,
401926825,2026-11-07T23:00:00+00:00,ANNOUNCED,T0023,T0214,ESPN_FALLBACK,,True,True,CONFIRMED/CONFIRMED,False,False,
401924843,2026-11-07T23:30:00+00:00,ANNOUNCED,T0148,T0243,ESPN_FALLBACK,,True,True,CONFIRMED/CONFIRMED,False,False,
401909532,2026-11-08T00:00:00+00:00,ANNOUNCED,T0269,T0075,SDV,"[""notes"", ""tip"", ""tournament_id""]",True,True,CONFIRMED/CONFIRMED,False,False,
401911186,2026-11-08T00:00:00+00:00,ANNOUNCED,T0193,T0258,SDV,"[""tip""]",True,True,CONFIRMED/CONFIRMED,False,False,
401911262,2026-11-08T00:00:00+00:00,ANNOUNCED,T0182,T0085,SDV,"[""tip""]",True,True,CONFIRMED/CONFIRMED,False,False,
401925772,2026-11-08T00:00:00+00:00,ANNOUNCED,T0192,T0237,ESPN_FALLBACK,,True,True,CONFIRMED/CONFIRMED,False,False,
401909513,2026-11-08T00:30:00+00:00,ANNOUNCED,T0024,T0059,SDV,"[""tip""]",True,True,CONFIRMED/CONFIRMED,False,False,
401926227,2026-11-08T00:30:00+00:00,ANNOUNCED,T0015,T0195,ESPN_FALLBACK,,True,True,CONFIRMED/CONFIRMED,False,False,
401911345,2026-11-08T01:00:00+00:00,ANNOUNCED,T0352,T0176,SDV,,True,True,CONFIRMED/CONFLICTED,False,False,
401923392,2026-11-08T01:00:00+00:00,ANNOUNCED,T0157,T0365,ESPN_FALLBACK,,True,True,CONFIRMED/CONFLICTED,False,False,
401920435,2026-11-08T02:00:00+00:00,ANNOUNCED,T0318,T0333,ESPN_FALLBACK,,True,True,CONFIRMED/CONFIRMED,False,False,
401920371,2026-11-08T03:00:00+00:00,ANNOUNCED,T0358,T0131,ESPN_FALLBACK,,True,True,CONFIRMED/CONFIRMED,False,False,
401902277,2026-11-08T05:00:00+00:00,TBD,T0037,T0180,SDV,,True,True,CONFIRMED/CONFIRMED,False,False,
401909707,2026-11-08T05:00:00+00:00,TBD,T0099,T0096,SDV,,True,True,CONFLICTED/UNKNOWN,False,False,
401911238,2026-11-08T05:00:00+00:00,TBD,T0097,T0120,SDV,"[""venue""]",True,True,CONFIRMED/CONFIRMED,False,False,
401911453,2026-11-08T05:00:00+00:00,TBD,T0250,T0296,SDV,"[""venue""]",True,True,CONFIRMED/CONFIRMED,False,False,
401918053,2026-11-08T05:00:00+00:00,TBD,T0013,T0112,ESPN_FALLBACK,,True,True,CONFIRMED/CONFIRMED,False,False,
401919029,2026-11-08T05:00:00+00:00,TBD,T0322,T0016,ESPN_FALLBACK,,True,True,CONFIRMED/CONFLICTED,False,False,
401920739,2026-11-08T05:00:00+00:00,TBD,T0320,T0181,ESPN_FALLBACK,,True,True,CONFIRMED/CONFIRMED,False,False,
401920865,2026-11-08T05:00:00+00:00,TBD,T0337,T0297,ESPN_FALLBACK,,True,True,CONFIRMED/CONFIRMED,False,False,
401921683,2026-11-08T05:00:00+00:00,TBD,T0348,T0205,ESPN_FALLBACK,,True,True,CONFIRMED/CONFIRMED,False,False,
401921685,2026-11-08T05:00:00+00:00,TBD,T0077,T0275,ESPN_FALLBACK,,True,True,CONFIRMED/CONFIRMED,False,False,
401921686,2026-11-08T05:00:00+00:00,TBD,T0163,T0357,ESPN_FALLBACK,,True,True,CONFIRMED/CONFIRMED,False,False,
401921820,2026-11-08T05:00:00+00:00,TBD,T0290,T0283,ESPN_FALLBACK,,True,True,CONFIRMED/CONFIRMED,False,False,
401925894,2026-11-08T05:00:00+00:00,TBD,T0323,T0255,ESPN_FALLBACK,,True,True,CONFIRMED/CONFIRMED,False,False,
401927362,2026-11-08T05:00:00+00:00,TBD,T0197,T0291,ESPN_FALLBACK,,True,True,CONFIRMED/CONFIRMED,False,False,
401924646,2026-11-08T17:00:00+00:00,ANNOUNCED,T0294,T0147,ESPN_FALLBACK,,True,True,CONFIRMED/CONFIRMED,False,False,
401920424,2026-11-08T18:00:00+00:00,ANNOUNCED,T0121,T0005,ESPN_FALLBACK,,True,True,CONFIRMED/CONFIRMED,False,False,
401921687,2026-11-08T18:00:00+00:00,ANNOUNCED,T0353,T0233,ESPN_FALLBACK,,True,True,CONFIRMED/CONFIRMED,False,False,
401924734,2026-11-08T18:00:00+00:00,ANNOUNCED,T0285,T0079,ESPN_FALLBACK,,True,True,CONFIRMED/CONFIRMED,False,False,
401911306,2026-11-08T19:00:00+00:00,ANNOUNCED,T0225,T0101,SDV,"[""tip""]",True,True,STALE/CONFIRMED,False,False,
401920233,2026-11-08T19:00:00+00:00,ANNOUNCED,T0076,T0184,ESPN_FALLBACK,,True,True,CONFIRMED/STALE,False,False,
401920692,2026-11-08T19:00:00+00:00,ANNOUNCED,T0123,T0271,ESPN_FALLBACK,,True,True,CONFIRMED/CONFIRMED,False,False,
401920843,2026-11-08T19:00:00+00:00,ANNOUNCED,T0363,T0325,ESPN_FALLBACK,,True,True,CONFIRMED/CONFIRMED,False,False,
401921684,2026-11-08T19:00:00+00:00,ANNOUNCED,T0146,T0232,ESPN_FALLBACK,,True,True,CONFIRMED/CONFIRMED,False,False,
401911335,2026-11-08T20:00:00+00:00,ANNOUNCED,T0164,T0143,SDV,,True,True,CONFIRMED/CONFIRMED,False,False,
401926215,2026-11-08T20:00:00+00:00,ANNOUNCED,T0305,T0049,ESPN_FALLBACK,,True,True,STALE/CONFIRMED,False,False,
401911274,2026-11-08T21:00:00+00:00,ANNOUNCED,T0177,T0273,SDV,"[""notes""]",True,True,CONFIRMED/CONFIRMED,False,False,
401920134,2026-11-08T23:00:00+00:00,ANNOUNCED,T0342,T0254,ESPN_FALLBACK,,True,True,CONFLICTED/CONFIRMED,False,False,
401906759,2026-11-09T05:00:00+00:00,TBD,T0155,T0263,SDV,,True,True,STALE/CONFIRMED,False,False,
401906781,2026-11-09T05:00:00+00:00,TBD,T0034,T0338,SDV,,True,True,CONFIRMED/CONFIRMED,False,False,
401906793,2026-11-09T05:00:00+00:00,TBD,T0158,T0219,SDV,,True,True,CONFIRMED/CONFIRMED,False,False,
401906803,2026-11-09T05:00:00+00:00,TBD,T0093,T0355,SDV,,True,True,CONFIRMED/CONFIRMED,False,False,
401906849,2026-11-09T05:00:00+00:00,TBD,T0303,T0272,SDV,,True,True,CONFIRMED/CONFIRMED,False,False,
401906865,2026-11-09T05:00:00+00:00,TBD,T0115,T0331,SDV,,True,True,CONFIRMED/CONFIRMED,False,False,
401909718,2026-11-09T05:00:00+00:00,TBD,T0043,T0086,SDV,"[""notes""]",True,True,CONFLICTED/CONFIRMED,False,False,
401911010,2026-11-09T05:00:00+00:00,TBD,T0087,T0151,SDV,,True,True,CONFIRMED/CONFIRMED,False,False,
401916305,2026-11-09T05:00:00+00:00,TBD,T0189,T0062,ESPN_FALLBACK,,True,True,CONFIRMED/CONFIRMED,False,False,
401916315,2026-11-09T05:00:00+00:00,TBD,T0089,T0129,ESPN_FALLBACK,,True,True,CONFIRMED/CONFIRMED,False,False,
401917978,2026-11-09T05:00:00+00:00,TBD,T0111,T0248,ESPN_FALLBACK,,True,True,CONFIRMED/CONFIRMED,False,False,
401918074,2026-11-09T05:00:00+00:00,TBD,T0103,T0343,ESPN_FALLBACK,,True,True,CONFIRMED/CONFIRMED,False,False,
401918451,2026-11-09T05:00:00+00:00,TBD,T0323,T0255,ESPN_FALLBACK,,True,True,CONFIRMED/CONFIRMED,False,False,
401919016,2026-11-09T05:00:00+00:00,TBD,T0003,T0027,ESPN_FALLBACK,,True,True,CONFIRMED/CONFIRMED,False,False,
401919733,2026-11-09T05:00:00+00:00,TBD,T0188,T0287,ESPN_FALLBACK,,True,True,STALE/CONFIRMED,False,False,
401919806,2026-11-09T05:00:00+00:00,TBD,T0058,T0334,ESPN_FALLBACK,,True,True,CONFIRMED/STALE,False,False,
401919846,2026-11-09T05:00:00+00:00,TBD,T0083,T0366,ESPN_FALLBACK,,True,True,CONFIRMED/CONFIRMED,False,False,
401920718,2026-11-09T05:00:00+00:00,TBD,T0095,T0154,ESPN_FALLBACK,,True,True,CONFIRMED/CONFIRMED,False,False,
401920734,2026-11-09T05:00:00+00:00,TBD,T0040,T0052,ESPN_FALLBACK,,True,True,CONFIRMED/CONFIRMED,False,False,
401920799,2026-11-09T05:00:00+00:00,TBD,T0001,T0169,ESPN_FALLBACK,,True,True,CONFIRMED/CONFIRMED,False,False,
401920877,2026-11-09T05:00:00+00:00,TBD,T0137,T0064,ESPN_FALLBACK,,True,True,STALE/CONFIRMED,False,False,
401920887,2026-11-09T05:00:00+00:00,TBD,T0284,T0246,ESPN_FALLBACK,,True,True,CONFIRMED/CONFIRMED,False,False,
401921095,2026-11-09T05:00:00+00:00,TBD,T0012,T0110,ESPN_FALLBACK,,True,True,CONFIRMED/CONFIRMED,False,False,
401921720,2026-11-09T05:00:00+00:00,TBD,T0238,T0256,ESPN_FALLBACK,,True,True,CONFIRMED/CONFIRMED,False,False,
401921810,2026-11-09T05:00:00+00:00,TBD,T0050,T0228,ESPN_FALLBACK,,True,True,STALE/CONFIRMED,False,False,
401921815,2026-11-09T05:00:00+00:00,TBD,T0065,T0347,ESPN_FALLBACK,,True,True,CONFIRMED/CONFLICTED,False,False,
401922060,2026-11-09T05:00:00+00:00,TBD,T0150,T0341,ESPN_FALLBACK,,True,True,CONFIRMED/CONFIRMED,False,False,
401925681,2026-11-09T05:00:00+00:00,TBD,T0045,T0201,ESPN_FALLBACK,,True,True,CONFIRMED/CONFIRMED,False,False,
401925737,2026-11-09T05:00:00+00:00,TBD,T0124,T0240,ESPN_FALLBACK,,True,True,CONFIRMED/CONFIRMED,False,False,
401926132,2026-11-09T05:00:00+00:00,TBD,T0270,T0217,ESPN_FALLBACK,,True,True,CONFIRMED/CONFIRMED,False,False,
401926181,2026-11-09T05:00:00+00:00,TBD,T0042,T0247,ESPN_FALLBACK,,True,True,CONFIRMED/CONFIRMED,False,False,
401921180,2026-11-09T23:00:00+00:00,ANNOUNCED,T0098,T0025,ESPN_FALLBACK,,True,True,CONFIRMED/CONFIRMED,False,False,
401920686,2026-11-10T00:00:00+00:00,ANNOUNCED,T0019,T0317,ESPN_FALLBACK,,True,True,CONFIRMED/CONFIRMED,False,False,
401909502,2026-11-10T02:00:00+00:00,ANNOUNCED,T0144,T0166,SDV,"[""tip""]",True,True,CONFIRMED/CONFIRMED,False,False,
