season,n,B15_rmse,B15_logloss,B15_total_rmse,B20_rmse,B20_logloss,B20_total_rmse,B21_rmse,B21_logloss,B21_total_rmse,B22_rmse,B22_logloss,B22_total_rmse,B23_rmse,B23_logloss,B23_total_rmse,B24_rmse,B24_logloss,B24_total_rmse,B25_rmse,B25_logloss,B25_total_rmse
2015,5499,10.681799129808809,0.5177062475293104,16.741013805397483,10.653024912642316,0.5158472788941776,16.72655491681265,10.650388073154806,0.5157775087295685,16.747209754361055,10.640708577213879,0.5154699864349948,16.721104187924453,10.647953233329133,0.5155588183682733,16.723233932540317,10.647193182255403,0.5154458170512979,16.743746614847538,10.641182936429345,0.5150916029781638,16.740116891116333
2016,5469,10.898955047763774,0.5161057202059315,17.37215564146848,10.88425539708499,0.515952809118458,17.332481939544692,10.88497800238446,0.5158601982991582,17.327676166149153,10.875727241627407,0.5153071643482547,17.321987903872273,10.877535422558609,0.5157912015676533,17.333085444621574,10.879690922847393,0.5158776992807136,17.304279859811913,10.871770110895367,0.5156840628970362,17.30341077323696
2017,5521,11.100977428337455,0.5185921816666423,17.058935795862457,11.097197152578671,0.5185638084988662,17.024889249867464,11.093195446292953,0.5184586956803041,17.014384741160946,11.090690046415062,0.5179736481089781,17.018723985715773,11.094723965786837,0.5187035190260245,17.021114315550296,11.080130733047788,0.5173735153232859,17.01683363026971,11.077421352612761,0.5174908457771838,17.013357658547978
2018,5540,11.227565049093862,0.516559053930594,17.277630938414998,11.214908306178407,0.516460394888241,17.258136874310292,11.217119576740663,0.5167204739830158,17.253187258389012,11.209270009307875,0.5163767539959683,17.255092707522,11.20789209218535,0.5160244492172925,17.252848145651186,11.211590855096492,0.5164878748941287,17.25360788285613,11.204638088719099,0.516048294360185,17.247255162941535
2019,5603,11.251200442410704,0.5202315922274751,17.10685398624809,11.240206863206705,0.5196859226184745,17.0932299114417,11.239645157600224,0.5196535302605432,17.10371338313416,11.23245298176666,0.5185584136349464,17.123545834570088,11.240825698807045,0.5198862240290176,17.081668934734086,11.222602282968165,0.5179706976754885,17.12651641904304,11.222661217478306,0.5181355177987935,17.112702299875792
2020,5328,11.311930846789561,0.5268643118775919,16.689989090782166,11.290661530242037,0.5255074779359624,16.68432193259552,11.288601064181227,0.5254236800093858,16.665547647459817,11.291077157201299,0.5257957114731634,16.685528971101906,11.28881311958808,0.5252955153914753,16.67610040019394,11.285561628813236,0.5256034505464765,16.65560926849233,11.284701397807817,0.5254223897652152,16.64642084173948
2021,3868,11.81745448171871,0.5450309396247184,16.781280505287086,11.796757545945255,0.5441994435570084,16.7296897015804,11.801668043859712,0.544727548734098,16.714128973900035,11.79744290144629,0.5440902479534722,16.734678289078136,11.791847448141713,0.5440561690252805,16.73353103191289,11.795076055980484,0.5444103693145403,16.696555639625068,11.789003066500388,0.544221742955525,16.700260737243116
2022,5503,11.196634919831846,0.5231760350368141,17.635536221261113,11.187852333534568,0.5233362210592166,17.61070427287925,11.181222286770781,0.5229609319661827,17.600731513596468,11.186843277179062,0.5235923656882435,17.605149662528795,11.18602942211792,0.5232032667564434,17.622983883053347,11.165002282614736,0.5229497751495221,17.606319014594693,11.162759927726855,0.5227816053773024,17.615915791105298
2023,5721,11.235765085594437,0.5393938736778395,17.058534669347377,11.209508431794049,0.5378506699553017,17.05124421092852,11.199401616695992,0.5372380695786672,17.050333057835036,11.199573692305313,0.5373975561763863,17.034939316389885,11.208168527480357,0.5379885380815652,17.05607711292738,11.182385492662478,0.5366179145385688,17.018277324331923,11.180677603394729,0.5367468221929829,17.02068829877712
2024,5726,11.275932273317748,0.5350862899222847,16.56311015770819,11.265533286533714,0.5344375928712097,16.536514484216216,11.256612829149951,0.534319414704871,16.53219226259208,11.261665654361625,0.5338544743015994,16.534563486698403,11.266105076490549,0.5346440028906694,16.527050367345897,11.24966328501876,0.5335583196772522,16.530180309709444,11.249802546040275,0.5337560229780334,16.517118430257877
2025,5764,11.383468625237024,0.517389590561384,16.40549631988653,11.357338224124854,0.5167631736899606,16.384267071330296,11.350180347427134,0.5165261861795213,16.397050920216103,11.355790701857552,0.516565957589615,16.383240121287198,11.359208872354806,0.5168608124266159,16.382675743789036,11.350387425013036,0.5164315022519866,16.382441099867695,11.351154914003212,0.5164866153954263,16.37989746909098
2026,5752,11.448961761176351,0.5201011074531507,17.136200284190224,11.43886857983817,0.5198578191873426,17.129546371511655,11.438847426801159,0.5200111288475125,17.143047404815643,11.435065436558446,0.5200410440797397,17.120280762551687,11.43771484147059,0.5199054480694159,17.11926790056547,11.436919577033878,0.520032345765754,17.13408867161807,11.434088689610624,0.5200147344716408,17.123397091620763
2015-2024,53778,11.184450730091067,0.5253694436450447,17.038501947286772,11.168814229575203,0.5246827987791913,17.01561574568566,11.16584117289902,0.5245923994687741,17.01217398106246,11.163222768817782,0.5243285063427813,17.014148385731367,11.165914117044709,0.5246189044905831,17.013504925349366,11.156285456869773,0.5240964082456692,17.006851788186868,11.15297906858947,0.5240104802601309,17.003219179666715
2025-26,5752,11.448961761176351,0.5201011074531507,17.136200284190224,11.43886857983817,0.5198578191873426,17.129546371511655,11.438847426801159,0.5200111288475125,17.143047404815643,11.435065436558446,0.5200410440797397,17.120280762551687,11.43771484147059,0.5199054480694159,17.11926790056547,11.436919577033878,0.520032345765754,17.13408867161807,11.434088689610624,0.5200147344716408,17.123397091620763
