games_seen,n,pure_rmse,ref_rmse,gap,arm,split
0,2019,12.733809985791575,12.11060652859062,0.6232034572009546,B10,validation
1,2952,12.478843507516942,11.953401507022003,0.5254420004949392,B10,validation
2,2766,12.132993460453896,11.73757631534279,0.3954171451111055,B10,validation
3,2688,11.72969644747497,11.470722468891545,0.2589739785834251,B10,validation
4,2621,11.603358195359002,11.438049549180482,0.16530864617852004,B10,validation
5,2672,11.386021744579187,11.273391350649998,0.11263039392918905,B10,validation
6,2699,11.443841679990364,11.346136311035064,0.09770536895529958,B10,validation
7,2756,11.625234778933615,11.482131792832835,0.14310298610078043,B10,validation
8,2705,11.433897142113057,11.326212379968657,0.10768476214439993,B10,validation
9,2622,11.509408183280007,11.39839621649299,0.11101196678701619,B10,validation
10,2475,11.182449801697938,11.082482309546636,0.0999674921513023,B10,validation
11,2406,11.293181374374361,11.213863176813597,0.07931819756076486,B10,validation
12,2370,11.07507481933863,11.013848206720262,0.06122661261836804,B10,validation
13,2389,11.150437383126519,11.09635676826737,0.05408061485914928,B10,validation
14,2424,11.226418195083578,11.147155507464259,0.07926268761931965,B10,validation
15,2399,11.114593389005123,11.041062657654573,0.07353073135054977,B10,validation
16,2398,11.081382957553435,10.978502763846253,0.1028801937071826,B10,validation
17,2332,10.918024341291632,10.839449937940502,0.07857440335112997,B10,validation
18,2297,11.124856092677792,11.008446513708888,0.11640957896890392,B10,validation
19,2252,10.834632862593873,10.741404717765494,0.09322814482837849,B10,validation
20,2246,10.745815863054617,10.588762125393815,0.15705373766080122,B10,validation
21,2224,10.627471205119635,10.544900144844815,0.08257106027481953,B10,validation
22,2189,10.785881485885744,10.73653501378959,0.04934647209615406,B10,validation
23,2139,10.88333283515545,10.873072365472265,0.010260469683185391,B10,validation
24,2159,10.922917114083404,10.87241262017857,0.05050449390483358,B10,validation
25,2155,10.931533607481544,10.842679055248643,0.08885455223290073,B10,validation
26,2198,10.9282494421991,10.833276171660398,0.09497327053870208,B10,validation
27,2169,10.923144614702311,10.806952665324202,0.11619194937810917,B10,validation
28,2024,10.98288322830281,10.878432400947128,0.10445082735568256,B10,validation
29,1687,10.960893607691876,10.887553734375288,0.07333987331658776,B10,validation
30,1265,10.997077754162746,10.932156938864736,0.06492081529800942,B10,validation
0,2019,12.73018623260016,12.11060652859062,0.6195797040095385,B10_engine_only,validation
1,2952,12.473326121179804,11.953401507022003,0.5199246141578016,B10_engine_only,validation
2,2766,12.137388833414267,11.73757631534279,0.3998125180714762,B10_engine_only,validation
3,2688,11.744967005718602,11.470722468891545,0.27424453682705696,B10_engine_only,validation
4,2621,11.625468014103161,11.438049549180482,0.1874184649226791,B10_engine_only,validation
5,2672,11.406347202641152,11.273391350649998,0.132955851991154,B10_engine_only,validation
6,2699,11.454660688026834,11.346136311035064,0.10852437699177031,B10_engine_only,validation
7,2756,11.636021106152038,11.482131792832835,0.15388931331920297,B10_engine_only,validation
8,2705,11.44085059965355,11.326212379968657,0.11463821968489185,B10_engine_only,validation
9,2622,11.512845610724964,11.39839621649299,0.11444939423197376,B10_engine_only,validation
10,2475,11.188589504172413,11.082482309546636,0.10610719462577656,B10_engine_only,validation
11,2406,11.2984034462841,11.213863176813597,0.0845402694705033,B10_engine_only,validation
12,2370,11.08884850227813,11.013848206720262,0.07500029555786902,B10_engine_only,validation
13,2389,11.160709681978883,11.09635676826737,0.06435291371151308,B10_engine_only,validation
14,2424,11.234805221769802,11.147155507464259,0.08764971430554347,B10_engine_only,validation
15,2399,11.119053374793731,11.041062657654573,0.0779907171391585,B10_engine_only,validation
16,2398,11.085337388043884,10.978502763846253,0.10683462419763146,B10_engine_only,validation
17,2332,10.926455447756181,10.839449937940502,0.087005509815679,B10_engine_only,validation
18,2297,11.13469036941575,11.008446513708888,0.12624385570686236,B10_engine_only,validation
19,2252,10.844606053091924,10.741404717765494,0.10320133532643005,B10_engine_only,validation
20,2246,10.75663416439953,10.588762125393815,0.16787203900571512,B10_engine_only,validation
21,2224,10.633386281418577,10.544900144844815,0.0884861365737617,B10_engine_only,validation
22,2189,10.790569956367216,10.73653501378959,0.05403494257762631,B10_engine_only,validation
23,2139,10.886807685175684,10.873072365472265,0.01373531970341979,B10_engine_only,validation
24,2159,10.926287351434818,10.87241262017857,0.05387473125624709,B10_engine_only,validation
25,2155,10.932011939341214,10.842679055248643,0.08933288409257045,B10_engine_only,validation
26,2198,10.927086262073857,10.833276171660398,0.09381009041345933,B10_engine_only,validation
27,2169,10.92444839746705,10.806952665324202,0.11749573214284759,B10_engine_only,validation
28,2024,10.985151569506645,10.878432400947128,0.10671916855951658,B10_engine_only,validation
29,1687,10.962635209570765,10.887553734375288,0.0750814751954767,B10_engine_only,validation
30,1265,10.999305981191265,10.932156938864736,0.06714904232652863,B10_engine_only,validation
0,2019,12.711207653105765,12.11060652859062,0.6006011245151441,B10d,validation
1,2952,12.479027310022316,11.953401507022003,0.5256258030003131,B10d,validation
2,2766,12.138935724710207,11.73757631534279,0.40135940936741576,B10d,validation
3,2688,11.766431926957642,11.470722468891545,0.2957094580660975,B10d,validation
4,2621,11.622235814931667,11.438049549180482,0.18418626575118502,B10d,validation
5,2672,11.431781456214411,11.273391350649998,0.15839010556441302,B10d,validation
6,2699,11.477555990577953,11.346136311035064,0.1314196795428888,B10d,validation
7,2756,11.67778475362669,11.482131792832835,0.19565296079385597,B10d,validation
8,2705,11.459740710204173,11.326212379968657,0.13352833023551547,B10d,validation
9,2622,11.547522010841318,11.39839621649299,0.1491257943483273,B10d,validation
10,2475,11.207651826578761,11.082482309546636,0.1251695170321252,B10d,validation
11,2406,11.307109422127022,11.213863176813597,0.09324624531342529,B10d,validation
12,2370,11.092198430453145,11.013848206720262,0.07835022373288325,B10d,validation
13,2389,11.180096507882466,11.09635676826737,0.08373973961509584,B10d,validation
14,2424,11.285268723325741,11.147155507464259,0.13811321586148217,B10d,validation
15,2399,11.16375920053842,11.041062657654573,0.12269654288384757,B10d,validation
16,2398,11.099937749639743,10.978502763846253,0.12143498579349021,B10d,validation
17,2332,10.930725208208347,10.839449937940502,0.09127527026784499,B10d,validation
18,2297,11.141240484483546,11.008446513708888,0.13279397077465838,B10d,validation
19,2252,10.87787637295095,10.741404717765494,0.13647165518545634,B10d,validation
20,2246,10.786404488758732,10.588762125393815,0.19764236336491692,B10d,validation
21,2224,10.671215240661315,10.544900144844815,0.12631509581649958,B10d,validation
22,2189,10.806305588018194,10.73653501378959,0.06977057422860433,B10d,validation
23,2139,10.932487495643803,10.873072365472265,0.05941513017153888,B10d,validation
24,2159,10.971369282204533,10.87241262017857,0.09895666202596232,B10d,validation
25,2155,11.0121544798991,10.842679055248643,0.16947542465045728,B10d,validation
26,2198,10.992109370721579,10.833276171660398,0.15883319906118132,B10d,validation
27,2169,10.979259098237565,10.806952665324202,0.17230643291336278,B10d,validation
28,2024,11.013254087665269,10.878432400947128,0.13482168671814065,B10d,validation
29,1687,10.991641319311038,10.887553734375288,0.10408758493574943,B10d,validation
30,1265,11.04424424655089,10.932156938864736,0.1120873076861546,B10d,validation
0,2019,12.711812221158961,12.11060652859062,0.6012056925683407,B10r,validation
1,2952,12.458381079811076,11.953401507022003,0.5049795727890736,B10r,validation
2,2766,12.098539640450333,11.73757631534279,0.3609633251075426,B10r,validation
3,2688,11.70266944153401,11.470722468891545,0.231946972642465,B10r,validation
4,2621,11.576872763415997,11.438049549180482,0.13882321423551502,B10r,validation
5,2672,11.373708435509045,11.273391350649998,0.10031708485904645,B10r,validation
6,2699,11.429957047027463,11.346136311035064,0.08382073599239881,B10r,validation
7,2756,11.615351744562407,11.482131792832835,0.13321995172957202,B10r,validation
8,2705,11.422677042847342,11.326212379968657,0.09646466287868449,B10r,validation
9,2622,11.50116159738664,11.39839621649299,0.10276538089364884,B10r,validation
10,2475,11.167444548967172,11.082482309546636,0.08496223942053582,B10r,validation
11,2406,11.277187743758558,11.213863176813597,0.0633245669449618,B10r,validation
12,2370,11.0638302081694,11.013848206720262,0.04998200144913767,B10r,validation
13,2389,11.141368179900846,11.09635676826737,0.04501141163347633,B10r,validation
14,2424,11.22034853942133,11.147155507464259,0.0731930319570715,B10r,validation
15,2399,11.106100346356437,11.041062657654573,0.06503768870186377,B10r,validation
16,2398,11.073370339675073,10.978502763846253,0.09486757582882,B10r,validation
17,2332,10.911302878178244,10.839449937940502,0.07185294023774169,B10r,validation
18,2297,11.12280198127935,11.008446513708888,0.11435546757046211,B10r,validation
19,2252,10.836358496566875,10.741404717765494,0.094953778801381,B10r,validation
20,2246,10.748197172035542,10.588762125393815,0.15943504664172714,B10r,validation
21,2224,10.630671427225876,10.544900144844815,0.08577128238106013,B10r,validation
22,2189,10.78595123191346,10.73653501378959,0.04941621812386998,B10r,validation
23,2139,10.88854827604606,10.873072365472265,0.01547591057379627,B10r,validation
24,2159,10.923271405220875,10.87241262017857,0.05085878504230479,B10r,validation
25,2155,10.937634155676013,10.842679055248643,0.0949551004273701,B10r,validation
26,2198,10.93238731593114,10.833276171660398,0.09911114427074175,B10r,validation
27,2169,10.92862350310959,10.806952665324202,0.12167083778538768,B10r,validation
28,2024,10.983201323856326,10.878432400947128,0.10476892290919793,B10r,validation
29,1687,10.957097435770173,10.887553734375288,0.06954370139488475,B10r,validation
30,1265,10.991722620301083,10.932156938864736,0.05956568143634655,B10r,validation
0,2019,12.708130972530398,12.11060652859062,0.5975244439397773,B10r_engine_only,validation
1,2952,12.454892453602328,11.953401507022003,0.5014909465803257,B10r_engine_only,validation
2,2766,12.098150329540386,11.73757631534279,0.3605740141975957,B10r_engine_only,validation
3,2688,11.71565850311782,11.470722468891545,0.24493603422627608,B10r_engine_only,validation
4,2621,11.591983863842916,11.438049549180482,0.15393431466243435,B10r_engine_only,validation
5,2672,11.392675997072839,11.273391350649998,0.11928464642284098,B10r_engine_only,validation
6,2699,11.438244555234844,11.346136311035064,0.09210824419978003,B10r_engine_only,validation
7,2756,11.62491888396932,11.482131792832835,0.14278709113648524,B10r_engine_only,validation
8,2705,11.425459778559448,11.326212379968657,0.09924739859079068,B10r_engine_only,validation
9,2622,11.501564917980705,11.39839621649299,0.10316870148771429,B10r_engine_only,validation
10,2475,11.170288146864245,11.082482309546636,0.08780583731760849,B10r_engine_only,validation
11,2406,11.27829551156842,11.213863176813597,0.06443233475482302,B10r_engine_only,validation
12,2370,11.073645226494516,11.013848206720262,0.05979701977425478,B10r_engine_only,validation
13,2389,11.147368422291342,11.09635676826737,0.051011654023971786,B10r_engine_only,validation
14,2424,11.226606100557273,11.147155507464259,0.07945059309301428,B10r_engine_only,validation
15,2399,11.109237159798692,11.041062657654573,0.06817450214411913,B10r_engine_only,validation
16,2398,11.076232557757153,10.978502763846253,0.09772979391090075,B10r_engine_only,validation
17,2332,10.918006714770215,10.839449937940502,0.0785567768297124,B10r_engine_only,validation
18,2297,11.12979008140593,11.008446513708888,0.12134356769704269,B10r_engine_only,validation
19,2252,10.84401166986493,10.741404717765494,0.10260695209943549,B10r_engine_only,validation
20,2246,10.757168579042666,10.588762125393815,0.16840645364885098,B10r_engine_only,validation
21,2224,10.636458624793079,10.544900144844815,0.09155847994826338,B10r_engine_only,validation
22,2189,10.790223365567524,10.73653501378959,0.053688351777934074,B10r_engine_only,validation
23,2139,10.891671198347685,10.873072365472265,0.018598832875420968,B10r_engine_only,validation
24,2159,10.926803809683312,10.87241262017857,0.05439118950474153,B10r_engine_only,validation
25,2155,10.940691787603617,10.842679055248643,0.09801273235497376,B10r_engine_only,validation
26,2198,10.934343741562024,10.833276171660398,0.1010675699016268,B10r_engine_only,validation
27,2169,10.931710515869609,10.806952665324202,0.12475785054540722,B10r_engine_only,validation
28,2024,10.986410460185537,10.878432400947128,0.10797805923840897,B10r_engine_only,validation
29,1687,10.959623043279466,10.887553734375288,0.07206930890417773,B10r_engine_only,validation
30,1265,10.994698595395981,10.932156938864736,0.06254165653124488,B10r_engine_only,validation
0,2019,12.73029152551699,12.11060652859062,0.6196849969263685,B11,validation
1,2952,12.4817681878067,11.953401507022003,0.5283666807846981,B11,validation
2,2766,12.12482892784094,11.73757631534279,0.38725261249814835,B11,validation
3,2688,11.737012565198146,11.470722468891545,0.2662900963066015,B11,validation
4,2621,11.596355167604516,11.438049549180482,0.15830561842403412,B11,validation
5,2672,11.392586684634809,11.273391350649998,0.11919533398481086,B11,validation
6,2699,11.436596178482684,11.346136311035064,0.09045986744762047,B11,validation
7,2756,11.624291187832068,11.482131792832835,0.1421593949992328,B11,validation
8,2705,11.418209327156458,11.326212379968657,0.09199694718780016,B11,validation
9,2622,11.499896682942003,11.39839621649299,0.10150046644901245,B11,validation
10,2475,11.175730178375094,11.082482309546636,0.09324786882845792,B11,validation
11,2406,11.28807449153739,11.213863176813597,0.07421131472379372,B11,validation
12,2370,11.077747593886725,11.013848206720262,0.06389938716646348,B11,validation
13,2389,11.152547424254667,11.09635676826737,0.05619065598729733,B11,validation
14,2424,11.234629549843243,11.147155507464259,0.08747404237898415,B11,validation
15,2399,11.121975935487526,11.041062657654573,0.08091327783295377,B11,validation
16,2398,11.082112007483984,10.978502763846253,0.10360924363773094,B11,validation
17,2332,10.920473054962072,10.839449937940502,0.08102311702156939,B11,validation
18,2297,11.124918143967964,11.008446513708888,0.11647163025907581,B11,validation
19,2252,10.841522107457958,10.741404717765494,0.10011738969246409,B11,validation
20,2246,10.754033505116313,10.588762125393815,0.1652713797224976,B11,validation
21,2224,10.633555486078036,10.544900144844815,0.0886553412332205,B11,validation
22,2189,10.78653089082801,10.73653501378959,0.04999587703841968,B11,validation
23,2139,10.889196151022707,10.873072365472265,0.016123785550442804,B11,validation
24,2159,10.931773573738866,10.87241262017857,0.05936095356029547,B11,validation
25,2155,10.94958063709088,10.842679055248643,0.10690158184223719,B11,validation
26,2198,10.943438924179539,10.833276171660398,0.1101627525191411,B11,validation
27,2169,10.931074305135862,10.806952665324202,0.12412163981166024,B11,validation
28,2024,10.982764432353866,10.878432400947128,0.10433203140673797,B11,validation
29,1687,10.960557355114831,10.887553734375288,0.07300362073954325,B11,validation
30,1265,11.007844954175763,10.932156938864736,0.07568801531102665,B11,validation
0,2019,12.70712504162159,12.11060652859062,0.5965185130309685,B12,validation
1,2952,12.456237589167225,11.953401507022003,0.5028360821452225,B12,validation
2,2766,12.093316930657947,11.73757631534279,0.3557406153151561,B12,validation
3,2688,11.709645866612517,11.470722468891545,0.23892339772097237,B12,validation
4,2621,11.576204632006108,11.438049549180482,0.1381550828256266,B12,validation
5,2672,11.371895436515606,11.273391350649998,0.0985040858656081,B12,validation
6,2699,11.428193420595596,11.346136311035064,0.08205710956053203,B12,validation
7,2756,11.613496541842967,11.482131792832835,0.13136474901013173,B12,validation
8,2705,11.418318497872928,11.326212379968657,0.09210611790427059,B12,validation
9,2622,11.493788718342303,11.39839621649299,0.0953925018493127,B12,validation
10,2475,11.175356408318542,11.082482309546636,0.09287409877190633,B12,validation
11,2406,11.28614185124091,11.213863176813597,0.07227867442731295,B12,validation
12,2370,11.076365854738885,11.013848206720262,0.06251764801862336,B12,validation
13,2389,11.150896308067086,11.09635676826737,0.05453953979971615,B12,validation
14,2424,11.233163582390254,11.147155507464259,0.08600807492599571,B12,validation
15,2399,11.122129306971628,11.041062657654573,0.0810666493170551,B12,validation
16,2398,11.082437459054157,10.978502763846253,0.10393469520790433,B12,validation
17,2332,10.920092439152398,10.839449937940502,0.08064250121189609,B12,validation
18,2297,11.123450719459429,11.008446513708888,0.11500420575054093,B12,validation
19,2252,10.843228806977931,10.741404717765494,0.10182408921243713,B12,validation
20,2246,10.755990548866391,10.588762125393815,0.16722842347257583,B12,validation
21,2224,10.633816680898537,10.544900144844815,0.08891653605372163,B12,validation
22,2189,10.784041598396236,10.73653501378959,0.04750658460664603,B12,validation
23,2139,10.88084646101229,10.873072365472265,0.007774095540025172,B12,validation
24,2159,10.9270227580554,10.87241262017857,0.05461013787683022,B12,validation
25,2155,10.94379183671927,10.842679055248643,0.10111278147062741,B12,validation
26,2198,10.944467935976627,10.833276171660398,0.11119176431622968,B12,validation
27,2169,10.935690328160332,10.806952665324202,0.12873766283613008,B12,validation
28,2024,10.99106173287684,10.878432400947128,0.11262933192971225,B12,validation
29,1687,10.968610732865438,10.887553734375288,0.08105699849014947,B12,validation
30,1265,11.015893199048534,10.932156938864736,0.0837362601837981,B12,validation
0,2019,12.73285624930228,12.11060652859062,0.6222497207116593,B13,validation
1,2952,12.47905843324924,11.953401507022003,0.5256569262272368,B13,validation
2,2766,12.119627162775403,11.73757631534279,0.38205084743261253,B13,validation
3,2688,11.727911636346825,11.470722468891545,0.2571891674552802,B13,validation
4,2621,11.59779692354422,11.438049549180482,0.15974737436373765,B13,validation
5,2672,11.401384059483007,11.273391350649998,0.12799270883300906,B13,validation
6,2699,11.455024802358029,11.346136311035064,0.10888849132296485,B13,validation
7,2756,11.643542902444732,11.482131792832835,0.16141110961189753,B13,validation
8,2705,11.43117464895026,11.326212379968657,0.10496226898160188,B13,validation
9,2622,11.505220968697063,11.39839621649299,0.10682475220407284,B13,validation
10,2475,11.167919160807454,11.082482309546636,0.0854368512608179,B13,validation
11,2406,11.295412258741008,11.213863176813597,0.0815490819274114,B13,validation
12,2370,11.074034048697765,11.013848206720262,0.06018584197750343,B13,validation
13,2389,11.156209397940236,11.09635676826737,0.05985262967286609,B13,validation
14,2424,11.235926124796826,11.147155507464259,0.08877061733256753,B13,validation
15,2399,11.124803301474298,11.041062657654573,0.08374064381972524,B13,validation
16,2398,11.079289902182529,10.978502763846253,0.10078713833627617,B13,validation
17,2332,10.910322171919253,10.839449937940502,0.07087223397875064,B13,validation
18,2297,11.121600622743577,11.008446513708888,0.11315410903468859,B13,validation
19,2252,10.85500162566406,10.741404717765494,0.11359690789856636,B13,validation
20,2246,10.767526319847445,10.588762125393815,0.17876419445362934,B13,validation
21,2224,10.644849758727295,10.544900144844815,0.09994961388247958,B13,validation
22,2189,10.798330139748037,10.73653501378959,0.06179512595844727,B13,validation
23,2139,10.900829766926998,10.873072365472265,0.02775740145473371,B13,validation
24,2159,10.944469009409922,10.87241262017857,0.07205638923135105,B13,validation
25,2155,10.94645177624849,10.842679055248643,0.1037727209998458,B13,validation
26,2198,10.937320673967438,10.833276171660398,0.10404450230704043,B13,validation
27,2169,10.931596175752249,10.806952665324202,0.12464351042804722,B13,validation
28,2024,10.991116480302011,10.878432400947128,0.11268407935488334,B13,validation
29,1687,10.967004154711981,10.887553734375288,0.07945042033669303,B13,validation
30,1265,11.01138886187432,10.932156938864736,0.07923192300958348,B13,validation
0,2019,12.730275166536073,12.11060652859062,0.6196686379454519,B13_garbage_only,validation
1,2952,12.478288629922464,11.953401507022003,0.524887122900461,B13_garbage_only,validation
2,2766,12.121486296751726,11.73757631534279,0.3839099814089355,B13_garbage_only,validation
3,2688,11.731312181015484,11.470722468891545,0.2605897121239398,B13_garbage_only,validation
4,2621,11.59975202823766,11.438049549180482,0.16170247905717794,B13_garbage_only,validation
5,2672,11.396729192048175,11.273391350649998,0.12333784139817716,B13_garbage_only,validation
6,2699,11.442650361116103,11.346136311035064,0.09651405008103886,B13_garbage_only,validation
7,2756,11.6285519550403,11.482131792832835,0.14642016220746434,B13_garbage_only,validation
8,2705,11.423857670504043,11.326212379968657,0.09764529053538595,B13_garbage_only,validation
9,2622,11.501864620517734,11.39839621649299,0.10346840402474378,B13_garbage_only,validation
10,2475,11.176662852714308,11.082482309546636,0.09418054316767233,B13_garbage_only,validation
11,2406,11.304296966648966,11.213863176813597,0.09043378983536954,B13_garbage_only,validation
12,2370,11.087394917311581,11.013848206720262,0.07354671059131945,B13_garbage_only,validation
13,2389,11.168962401936865,11.09635676826737,0.0726056336694949,B13_garbage_only,validation
14,2424,11.24185163731801,11.147155507464259,0.09469612985375164,B13_garbage_only,validation
15,2399,11.133039212525311,11.041062657654573,0.09197655487073852,B13_garbage_only,validation
16,2398,11.079685161281176,10.978502763846253,0.10118239743492374,B13_garbage_only,validation
17,2332,10.909561133821065,10.839449937940502,0.07011119588056225,B13_garbage_only,validation
18,2297,11.120618964134444,11.008446513708888,0.11217245042555568,B13_garbage_only,validation
19,2252,10.851045901451908,10.741404717765494,0.10964118368641351,B13_garbage_only,validation
20,2246,10.769233694767891,10.588762125393815,0.1804715693740757,B13_garbage_only,validation
21,2224,10.649149640874734,10.544900144844815,0.10424949602991873,B13_garbage_only,validation
22,2189,10.803308738816945,10.73653501378959,0.06677372502735501,B13_garbage_only,validation
23,2139,10.902834485938163,10.873072365472265,0.029762120465898434,B13_garbage_only,validation
24,2159,10.942397862153499,10.87241262017857,0.06998524197492806,B13_garbage_only,validation
25,2155,10.947809635711137,10.842679055248643,0.10513058046249313,B13_garbage_only,validation
26,2198,10.939296405064958,10.833276171660398,0.10602023340456057,B13_garbage_only,validation
27,2169,10.934303262958561,10.806952665324202,0.12735059763435963,B13_garbage_only,validation
28,2024,10.988597917095392,10.878432400947128,0.11016551614826398,B13_garbage_only,validation
29,1687,10.963669843241439,10.887553734375288,0.07611610886615061,B13_garbage_only,validation
30,1265,11.005289130918346,10.932156938864736,0.07313219205360966,B13_garbage_only,validation
0,2019,12.720659172361174,12.11060652859062,0.6100526437705529,B13_mismatch_only,validation
1,2952,12.468916039116724,11.953401507022003,0.5155145320947216,B13_mismatch_only,validation
2,2766,12.110633959789904,11.73757631534279,0.37305764444711365,B13_mismatch_only,validation
3,2688,11.728509084954243,11.470722468891545,0.2577866160626989,B13_mismatch_only,validation
4,2621,11.594495982565114,11.438049549180482,0.15644643338463204,B13_mismatch_only,validation
5,2672,11.40148889528719,11.273391350649998,0.12809754463719258,B13_mismatch_only,validation
6,2699,11.448020399509243,11.346136311035064,0.10188408847417918,B13_mismatch_only,validation
7,2756,11.639302572790617,11.482131792832835,0.1571707799577826,B13_mismatch_only,validation
8,2705,11.42401378623951,11.326212379968657,0.0978014062708521,B13_mismatch_only,validation
9,2622,11.50154046589067,11.39839621649299,0.10314424939767974,B13_mismatch_only,validation
10,2475,11.164979519075358,11.082482309546636,0.08249720952872153,B13_mismatch_only,validation
11,2406,11.276550730306127,11.213863176813597,0.06268755349253041,B13_mismatch_only,validation
12,2370,11.062378132149911,11.013848206720262,0.04852992542964962,B13_mismatch_only,validation
13,2389,11.139658919322702,11.09635676826737,0.043302151055332416,B13_mismatch_only,validation
14,2424,11.228892237755337,11.147155507464259,0.08173673029107853,B13_mismatch_only,validation
15,2399,11.113221347722517,11.041062657654573,0.07215869006794406,B13_mismatch_only,validation
16,2398,11.079984891474266,10.978502763846253,0.10148212762801379,B13_mismatch_only,validation
17,2332,10.919171577721757,10.839449937940502,0.0797216397812548,B13_mismatch_only,validation
18,2297,11.123116970272982,11.008446513708888,0.11467045656409347,B13_mismatch_only,validation
19,2252,10.844651902149621,10.741404717765494,0.10324718438412717,B13_mismatch_only,validation
20,2246,10.753234242163606,10.588762125393815,0.16447211676979023,B13_mismatch_only,validation
21,2224,10.631998698781787,10.544900144844815,0.08709855393697197,B13_mismatch_only,validation
22,2189,10.782313004312265,10.73653501378959,0.04577799052267473,B13_mismatch_only,validation
23,2139,10.886825199834012,10.873072365472265,0.013752834361747901,B13_mismatch_only,validation
24,2159,10.935475586120143,10.87241262017857,0.06306296594157246,B13_mismatch_only,validation
25,2155,10.948663867580334,10.842679055248643,0.1059848123316911,B13_mismatch_only,validation
26,2198,10.941603901593705,10.833276171660398,0.10832772993330764,B13_mismatch_only,validation
27,2169,10.930039640534622,10.806952665324202,0.12308697521041978,B13_mismatch_only,validation
28,2024,10.985763490825459,10.878432400947128,0.10733108987833084,B13_mismatch_only,validation
29,1687,10.964134219978044,10.887553734375288,0.0765804856027561,B13_mismatch_only,validation
30,1265,11.012010591867146,10.932156938864736,0.07985365300240943,B13_mismatch_only,validation
0,2019,12.622644791532416,12.11060652859062,0.512038262941795,B14,validation
1,2952,12.378047033311006,11.953401507022003,0.4246455262890034,B14,validation
2,2766,12.062721339275033,11.73757631534279,0.325145023932242,B14,validation
3,2688,11.704872671517254,11.470722468891545,0.23415020262570962,B14,validation
4,2621,11.595745082686792,11.438049549180482,0.15769553350630972,B14,validation
5,2672,11.391744579915107,11.273391350649998,0.11835322926510905,B14,validation
6,2699,11.42658035175581,11.346136311035064,0.08044404072074585,B14,validation
7,2756,11.613075931458692,11.482131792832835,0.13094413862585697,B14,validation
8,2705,11.409404096876582,11.326212379968657,0.08319171690792437,B14,validation
9,2622,11.490236178373765,11.39839621649299,0.09183996188077437,B14,validation
10,2475,11.16810119930953,11.082482309546636,0.08561888976289467,B14,validation
11,2406,11.281391038141289,11.213863176813597,0.06752786132769195,B14,validation
12,2370,11.07652007637858,11.013848206720262,0.06267186965831861,B14,validation
13,2389,11.147095938932702,11.09635676826737,0.05073917066533262,B14,validation
14,2424,11.227174880725867,11.147155507464259,0.08001937326160835,B14,validation
15,2399,11.117071660956888,11.041062657654573,0.07600900330231575,B14,validation
16,2398,11.087220944652117,10.978502763846253,0.10871818080586415,B14,validation
17,2332,10.927121195153552,10.839449937940502,0.08767125721304936,B14,validation
18,2297,11.13190690893467,11.008446513708888,0.12346039522578245,B14,validation
19,2252,10.843941617096826,10.741404717765494,0.10253689933133181,B14,validation
20,2246,10.755883943613773,10.588762125393815,0.16712181821995742,B14,validation
21,2224,10.635202880585508,10.544900144844815,0.0903027357406927,B14,validation
22,2189,10.790456762639508,10.73653501378959,0.05392174884991796,B14,validation
23,2139,10.888277634613505,10.873072365472265,0.015205269141240763,B14,validation
24,2159,10.929860657367172,10.87241262017857,0.057448037188601475,B14,validation
25,2155,10.942442215610905,10.842679055248643,0.09976316036226152,B14,validation
26,2198,10.938764418733658,10.833276171660398,0.10548824707326077,B14,validation
27,2169,10.932521926786155,10.806952665324202,0.12556926146195302,B14,validation
28,2024,10.983992874415517,10.878432400947128,0.1055604734683886,B14,validation
29,1687,10.965162195467267,10.887553734375288,0.0776084610919785,B14,validation
30,1265,11.013366548499455,10.932156938864736,0.08120960963471902,B14,validation
0,2019,12.714723005687535,12.11060652859062,0.6041164770969143,B14v,validation
1,2952,12.466038783362166,11.953401507022003,0.512637276340163,B14v,validation
2,2766,12.110683331456594,11.73757631534279,0.3731070161138028,B14v,validation
3,2688,11.736804628155074,11.470722468891545,0.2660821592635294,B14v,validation
4,2621,11.598553387538102,11.438049549180482,0.16050383835762005,B14v,validation
5,2672,11.397709722198481,11.273391350649998,0.12431837154848324,B14v,validation
6,2699,11.43624807755864,11.346136311035064,0.09011176652357555,B14v,validation
7,2756,11.627630072846925,11.482131792832835,0.14549828001409004,B14v,validation
8,2705,11.422394965401216,11.326212379968657,0.0961825854325582,B14v,validation
9,2622,11.497834098791389,11.39839621649299,0.0994378822983979,B14v,validation
10,2475,11.173347772400776,11.082482309546636,0.09086546285413988,B14v,validation
11,2406,11.28444428025774,11.213863176813597,0.07058110344414281,B14v,validation
12,2370,11.076738470476606,11.013848206720262,0.06289026375634421,B14v,validation
13,2389,11.15320516180476,11.09635676826737,0.056848393537389796,B14v,validation
14,2424,11.235030908710982,11.147155507464259,0.08787540124672333,B14v,validation
15,2399,11.121935010744881,11.041062657654573,0.08087235309030838,B14v,validation
16,2398,11.08097600031957,10.978502763846253,0.10247323647331719,B14v,validation
17,2332,10.919748919737737,10.839449937940502,0.0802989817972346,B14v,validation
18,2297,11.124161259557708,11.008446513708888,0.11571474584881969,B14v,validation
19,2252,10.842349985665374,10.741404717765494,0.10094526789987945,B14v,validation
20,2246,10.755485938423853,10.588762125393815,0.16672381303003725,B14v,validation
21,2224,10.635545383053445,10.544900144844815,0.09064523820863002,B14v,validation
22,2189,10.785509624348009,10.73653501378959,0.04897461055841923,B14v,validation
23,2139,10.887358222586803,10.873072365472265,0.014285857114538558,B14v,validation
24,2159,10.93325745881019,10.87241262017857,0.060844838631618714,B14v,validation
25,2155,10.94968480761734,10.842679055248643,0.10700575236869625,B14v,validation
26,2198,10.946843527389952,10.833276171660398,0.11356735572955401,B14v,validation
27,2169,10.931455919395965,10.806952665324202,0.12450325407176344,B14v,validation
28,2024,10.990950462495592,10.878432400947128,0.11251806154846378,B14v,validation
29,1687,10.967226280377055,10.887553734375288,0.07967254600176688,B14v,validation
30,1265,11.024083871631046,10.932156938864736,0.09192693276630948,B14v,validation
0,2019,12.598329775974888,12.11060652859062,0.48772324738426676,B15,validation
1,2952,12.350417766781517,11.953401507022003,0.39701625975951416,B15,validation
2,2766,12.016696829483147,11.73757631534279,0.2791205141403559,B15,validation
3,2688,11.658249659701516,11.470722468891545,0.1875271908099716,B15,validation
4,2621,11.557982393014129,11.438049549180482,0.11993284383364688,B15,validation
5,2672,11.371514792503426,11.273391350649998,0.0981234418534278,B15,validation
6,2699,11.424582032841155,11.346136311035064,0.07844572180609077,B15,validation
7,2756,11.61540282222711,11.482131792832835,0.13327102939427604,B15,validation
8,2705,11.415846947148175,11.326212379968657,0.08963456717951779,B15,validation
9,2622,11.49066502778797,11.39839621649299,0.09226881129497855,B15,validation
10,2475,11.149415378878466,11.082482309546636,0.06693306933182974,B15,validation
11,2406,11.25749728172128,11.213863176813597,0.04363410490768338,B15,validation
12,2370,11.050829962944235,11.013848206720262,0.03698175622397315,B15,validation
13,2389,11.12480337032414,11.09635676826737,0.02844660205676952,B15,validation
14,2424,11.211804944262195,11.147155507464259,0.06464943679793578,B15,validation
15,2399,11.10182914030538,11.041062657654573,0.06076648265080742,B15,validation
16,2398,11.080081479287733,10.978502763846253,0.10157871544148023,B15,validation
17,2332,10.92034386203738,10.839449937940502,0.0808939240968769,B15,validation
18,2297,11.12804748510501,11.008446513708888,0.1196009713961228,B15,validation
19,2252,10.846306604970513,10.741404717765494,0.1049018872050187,B15,validation
20,2246,10.753877102888556,10.588762125393815,0.16511497749474024,B15,validation
21,2224,10.628561504052113,10.544900144844815,0.08366135920729789,B15,validation
22,2189,10.782410625448643,10.73653501378959,0.04587561165905285,B15,validation
23,2139,10.881896955987711,10.873072365472265,0.008824590515446928,B15,validation
24,2159,10.920672145864254,10.87241262017857,0.04825952568568326,B15,validation
25,2155,10.932391357695122,10.842679055248643,0.08971230244647899,B15,validation
26,2198,10.928671774486535,10.833276171660398,0.09539560282613735,B15,validation
27,2169,10.930318211281532,10.806952665324202,0.12336554595733062,B15,validation
28,2024,10.98949345146712,10.878432400947128,0.11106105051999116,B15,validation
29,1687,10.971988187417601,10.887553734375288,0.0844344530423129,B15,validation
30,1265,11.022561102852599,10.932156938864736,0.09040416398786277,B15,validation
0,2019,12.613427161227456,12.11060652859062,0.5028206326368352,B15_with_preseason,validation
1,2952,12.364241420015418,11.953401507022003,0.41083991299341527,B15_with_preseason,validation
2,2766,12.02508070725129,11.73757631534279,0.28750439190849875,B15_with_preseason,validation
3,2688,11.649757208407292,11.470722468891545,0.1790347395157479,B15_with_preseason,validation
4,2621,11.544784404910938,11.438049549180482,0.1067348557304566,B15_with_preseason,validation
5,2672,11.355015870624701,11.273391350649998,0.08162451997470299,B15_with_preseason,validation
6,2699,11.417236584823483,11.346136311035064,0.07110027378841899,B15_with_preseason,validation
7,2756,11.606175068418624,11.482131792832835,0.1240432755857892,B15_with_preseason,validation
8,2705,11.412215863546626,11.326212379968657,0.08600348357796861,B15_with_preseason,validation
9,2622,11.48886712255876,11.39839621649299,0.0904709060657698,B15_with_preseason,validation
10,2475,11.147290608093614,11.082482309546636,0.06480829854697845,B15_with_preseason,validation
11,2406,11.257599667538562,11.213863176813597,0.04373649072496555,B15_with_preseason,validation
12,2370,11.043507515166395,11.013848206720262,0.02965930844613318,B15_with_preseason,validation
13,2389,11.121348326071153,11.09635676826737,0.024991557803783593,B15_with_preseason,validation
14,2424,11.207397296482553,11.147155507464259,0.0602417890182938,B15_with_preseason,validation
15,2399,11.100631328666331,11.041062657654573,0.05956867101175867,B15_with_preseason,validation
16,2398,11.077307429733507,10.978502763846253,0.09880466588725412,B15_with_preseason,validation
17,2332,10.913892242554779,10.839449937940502,0.07444230461427637,B15_with_preseason,validation
18,2297,11.121191038790618,11.008446513708888,0.11274452508173027,B15_with_preseason,validation
19,2252,10.838967578517504,10.741404717765494,0.09756286075201004,B15_with_preseason,validation
20,2246,10.746495796583334,10.588762125393815,0.15773367118951853,B15_with_preseason,validation
21,2224,10.62391287634729,10.544900144844815,0.07901273150247512,B15_with_preseason,validation
22,2189,10.778998948272728,10.73653501378959,0.04246393448313768,B15_with_preseason,validation
23,2139,10.879121425216246,10.873072365472265,0.006049059743981289,B15_with_preseason,validation
24,2159,10.917880721797703,10.87241262017857,0.045468101619132284,B15_with_preseason,validation
25,2155,10.930773242656326,10.842679055248643,0.08809418740768216,B15_with_preseason,validation
26,2198,10.927930507875653,10.833276171660398,0.09465433621525499,B15_with_preseason,validation
27,2169,10.92804356779174,10.806952665324202,0.12109090246753773,B15_with_preseason,validation
28,2024,10.985848972172024,10.878432400947128,0.10741657122489556,B15_with_preseason,validation
29,1687,10.968194330847359,10.887553734375288,0.08064059647207067,B15_with_preseason,validation
30,1265,11.017073311315828,10.932156938864736,0.08491637245109196,B15_with_preseason,validation
0,2019,12.717614600566879,12.11060652859062,0.6070080719762583,B9,validation
1,2952,12.467454881613572,11.953401507022003,0.514053374591569,B9,validation
2,2766,12.113088192219248,11.73757631534279,0.37551187687645715,B9,validation
3,2688,11.732575952995445,11.470722468891545,0.2618534841039004,B9,validation
4,2621,11.597445364524347,11.438049549180482,0.15939581534386527,B9,validation
5,2672,11.395755969163012,11.273391350649998,0.12236461851301428,B9,validation
6,2699,11.436524677614068,11.346136311035064,0.0903883665790044,B9,validation
7,2756,11.624760317178733,11.482131792832835,0.14262852434589846,B9,validation
8,2705,11.417991176825204,11.326212379968657,0.09177879685654666,B9,validation
9,2622,11.497403821591623,11.39839621649299,0.09900760509863282,B9,validation
10,2475,11.173894751046499,11.082482309546636,0.0914124414998625,B9,validation
11,2406,11.285690989292888,11.213863176813597,0.07182781247929171,B9,validation
12,2370,11.075980054197514,11.013848206720262,0.06213184747725187,B9,validation
13,2389,11.151953205036891,11.09635676826737,0.05559643676952142,B9,validation
14,2424,11.234139685134462,11.147155507464259,0.08698417767020317,B9,validation
15,2399,11.120740926738522,11.041062657654573,0.07967826908394926,B9,validation
16,2398,11.079739086621581,10.978502763846253,0.10123632277532835,B9,validation
17,2332,10.917434277366183,10.839449937940502,0.07798433942568117,B9,validation
18,2297,11.12218624226315,11.008446513708888,0.11373972855426118,B9,validation
19,2252,10.840934099157836,10.741404717765494,0.09952938139234213,B9,validation
20,2246,10.755107140753006,10.588762125393815,0.166345015359191,B9,validation
21,2224,10.635643231213646,10.544900144844815,0.0907430863688301,B9,validation
22,2189,10.78648260198566,10.73653501378959,0.049947588196070924,B9,validation
23,2139,10.88846743831686,10.873072365472265,0.015395072844595958,B9,validation
24,2159,10.933716191678183,10.87241262017857,0.06130357149961263,B9,validation
25,2155,10.9507387282242,10.842679055248643,0.10805967297555696,B9,validation
26,2198,10.94425084207819,10.833276171660398,0.11097467041779296,B9,validation
27,2169,10.933192207580149,10.806952665324202,0.1262395422559468,B9,validation
28,2024,10.983484809686146,10.878432400947128,0.10505240873901833,B9,validation
29,1687,10.960641659764704,10.887553734375288,0.07308792538941589,B9,validation
30,1265,11.005360143358466,10.932156938864736,0.07320320449372986,B9,validation
0,0,,,,B10,historical
1,4,11.053508140096064,10.404326023342406,0.6491821167536571,B10,historical
2,27,13.331579870992714,13.527407022069704,-0.19582715107699045,B10,historical
3,86,12.573944956971964,12.604677979890807,-0.03073302291884339,B10,historical
4,213,12.15126010362373,12.031892283630311,0.11936781999341939,B10,historical
5,375,11.961302662351414,11.911646961412739,0.04965570093867555,B10,historical
6,498,11.9234127277812,11.764975930044997,0.15843679773620245,B10,historical
7,547,11.69760212201464,11.578264797547199,0.11933732446744116,B10,historical
8,546,11.753904838180736,11.474170706704403,0.2797341314763333,B10,historical
9,543,11.585939113398204,11.388158206209207,0.19778090718899755,B10,historical
10,528,11.701334424893616,11.435259136335805,0.26607528855781126,B10,historical
11,517,11.186952549034869,11.025489195145179,0.16146335388969035,B10,historical
12,523,11.24478465137713,11.090342550920125,0.15444210045700402,B10,historical
13,546,10.9809829057791,10.866194173866756,0.11478873191234484,B10,historical
14,551,11.04257299601606,10.919084509865069,0.1234884861509915,B10,historical
15,543,11.140187875508591,10.964176557657076,0.1760113178515148,B10,historical
16,545,11.31234154955247,11.186020928828244,0.12632062072422556,B10,historical
17,556,11.426498538348438,11.249540358316036,0.17695818003240227,B10,historical
18,553,11.041916494835629,10.837301633283886,0.20461486155174313,B10,historical
19,543,11.155635939855843,10.870555123472275,0.28508081638356764,B10,historical
20,546,10.927174014946965,10.70829502850862,0.21887898643834625,B10,historical
21,548,11.054193872882426,10.927014003674396,0.12717986920802993,B10,historical
22,551,10.869074509048863,10.834654859132128,0.034419649916735295,B10,historical
23,539,10.937021898107513,10.934172234283654,0.0028496638238593164,B10,historical
24,543,10.933023963944438,10.961488755066082,-0.02846479112164424,B10,historical
25,532,11.107916614157697,11.156019313235937,-0.04810269907824072,B10,historical
26,523,11.182046442503792,11.245287944558065,-0.06324150205427337,B10,historical
27,506,11.21358932942288,11.289620613503269,-0.07603128408038806,B10,historical
28,463,11.356531281461256,11.41630734669163,-0.059776065230373376,B10,historical
29,401,11.11533963289746,11.208770390450303,-0.09343075755284325,B10,historical
30,325,10.97148902024067,10.940011250169999,0.031477770070670985,B10,historical
0,0,,,,B10_engine_only,historical
1,4,10.794795961911824,10.404326023342406,0.39046993856941725,B10_engine_only,historical
2,27,13.233258050148503,13.527407022069704,-0.29414897192120115,B10_engine_only,historical
3,86,12.582022118210578,12.604677979890807,-0.022655861680229705,B10_engine_only,historical
4,213,12.148018151310016,12.031892283630311,0.11612586767970434,B10_engine_only,historical
5,375,11.948134365795736,11.911646961412739,0.03648740438299747,B10_engine_only,historical
6,498,11.909144482790785,11.764975930044997,0.14416855274578744,B10_engine_only,historical
7,547,11.68848900896309,11.578264797547199,0.11022421141589156,B10_engine_only,historical
8,546,11.750097363608706,11.474170706704403,0.2759266569043035,B10_engine_only,historical
9,543,11.57515796584577,11.388158206209207,0.18699975963656357,B10_engine_only,historical
10,528,11.698523878721458,11.435259136335805,0.2632647423856529,B10_engine_only,historical
11,517,11.196267914716572,11.025489195145179,0.170778719571393,B10_engine_only,historical
12,523,11.265859422543185,11.090342550920125,0.17551687162305996,B10_engine_only,historical
13,546,10.994203181101279,10.866194173866756,0.1280090072345228,B10_engine_only,historical
14,551,11.053086728710266,10.919084509865069,0.1340022188451968,B10_engine_only,historical
15,543,11.146152184406857,10.964176557657076,0.18197562674978052,B10_engine_only,historical
16,545,11.317252674651513,11.186020928828244,0.13123174582326946,B10_engine_only,historical
17,556,11.43005394729877,11.249540358316036,0.18051358898273406,B10_engine_only,historical
18,553,11.04412391682753,10.837301633283886,0.2068222835436444,B10_engine_only,historical
19,543,11.158654216667612,10.870555123472275,0.28809909319533666,B10_engine_only,historical
20,546,10.929612652211542,10.70829502850862,0.22131762370292307,B10_engine_only,historical
21,548,11.055607408988323,10.927014003674396,0.12859340531392682,B10_engine_only,historical
22,551,10.864520194365904,10.834654859132128,0.02986533523377588,B10_engine_only,historical
23,539,10.936502897817086,10.934172234283654,0.0023306635334314763,B10_engine_only,historical
24,543,10.933157036160098,10.961488755066082,-0.028331718905983294,B10_engine_only,historical
25,532,11.113258728806832,11.156019313235937,-0.042760584429105464,B10_engine_only,historical
26,523,11.178667045483245,11.245287944558065,-0.06662089907482027,B10_engine_only,historical
27,506,11.209976178166503,11.289620613503269,-0.0796444353367658,B10_engine_only,historical
28,463,11.351022241580413,11.41630734669163,-0.06528510511121688,B10_engine_only,historical
29,401,11.117391072069912,11.208770390450303,-0.09137931838039037,B10_engine_only,historical
30,325,10.968431003508165,10.940011250169999,0.028419753338166487,B10_engine_only,historical
0,0,,,,B10d,historical
1,4,10.105378633505355,10.404326023342406,-0.2989473898370516,B10d,historical
2,27,13.54815195150298,13.527407022069704,0.02074492943327577,B10d,historical
3,86,12.78066783742359,12.604677979890807,0.17598985753278207,B10d,historical
4,213,12.439593388883003,12.031892283630311,0.4077011052526913,B10d,historical
5,375,12.197577278047627,11.911646961412739,0.28593031663488766,B10d,historical
6,498,12.075835598488666,11.764975930044997,0.3108596684436691,B10d,historical
7,547,11.826061718194053,11.578264797547199,0.247796920646854,B10d,historical
8,546,11.888775371301417,11.474170706704403,0.4146046645970145,B10d,historical
9,543,11.76443278177981,11.388158206209207,0.3762745755706032,B10d,historical
10,528,11.823742234094007,11.435259136335805,0.38848309775820233,B10d,historical
11,517,11.231823875958955,11.025489195145179,0.20633468081377693,B10d,historical
12,523,11.299947133831477,11.090342550920125,0.20960458291135176,B10d,historical
13,546,11.003441480634862,10.866194173866756,0.13724730676810637,B10d,historical
14,551,11.06774796612359,10.919084509865069,0.14866345625852162,B10d,historical
15,543,11.13010165426345,10.964176557657076,0.1659250966063741,B10d,historical
16,545,11.318685232217605,11.186020928828244,0.13266430338936175,B10d,historical
17,556,11.437285483393527,11.249540358316036,0.18774512507749108,B10d,historical
18,553,11.059336669281562,10.837301633283886,0.22203503599767593,B10d,historical
19,543,11.194648281231173,10.870555123472275,0.324093157758897,B10d,historical
20,546,10.999428384324922,10.70829502850862,0.29113335581630295,B10d,historical
21,548,11.09587175650425,10.927014003674396,0.1688577528298545,B10d,historical
22,551,10.914750668832271,10.834654859132128,0.0800958097001434,B10d,historical
23,539,10.94228053323022,10.934172234283654,0.008108298946565284,B10d,historical
24,543,10.957372911946576,10.961488755066082,-0.0041158431195054135,B10d,historical
25,532,11.142936336180474,11.156019313235937,-0.013082977055463019,B10d,historical
26,523,11.253602158523249,11.245287944558065,0.008314213965183725,B10d,historical
27,506,11.307432872974244,11.289620613503269,0.017812259470975533,B10d,historical
28,463,11.452565413403375,11.41630734669163,0.036258066711745585,B10d,historical
29,401,11.189769932358235,11.208770390450303,-0.019000458092067518,B10d,historical
30,325,10.999380157297786,10.940011250169999,0.059368907127787196,B10d,historical
0,0,,,,B10r,historical
1,4,10.90861028301652,10.404326023342406,0.5042842596741135,B10r,historical
2,27,13.318685695426511,13.527407022069704,-0.2087213266431931,B10r,historical
3,86,12.578970413947257,12.604677979890807,-0.025707565943550392,B10r,historical
4,213,12.180642542207247,12.031892283630311,0.14875025857693558,B10r,historical
5,375,11.989868860806926,11.911646961412739,0.07822189939418678,B10r,historical
6,498,11.936799730216558,11.764975930044997,0.17182380017156085,B10r,historical
7,547,11.715276689433011,11.578264797547199,0.13701189188581253,B10r,historical
8,546,11.772354784195231,11.474170706704403,0.29818407749082887,B10r,historical
9,543,11.611896741455215,11.388158206209207,0.2237385352460084,B10r,historical
10,528,11.699203540673151,11.435259136335805,0.26394440433734623,B10r,historical
11,517,11.161273093748159,11.025489195145179,0.13578389860298046,B10r,historical
12,523,11.216866309049601,11.090342550920125,0.12652375812947625,B10r,historical
13,546,10.960626501994293,10.866194173866756,0.09443232812753699,B10r,historical
14,551,11.02971744147939,10.919084509865069,0.11063293161432064,B10r,historical
15,543,11.125535589051166,10.964176557657076,0.16135903139409002,B10r,historical
16,545,11.29618506881934,11.186020928828244,0.11016413999109709,B10r,historical
17,556,11.410910535022875,11.249540358316036,0.16137017670683917,B10r,historical
18,553,11.03126335313,10.837301633283886,0.193961719846115,B10r,historical
19,543,11.148816541262716,10.870555123472275,0.278261417790441,B10r,historical
20,546,10.924083207641468,10.70829502850862,0.21578817913284887,B10r,historical
21,548,11.041273960534735,10.927014003674396,0.11425995686033907,B10r,historical
22,551,10.863933433274426,10.834654859132128,0.029278574142297842,B10r,historical
23,539,10.928622930964131,10.934172234283654,-0.005549303319522636,B10r,historical
24,543,10.931645427516761,10.961488755066082,-0.02984332754932062,B10r,historical
25,532,11.096153575141248,11.156019313235937,-0.05986573809468965,B10r,historical
26,523,11.183215256100512,11.245287944558065,-0.06207268845755287,B10r,historical
27,506,11.214932035927424,11.289620613503269,-0.07468857757584502,B10r,historical
28,463,11.36436185790805,11.41630734669163,-0.05194548878358063,B10r,historical
29,401,11.118758531665367,11.208770390450303,-0.09001185878493523,B10r,historical
30,325,10.96221985044807,10.940011250169999,0.0222086002780717,B10r,historical
0,0,,,,B10r_engine_only,historical
1,4,10.618179616112435,10.404326023342406,0.2138535927700289,B10r_engine_only,historical
2,27,13.220099501036316,13.527407022069704,-0.30730752103338865,B10r_engine_only,historical
3,86,12.568182795557867,12.604677979890807,-0.03649518433294041,B10r_engine_only,historical
4,213,12.17086236120383,12.031892283630311,0.13897007757351787,B10r_engine_only,historical
5,375,11.972217628709071,11.911646961412739,0.060570667296332203,B10r_engine_only,historical
6,498,11.917975062288553,11.764975930044997,0.152999132243556,B10r_engine_only,historical
7,547,11.702543485372919,11.578264797547199,0.12427868782572027,B10r_engine_only,historical
8,546,11.768316440825945,11.474170706704403,0.29414573412154255,B10r_engine_only,historical
9,543,11.606889814935059,11.388158206209207,0.21873160872585196,B10r_engine_only,historical
10,528,11.69898633929457,11.435259136335805,0.2637272029587656,B10r_engine_only,historical
11,517,11.166920959381779,11.025489195145179,0.1414317642366001,B10r_engine_only,historical
12,523,11.230259118997843,11.090342550920125,0.13991656807771768,B10r_engine_only,historical
13,546,10.967995359922138,10.866194173866756,0.10180118605538269,B10r_engine_only,historical
14,551,11.034119159384632,10.919084509865069,0.1150346495195631,B10r_engine_only,historical
15,543,11.125579704999835,10.964176557657076,0.1614031473427584,B10r_engine_only,historical
16,545,11.296255137514018,11.186020928828244,0.1102342086857746,B10r_engine_only,historical
17,556,11.411532529285074,11.249540358316036,0.16199217096903773,B10r_engine_only,historical
18,553,11.032152021636279,10.837301633283886,0.19485038835239266,B10r_engine_only,historical
19,543,11.150640481192468,10.870555123472275,0.2800853577201927,B10r_engine_only,historical
20,546,10.925908189778438,10.70829502850862,0.2176131612698189,B10r_engine_only,historical
21,548,11.041970200113564,10.927014003674396,0.11495619643916832,B10r_engine_only,historical
22,551,10.861731863370315,10.834654859132128,0.02707700423818693,B10r_engine_only,historical
23,539,10.928258829555249,10.934172234283654,-0.0059134047284050695,B10r_engine_only,historical
24,543,10.93058816641227,10.961488755066082,-0.030900588653810956,B10r_engine_only,historical
25,532,11.09635068683514,11.156019313235937,-0.059668626400798175,B10r_engine_only,historical
26,523,11.17986560849677,11.245287944558065,-0.06542233606129422,B10r_engine_only,historical
27,506,11.211736494592282,11.289620613503269,-0.0778841189109869,B10r_engine_only,historical
28,463,11.360454656111163,11.41630734669163,-0.05585269058046727,B10r_engine_only,historical
29,401,11.118736846001118,11.208770390450303,-0.09003354444918443,B10r_engine_only,historical
30,325,10.959288176354034,10.940011250169999,0.01927692618403576,B10r_engine_only,historical
0,0,,,,B11,historical
1,4,10.22407221012915,10.404326023342406,-0.18025381321325717,B11,historical
2,27,13.142894828666336,13.527407022069704,-0.38451219340336884,B11,historical
3,86,12.57988440675747,12.604677979890807,-0.024793573133337077,B11,historical
4,213,12.248026570278878,12.031892283630311,0.2161342866485665,B11,historical
5,375,12.005926558935762,11.911646961412739,0.09427959752302328,B11,historical
6,498,11.94836549051408,11.764975930044997,0.18338956046908272,B11,historical
7,547,11.713399965397876,11.578264797547199,0.13513516785067736,B11,historical
8,546,11.800132023587805,11.474170706704403,0.3259613168834026,B11,historical
9,543,11.63469819345748,11.388158206209207,0.24653998724827275,B11,historical
10,528,11.742073083662799,11.435259136335805,0.30681394732699374,B11,historical
11,517,11.207785345565272,11.025489195145179,0.18229615042009328,B11,historical
12,523,11.28183080300133,11.090342550920125,0.19148825208120535,B11,historical
13,546,10.992267191301773,10.866194173866756,0.12607301743501687,B11,historical
14,551,11.054188211961451,10.919084509865069,0.1351037020963819,B11,historical
15,543,11.131701297651674,10.964176557657076,0.16752473999459738,B11,historical
16,545,11.301079296205414,11.186020928828244,0.1150583673771699,B11,historical
17,556,11.415256281932926,11.249540358316036,0.16571592361689014,B11,historical
18,553,11.029782755726123,10.837301633283886,0.1924811224422367,B11,historical
19,543,11.157243473970679,10.870555123472275,0.28668835049840347,B11,historical
20,546,10.937980716792133,10.70829502850862,0.22968568828351366,B11,historical
21,548,11.061160369363293,10.927014003674396,0.13414636568889726,B11,historical
22,551,10.87351841698647,10.834654859132128,0.03886355785434148,B11,historical
23,539,10.934882730144187,10.934172234283654,0.0007104958605328449,B11,historical
24,543,10.930030952351233,10.961488755066082,-0.03145780271484888,B11,historical
25,532,11.109585023236058,11.156019313235937,-0.04643428999987975,B11,historical
26,523,11.192057491592513,11.245287944558065,-0.05323045296555229,B11,historical
27,506,11.231104837990951,11.289620613503269,-0.05851577551231735,B11,historical
28,463,11.373300887350032,11.41630734669163,-0.04300645934159775,B11,historical
29,401,11.131621537480253,11.208770390450303,-0.07714885297004948,B11,historical
30,325,10.981435108644224,10.940011250169999,0.04142385847422503,B11,historical
0,0,,,,B12,historical
1,4,10.48465355099528,10.404326023342406,0.08032752765287299,B12,historical
2,27,13.10323112343444,13.527407022069704,-0.42417589863526395,B12,historical
3,86,12.571192834913461,12.604677979890807,-0.03348514497734634,B12,historical
4,213,12.204624917519691,12.031892283630311,0.17273263388937998,B12,historical
5,375,11.958907934654713,11.911646961412739,0.04726097324197376,B12,historical
6,498,11.904658413059966,11.764975930044997,0.139682483014969,B12,historical
7,547,11.680266060087375,11.578264797547199,0.10200126254017583,B12,historical
8,546,11.77715926116221,11.474170706704403,0.3029885544578068,B12,historical
9,543,11.625172858030176,11.388158206209207,0.23701465182096904,B12,historical
10,528,11.735705553145353,11.435259136335805,0.30044641680954776,B12,historical
11,517,11.221457135814958,11.025489195145179,0.19596794066977985,B12,historical
12,523,11.283373562898529,11.090342550920125,0.19303101197840355,B12,historical
13,546,10.996758322417506,10.866194173866756,0.13056414855075005,B12,historical
14,551,11.047553934911829,10.919084509865069,0.1284694250467595,B12,historical
15,543,11.132107204803956,10.964176557657076,0.16793064714688022,B12,historical
16,545,11.300098944030353,11.186020928828244,0.11407801520210903,B12,historical
17,556,11.415950481072922,11.249540358316036,0.16641012275688638,B12,historical
18,553,11.020677717580904,10.837301633283886,0.18337608429701824,B12,historical
19,543,11.140698602129037,10.870555123472275,0.27014347865676136,B12,historical
20,546,10.917135758361322,10.70829502850862,0.20884072985270308,B12,historical
21,548,11.047872539640755,10.927014003674396,0.12085853596635943,B12,historical
22,551,10.872892666058778,10.834654859132128,0.038237806926650464,B12,historical
23,539,10.938868263146572,10.934172234283654,0.004696028862918311,B12,historical
24,543,10.927794939711909,10.961488755066082,-0.03369381535417304,B12,historical
25,532,11.10504666159411,11.156019313235937,-0.050972651641826516,B12,historical
26,523,11.178123799478092,11.245287944558065,-0.06716414507997293,B12,historical
27,506,11.21849636147426,11.289620613503269,-0.07112425202900852,B12,historical
28,463,11.35882503840932,11.41630734669163,-0.05748230828231016,B12,historical
29,401,11.128406212381595,11.208770390450303,-0.08036417806870766,B12,historical
30,325,10.986371732335463,10.940011250169999,0.046360482165464845,B12,historical
0,0,,,,B13,historical
1,4,10.246876434092213,10.404326023342406,-0.15744958925019326,B13,historical
2,27,13.190829380212852,13.527407022069704,-0.33657764185685224,B13,historical
3,86,12.617844048679004,12.604677979890807,0.013166068788196483,B13,historical
4,213,12.189601391038003,12.031892283630311,0.15770910740769217,B13,historical
5,375,11.947830655257741,11.911646961412739,0.036183693845002196,B13,historical
6,498,11.886284089520629,11.764975930044997,0.12130815947563178,B13,historical
7,547,11.689069466095464,11.578264797547199,0.11080466854826554,B13,historical
8,546,11.755443769636745,11.474170706704403,0.28127306293234255,B13,historical
9,543,11.608523087160396,11.388158206209207,0.22036488095118933,B13,historical
10,528,11.70690026361219,11.435259136335805,0.2716411272763857,B13,historical
11,517,11.219423129069181,11.025489195145179,0.1939339339240025,B13,historical
12,523,11.29125698296508,11.090342550920125,0.2009144320449554,B13,historical
13,546,11.002033652341561,10.866194173866756,0.13583947847480538,B13,historical
14,551,11.054400811591961,10.919084509865069,0.1353163017268919,B13,historical
15,543,11.138905358196471,10.964176557657076,0.17472880053939477,B13,historical
16,545,11.31300347452743,11.186020928828244,0.1269825456991871,B13,historical
17,556,11.419109280590835,11.249540358316036,0.1695689222747987,B13,historical
18,553,11.0449769870269,10.837301633283886,0.2076753537430136,B13,historical
19,543,11.160573367904682,10.870555123472275,0.29001824443240665,B13,historical
20,546,10.945649573189526,10.70829502850862,0.23735454468090644,B13,historical
21,548,11.046006264451778,10.927014003674396,0.11899226077738234,B13,historical
22,551,10.872213614260417,10.834654859132128,0.037558755128289434,B13,historical
23,539,10.945788512536858,10.934172234283654,0.01161627825320366,B13,historical
24,543,10.932404751358781,10.961488755066082,-0.029084003707300354,B13,historical
25,532,11.109647580059045,11.156019313235937,-0.04637173317689225,B13,historical
26,523,11.190712126189137,11.245287944558065,-0.054575818368928,B13,historical
27,506,11.230914052269275,11.289620613503269,-0.058706561233993426,B13,historical
28,463,11.371122608639652,11.41630734669163,-0.045184738051977646,B13,historical
29,401,11.135597180150468,11.208770390450303,-0.07317321029983503,B13,historical
30,325,11.010752133330977,10.940011250169999,0.07074088316097793,B13,historical
0,0,,,,B13_garbage_only,historical
1,4,10.256750179416926,10.404326023342406,-0.1475758439254804,B13_garbage_only,historical
2,27,13.233025540829408,13.527407022069704,-0.29438148124029695,B13_garbage_only,historical
3,86,12.647805769662671,12.604677979890807,0.043127789771864045,B13_garbage_only,historical
4,213,12.218320023313735,12.031892283630311,0.18642773968342397,B13_garbage_only,historical
5,375,11.977378310916276,11.911646961412739,0.06573134950353676,B13_garbage_only,historical
6,498,11.914786882982582,11.764975930044997,0.14981095293758528,B13_garbage_only,historical
7,547,11.707345994126644,11.578264797547199,0.1290811965794454,B13_garbage_only,historical
8,546,11.779681229646616,11.474170706704403,0.3055105229422139,B13_garbage_only,historical
9,543,11.626529829903548,11.388158206209207,0.2383716236943414,B13_garbage_only,historical
10,528,11.72290586962876,11.435259136335805,0.287646733292954,B13_garbage_only,historical
11,517,11.221640351741849,11.025489195145179,0.19615115659667026,B13_garbage_only,historical
12,523,11.289367336917808,11.090342550920125,0.19902478599768259,B13_garbage_only,historical
13,546,11.014304147075459,10.866194173866756,0.14810997320870278,B13_garbage_only,historical
14,551,11.071605676470263,10.919084509865069,0.15252116660519377,B13_garbage_only,historical
15,543,11.153166199346073,10.964176557657076,0.18898964168899646,B13_garbage_only,historical
16,545,11.321890243771803,11.186020928828244,0.1358693149435588,B13_garbage_only,historical
17,556,11.419490579546924,11.249540358316036,0.16995022123088788,B13_garbage_only,historical
18,553,11.052593673175858,10.837301633283886,0.2152920398919722,B13_garbage_only,historical
19,543,11.16054854011485,10.870555123472275,0.2899934166425737,B13_garbage_only,historical
20,546,10.94898921844091,10.70829502850862,0.24069418993229164,B13_garbage_only,historical
21,548,11.044122998505214,10.927014003674396,0.1171089948308186,B13_garbage_only,historical
22,551,10.868372671607558,10.834654859132128,0.033717812475430264,B13_garbage_only,historical
23,539,10.946094362367875,10.934172234283654,0.011922128084220773,B13_garbage_only,historical
24,543,10.938489249292008,10.961488755066082,-0.022999505774073725,B13_garbage_only,historical
25,532,11.123087651092288,11.156019313235937,-0.03293166214364973,B13_garbage_only,historical
26,523,11.19635502261972,11.245287944558065,-0.048932921938344975,B13_garbage_only,historical
27,506,11.236573845418077,11.289620613503269,-0.05304676808519204,B13_garbage_only,historical
28,463,11.377345564247111,11.41630734669163,-0.03896178244451853,B13_garbage_only,historical
29,401,11.142783088627798,11.208770390450303,-0.06598730182250456,B13_garbage_only,historical
30,325,11.008640092299926,10.940011250169999,0.06862884212992704,B13_garbage_only,historical
0,0,,,,B13_mismatch_only,historical
1,4,10.255435772177965,10.404326023342406,-0.14889025116444188,B13_mismatch_only,historical
2,27,13.119503971656174,13.527407022069704,-0.40790305041353037,B13_mismatch_only,historical
3,86,12.544906750471172,12.604677979890807,-0.059771229419634864,B13_mismatch_only,historical
4,213,12.196156951331714,12.031892283630311,0.1642646677014028,B13_mismatch_only,historical
5,375,11.967319968334927,11.911646961412739,0.055673006922187795,B13_mismatch_only,historical
6,498,11.911071828078812,11.764975930044997,0.14609589803381517,B13_mismatch_only,historical
7,547,11.694720240604994,11.578264797547199,0.1164554430577951,B13_mismatch_only,historical
8,546,11.76850559510526,11.474170706704403,0.29433488840085786,B13_mismatch_only,historical
9,543,11.61137313002973,11.388158206209207,0.22321492382052277,B13_mismatch_only,historical
10,528,11.713980947734669,11.435259136335805,0.27872181139886365,B13_mismatch_only,historical
11,517,11.197058376145142,11.025489195145179,0.17156918099996332,B13_mismatch_only,historical
12,523,11.268383508886242,11.090342550920125,0.1780409579661164,B13_mismatch_only,historical
13,546,10.968263289625536,10.866194173866756,0.10206911575878053,B13_mismatch_only,historical
14,551,11.022159529549231,10.919084509865069,0.10307501968416233,B13_mismatch_only,historical
15,543,11.107371054211034,10.964176557657076,0.14319449655395822,B13_mismatch_only,historical
16,545,11.290063251786373,11.186020928828244,0.10404232295812932,B13_mismatch_only,historical
17,556,11.410874337812459,11.249540358316036,0.16133397949642259,B13_mismatch_only,historical
18,553,11.027393997813867,10.837301633283886,0.19009236452998124,B13_mismatch_only,historical
19,543,11.153925520592985,10.870555123472275,0.2833703971207093,B13_mismatch_only,historical
20,546,10.932439050579434,10.70829502850862,0.2241440220708153,B13_mismatch_only,historical
21,548,11.05100367991841,10.927014003674396,0.12398967624401358,B13_mismatch_only,historical
22,551,10.868800418784252,10.834654859132128,0.03414555965212429,B13_mismatch_only,historical
23,539,10.929707169523757,10.934172234283654,-0.00446506475989672,B13_mismatch_only,historical
24,543,10.920867405845714,10.961488755066082,-0.040621349220367975,B13_mismatch_only,historical
25,532,11.09129586750703,11.156019313235937,-0.06472344572890698,B13_mismatch_only,historical
26,523,11.180564644442923,11.245287944558065,-0.06472330011514238,B13_mismatch_only,historical
27,506,11.220650277417848,11.289620613503269,-0.06897033608542102,B13_mismatch_only,historical
28,463,11.363567712770283,11.41630734669163,-0.052739633921346396,B13_mismatch_only,historical
29,401,11.121208652404611,11.208770390450303,-0.08756173804569123,B13_mismatch_only,historical
30,325,10.976461280082038,10.940011250169999,0.03645002991203938,B13_mismatch_only,historical
0,0,,,,B14,historical
1,4,10.330927194207382,10.404326023342406,-0.07339882913502471,B14,historical
2,27,13.203198746267311,13.527407022069704,-0.324208275802393,B14,historical
3,86,12.558497981028433,12.604677979890807,-0.04617999886237456,B14,historical
4,213,12.189500284018926,12.031892283630311,0.1576080003886151,B14,historical
5,375,11.95502028818559,11.911646961412739,0.04337332677285133,B14,historical
6,498,11.911112503867173,11.764975930044997,0.14613657382217582,B14,historical
7,547,11.668130297241099,11.578264797547199,0.08986549969390012,B14,historical
8,546,11.72003532244473,11.474170706704403,0.24586461574032725,B14,historical
9,543,11.550757660942368,11.388158206209207,0.1625994547331615,B14,historical
10,528,11.665820636947803,11.435259136335805,0.23056150061199787,B14,historical
11,517,11.168537748444658,11.025489195145179,0.1430485532994794,B14,historical
12,523,11.228809343150305,11.090342550920125,0.13846679223017944,B14,historical
13,546,10.969370200730271,10.866194173866756,0.10317602686351535,B14,historical
14,551,11.026181184554234,10.919084509865069,0.10709667468916528,B14,historical
15,543,11.11442709181734,10.964176557657076,0.15025053416026424,B14,historical
16,545,11.284570253879151,11.186020928828244,0.0985493250509073,B14,historical
17,556,11.402194703556301,11.249540358316036,0.1526543452402649,B14,historical
18,553,11.024398858068935,10.837301633283886,0.18709722478504887,B14,historical
19,543,11.144942521065788,10.870555123472275,0.2743873975935127,B14,historical
20,546,10.922144642500857,10.70829502850862,0.21384961399223812,B14,historical
21,548,11.04479653860356,10.927014003674396,0.11778253492916413,B14,historical
22,551,10.857815504848512,10.834654859132128,0.02316064571638421,B14,historical
23,539,10.92568728950262,10.934172234283654,-0.008484944781034898,B14,historical
24,543,10.917083014406872,10.961488755066082,-0.04440574065920977,B14,historical
25,532,11.082742628221,11.156019313235937,-0.07327668501493712,B14,historical
26,523,11.16351980134898,11.245287944558065,-0.08176814320908576,B14,historical
27,506,11.20929391639987,11.289620613503269,-0.08032669710339846,B14,historical
28,463,11.35907204819,11.41630734669163,-0.05723529850162912,B14,historical
29,401,11.123907929539977,11.208770390450303,-0.08486246091032612,B14,historical
30,325,10.96112777919717,10.940011250169999,0.021116529027171538,B14,historical
0,0,,,,B14v,historical
1,4,10.290141396895152,10.404326023342406,-0.1141846264472548,B14v,historical
2,27,13.131868264079245,13.527407022069704,-0.3955387579904599,B14v,historical
3,86,12.601936385280494,12.604677979890807,-0.0027415946103133138,B14v,historical
4,213,12.249375766008741,12.031892283630311,0.21748348237843018,B14v,historical
5,375,12.022849490719738,11.911646961412739,0.1112025293069987,B14v,historical
6,498,11.955182105735442,11.764975930044997,0.19020617569044518,B14v,historical
7,547,11.720247437883001,11.578264797547199,0.14198264033580266,B14v,historical
8,546,11.794366299967203,11.474170706704403,0.32019559326280067,B14v,historical
9,543,11.629192905354975,11.388158206209207,0.24103469914576792,B14v,historical
10,528,11.730130976289896,11.435259136335805,0.29487183995409083,B14v,historical
11,517,11.196249254284368,11.025489195145179,0.17076005913918912,B14v,historical
12,523,11.264762409417752,11.090342550920125,0.1744198584976271,B14v,historical
13,546,10.980571451096942,10.866194173866756,0.11437727723018654,B14v,historical
14,551,11.043415654019844,10.919084509865069,0.12433114415477498,B14v,historical
15,543,11.12572161662492,10.964176557657076,0.1615450589678442,B14v,historical
16,545,11.30250146883577,11.186020928828244,0.11648054000752595,B14v,historical
17,556,11.41253407038731,11.249540358316036,0.16299371207127322,B14v,historical
18,553,11.033111779406653,10.837301633283886,0.19581014612276704,B14v,historical
19,543,11.152038151532228,10.870555123472275,0.2814830280599523,B14v,historical
20,546,10.933510169704487,10.70829502850862,0.22521514119586783,B14v,historical
21,548,11.048661593999899,10.927014003674396,0.12164759032550343,B14v,historical
22,551,10.864223775996955,10.834654859132128,0.02956891686482699,B14v,historical
23,539,10.930488209715909,10.934172234283654,-0.00368402456774497,B14v,historical
24,543,10.929120728091466,10.961488755066082,-0.03236802697461627,B14v,historical
25,532,11.10711879795711,11.156019313235937,-0.04890051527882733,B14v,historical
26,523,11.1925589812653,11.245287944558065,-0.052728963292764774,B14v,historical
27,506,11.231741019976734,11.289620613503269,-0.05787959352653438,B14v,historical
28,463,11.365956465274563,11.41630734669163,-0.05035088141706723,B14v,historical
29,401,11.12170833311239,11.208770390450303,-0.0870620573379135,B14v,historical
30,325,10.96632808712607,10.940011250169999,0.02631683695607201,B14v,historical
0,0,,,,B15,historical
1,4,10.756027189158512,10.404326023342406,0.351701165816106,B15,historical
2,27,13.189974297183944,13.527407022069704,-0.33743272488576004,B15,historical
3,86,12.483648014793983,12.604677979890807,-0.12102996509682384,B15,historical
4,213,12.072530787841595,12.031892283630311,0.04063850421128379,B15,historical
5,375,11.865285661101664,11.911646961412739,-0.04636130031107477,B15,historical
6,498,11.828703982969358,11.764975930044997,0.06372805292436112,B15,historical
7,547,11.6211379408249,11.578264797547199,0.042873143277700976,B15,historical
8,546,11.663535973315696,11.474170706704403,0.1893652666112935,B15,historical
9,543,11.523430636253572,11.388158206209207,0.13527243004436507,B15,historical
10,528,11.617361124873604,11.435259136335805,0.18210198853779858,B15,historical
11,517,11.146527727351092,11.025489195145179,0.12103853220591354,B15,historical
12,523,11.192997846869293,11.090342550920125,0.10265529594916778,B15,historical
13,546,10.954532512999782,10.866194173866756,0.08833833913302591,B15,historical
14,551,10.999243922879613,10.919084509865069,0.08015941301454355,B15,historical
15,543,11.100029903577203,10.964176557657076,0.1358533459201272,B15,historical
16,545,11.269182969469068,11.186020928828244,0.08316204064082378,B15,historical
17,556,11.404791143596091,11.249540358316036,0.15525078528005487,B15,historical
18,553,11.015415037641096,10.837301633283886,0.17811340435721057,B15,historical
19,543,11.130621935118922,10.870555123472275,0.2600668116466469,B15,historical
20,546,10.89657987001095,10.70829502850862,0.18828484150233038,B15,historical
21,548,11.029191839186042,10.927014003674396,0.10217783551164672,B15,historical
22,551,10.867866494961737,10.834654859132128,0.033211635829609065,B15,historical
23,539,10.93118047798587,10.934172234283654,-0.0029917562977832546,B15,historical
24,543,10.917170332004563,10.961488755066082,-0.044318423061518786,B15,historical
25,532,11.05888645478809,11.156019313235937,-0.09713285844784814,B15,historical
26,523,11.153479054674925,11.245287944558065,-0.09180888988313995,B15,historical
27,506,11.190810286219174,11.289620613503269,-0.09881032728409522,B15,historical
28,463,11.3410583463583,11.41630734669163,-0.07524900033332926,B15,historical
29,401,11.102820421317103,11.208770390450303,-0.10594996913319932,B15,historical
30,325,10.95019174417971,10.940011250169999,0.010180494009711438,B15,historical
0,0,,,,B15_with_preseason,historical
1,4,11.029565891453519,10.404326023342406,0.6252398681111124,B15_with_preseason,historical
2,27,13.274817351381131,13.527407022069704,-0.2525896706885735,B15_with_preseason,historical
3,86,12.487237398745256,12.604677979890807,-0.11744058114555145,B15_with_preseason,historical
4,213,12.077223317191287,12.031892283630311,0.04533103356097534,B15_with_preseason,historical
5,375,11.877161048557529,11.911646961412739,-0.03448591285521019,B15_with_preseason,historical
6,498,11.841142557014711,11.764975930044997,0.0761666269697141,B15_with_preseason,historical
7,547,11.627781751770772,11.578264797547199,0.049516954223573606,B15_with_preseason,historical
8,546,11.665229182254839,11.474170706704403,0.1910584755504363,B15_with_preseason,historical
9,543,11.526243758855616,11.388158206209207,0.13808555264640887,B15_with_preseason,historical
10,528,11.616173960973871,11.435259136335805,0.18091482463806585,B15_with_preseason,historical
11,517,11.137717393851283,11.025489195145179,0.11222819870610401,B15_with_preseason,historical
12,523,11.180352464309046,11.090342550920125,0.09000991338892028,B15_with_preseason,historical
13,546,10.948321332809403,10.866194173866756,0.08212715894264733,B15_with_preseason,historical
14,551,10.99713267537928,10.919084509865069,0.07804816551421112,B15_with_preseason,historical
15,543,11.10097635475192,10.964176557657076,0.13679979709484336,B15_with_preseason,historical
16,545,11.270107383346444,11.186020928828244,0.08408645451820007,B15_with_preseason,historical
17,556,11.404350181800481,11.249540358316036,0.15480982348444527,B15_with_preseason,historical
18,553,11.01474861065018,10.837301633283886,0.17744697736629433,B15_with_preseason,historical
19,543,11.128710552657104,10.870555123472275,0.2581554291848285,B15_with_preseason,historical
20,546,10.895070463383755,10.70829502850862,0.18677543487513582,B15_with_preseason,historical
21,548,11.028700346948726,10.927014003674396,0.10168634327433068,B15_with_preseason,historical
22,551,10.869482656095608,10.834654859132128,0.03482779696348004,B15_with_preseason,historical
23,539,10.931895776206487,10.934172234283654,-0.002276458077167476,B15_with_preseason,historical
24,543,10.91889591477129,10.961488755066082,-0.042592840294791046,B15_with_preseason,historical
25,532,11.060677784237079,11.156019313235937,-0.0953415289988584,B15_with_preseason,historical
26,523,11.156932353271804,11.245287944558065,-0.0883555912862608,B15_with_preseason,historical
27,506,11.193549661265505,11.289620613503269,-0.09607095223776341,B15_with_preseason,historical
28,463,11.343919706252402,11.41630734669163,-0.07238764043922785,B15_with_preseason,historical
29,401,11.102518162839653,11.208770390450303,-0.1062522276106499,B15_with_preseason,historical
30,325,10.951717533279298,10.940011250169999,0.011706283109299775,B15_with_preseason,historical
0,0,,,,B9,historical
1,4,10.274576764095944,10.404326023342406,-0.12974925924646286,B9,historical
2,27,13.160715658102715,13.527407022069704,-0.3666913639669893,B9,historical
3,86,12.576151604852587,12.604677979890807,-0.02852637503822031,B9,historical
4,213,12.229569020239694,12.031892283630311,0.19767673660938279,B9,historical
5,375,11.99886342230586,11.911646961412739,0.08721646089312074,B9,historical
6,498,11.940380731777367,11.764975930044997,0.17540480173236972,B9,historical
7,547,11.711175849582762,11.578264797547199,0.13291105203556342,B9,historical
8,546,11.789792186553008,11.474170706704403,0.31562147984860545,B9,historical
9,543,11.626707979732638,11.388158206209207,0.23854977352343099,B9,historical
10,528,11.726949866799597,11.435259136335805,0.2916907304637917,B9,historical
11,517,11.195280389054428,11.025489195145179,0.16979119390924957,B9,historical
12,523,11.262943380838035,11.090342550920125,0.1726008299179096,B9,historical
13,546,10.978766130373565,10.866194173866756,0.11257195650680885,B9,historical
14,551,11.040861462694835,10.919084509865069,0.12177695282976586,B9,historical
15,543,11.123987930643633,10.964176557657076,0.15981137298655668,B9,historical
16,545,11.301477414218562,11.186020928828244,0.11545648539031816,B9,historical
17,556,11.413340343305661,11.249540358316036,0.163799984989625,B9,historical
18,553,11.034638749769988,10.837301633283886,0.19733711648610175,B9,historical
19,543,11.15322830368809,10.870555123472275,0.28267318021581467,B9,historical
20,546,10.933933777933712,10.70829502850862,0.22563874942509266,B9,historical
21,548,11.049286430302246,10.927014003674396,0.1222724266278501,B9,historical
22,551,10.8644439270483,10.834654859132128,0.029789067916173195,B9,historical
23,539,10.930036159577694,10.934172234283654,-0.004136074705959558,B9,historical
24,543,10.926748703303476,10.961488755066082,-0.03474005176260597,B9,historical
25,532,11.104185868739624,11.156019313235937,-0.051833444496313774,B9,historical
26,523,11.185044973830419,11.245287944558065,-0.060242970727646394,B9,historical
27,506,11.22485846015527,11.289620613503269,-0.06476215334799917,B9,historical
28,463,11.369224036645901,11.41630734669163,-0.04708331004572841,B9,historical
29,401,11.128553873919854,11.208770390450303,-0.0802165165304487,B9,historical
30,325,10.973769739368553,10.940011250169999,0.03375848919855429,B9,historical
