slice,arm,n,margin_rmse,margin_mae,log_loss,MARKET_rmse,gap_vs_MARKET,split
all,B10,25256,11.315251495227082,8.921871462789728,0.5321044288342471,11.162423974211173,0.1528275210159098,validation
all,B10_engine_only,25256,11.32166062881261,8.928675843083214,0.5323984177880239,11.162423974211173,0.15923665460143788,validation
all,B10d,25256,11.347917562891524,8.950160477483283,0.5337528558219161,11.162423974211173,0.1854935886803517,validation
all,B10r,25256,11.306628048074096,8.915859883347377,0.5317376957607746,11.162423974211173,0.1442040738629231,validation
all,B10r_engine_only,25256,11.31165651835799,8.921776611854295,0.5320375097393952,11.162423974211173,0.14923254414681786,validation
all,B11,25256,11.31772605969315,8.926239801929116,0.5323787062771561,11.162423974211173,0.15530208548197777,validation
all,B12,25256,11.311517716975343,8.919737797249955,0.531786191985318,11.162423974211173,0.14909374276417076,validation
all,B13,25256,11.321560255592958,8.92889919896571,0.532553750909421,11.162423974211173,0.1591362813817856,validation
all,B13_garbage_only,25256,11.321902678198631,8.92870529470339,0.5327323778842296,11.162423974211173,0.15947870398745856,validation
all,B13_mismatch_only,25256,11.315165396688885,8.924792597977197,0.5321329975498593,11.162423974211173,0.15274142247771216,validation
all,B14,25256,11.302333051895866,8.914571006790924,0.5316166246187584,11.162423974211173,0.13990907768469363,validation
all,B14v,25256,11.31715090414902,8.927787113333354,0.5324580121352115,11.162423974211173,0.15472692993784776,validation
all,B15,25256,11.290198167702144,8.904357182367356,0.5306289818033355,11.162423974211173,0.1277741934909713,validation
all,B15_with_preseason,25256,11.287140432625892,8.899768222216354,0.5304604667147896,11.162423974211173,0.1247164584147189,validation
all,B9,25256,11.315465656757059,8.924873721449377,0.53230569931944,11.162423974211173,0.15304168254588646,validation
Nov,B10,4525,12.073254735337555,9.528480538620883,0.4668102052528653,11.729151010427582,0.34410372490997254,validation
Nov,B10_engine_only,4525,12.084620385142866,9.542750359916402,0.4680300068385707,11.729151010427582,0.35546937471528395,validation
Nov,B10d,4525,12.090933654535089,9.545783111104292,0.46841082185427124,11.729151010427582,0.3617826441075067,validation
Nov,B10r,4525,12.05016604327317,9.513293819426803,0.46592556201327945,11.729151010427582,0.3210150328455885,validation
Nov,B10r_engine_only,4525,12.0608539712746,9.529998752322262,0.4673690042056818,11.729151010427582,0.3317029608470179,validation
Nov,B11,4525,12.07926360652422,9.547100993209648,0.4685119882854199,11.729151010427582,0.35011259609663803,validation
Nov,B12,4525,12.056099567738556,9.52326702725034,0.46700574508802856,11.729151010427582,0.32694855731097405,validation
Nov,B13,4525,12.079419115328076,9.545229184029738,0.46791696210634237,11.729151010427582,0.3502681049004934,validation
Nov,B13_garbage_only,4525,12.074280501700088,9.53587589672412,0.4682401085296446,11.729151010427582,0.34512949127250536,validation
Nov,B13_mismatch_only,4525,12.076812401783485,9.55005463155105,0.4678406598117851,11.729151010427582,0.3476613913559028,validation
Nov,B14,4525,12.01551318726538,9.488696820388737,0.46564063198205785,11.729151010427582,0.2863621768377982,validation
Nov,B14v,4525,12.073470043712454,9.5453710124428,0.46837984059545973,11.729151010427582,0.34431903328487223,validation
Nov,B15,4525,11.986877800643306,9.468591609195467,0.46323449465501304,11.729151010427582,0.25772679021572387,validation
Nov,B15_with_preseason,4525,11.982729740700854,9.457163073135396,0.4623015860189662,11.729151010427582,0.25357873027327216,validation
Nov,B9,4525,12.072354875914947,9.540987179515316,0.4681999210291775,11.729151010427582,0.34320386548736437,validation
Dec,B10,4843,11.597247735361814,9.161377613527439,0.4906749693891876,11.414722553643928,0.18252518171788523,validation
Dec,B10_engine_only,4843,11.604705324921811,9.166877981520926,0.49079707277546486,11.414722553643928,0.189982771277883,validation
Dec,B10d,4843,11.632864868158626,9.183349672269102,0.4920545739319228,11.414722553643928,0.21814231451469723,validation
Dec,B10r,4843,11.583718900422488,9.146297473482596,0.4904166770363327,11.414722553643928,0.16899634677855957,validation
Dec,B10r_engine_only,4843,11.588206012299548,9.149784454732345,0.49041363105977587,11.414722553643928,0.17348345865561932,validation
Dec,B11,4843,11.592281528680703,9.151444040286549,0.4901858533716123,11.414722553643928,0.1775589750367743,validation
Dec,B12,4843,11.581214275486953,9.140292707382747,0.48929154817519355,11.414722553643928,0.16649172184302508,validation
Dec,B13,4843,11.596073012464412,9.155913864460992,0.49090799433954024,11.414722553643928,0.18135045882048395,validation
Dec,B13_garbage_only,4843,11.599471996320608,9.157648035350567,0.4912625187709006,11.414722553643928,0.18474944267667937,validation
Dec,B13_mismatch_only,4843,11.586991377705258,9.147776789804555,0.48990970567310166,11.414722553643928,0.17226882406133015,validation
Dec,B14,4843,11.574148110823636,9.141322507395607,0.4890931958204425,11.414722553643928,0.1594255571797074,validation
Dec,B14v,4843,11.590507096748597,9.150508738316548,0.4902718010118938,11.414722553643928,0.17578454310466896,validation
Dec,B15,4843,11.553446372273525,9.12559365452715,0.4877186279276401,11.414722553643928,0.1387238186295967,validation
Dec,B15_with_preseason,4843,11.551452606369807,9.123005631405267,0.487939405805288,11.414722553643928,0.1367300527258788,validation
Dec,B9,4843,11.590510370816993,9.15062099212197,0.4902562662439382,11.414722553643928,0.1757878171730649,validation
Jan-Mar,B10,15888,11.000735874409191,8.676098907643786,0.5633292043754213,10.916433639879706,0.08430223452948482,validation
Jan-Mar,B10_engine_only,15888,11.005265787557141,8.68117457513734,0.5634119105776826,10.916433639879706,0.08883214767743475,validation
Jan-Mar,B10d,15888,11.037170970761167,8.709442470970018,0.5650731908481516,10.916433639879706,0.12073733088146099,validation
Jan-Mar,B10r,15888,10.998195933092436,8.67546475433276,0.5630769202629075,10.916433639879706,0.08176229321272999,validation
Jan-Mar,B10r_engine_only,15888,11.00163729656176,8.679049574550927,0.5631433400506647,10.916433639879706,0.08520365668205443,validation
Jan-Mar,B11,15888,11.004498641819598,8.680767683543577,0.5634296180051366,10.916433639879706,0.08806500193989208,validation
Jan-Mar,B12,15888,11.005138222622312,8.680619141942499,0.5631893315990306,10.916433639879706,0.08870458274260606,validation
Jan-Mar,B13,15888,11.00950072309852,8.684165739284918,0.563657216946799,10.916433639879706,0.09306708321881452,validation
Jan-Mar,B13_garbage_only,15888,11.010574381569953,8.685992765303965,0.5637410666125369,10.916433639879706,0.09414074169024644,validation
Jan-Mar,B13_mismatch_only,15888,11.002777136426994,8.678743810027699,0.5633144068413954,10.916433639879706,0.08634349654728801,validation
Jan-Mar,B14,15888,11.005045442744095,8.681937772654559,0.5633690372793396,10.916433639879706,0.08861180286438852,validation
Jan-Mar,B14v,15888,11.005938756801124,8.684005141199428,0.5635671225762743,10.916433639879706,0.08950511692141738,validation
Jan-Mar,B15,15888,11.000768681896117,8.676222173803213,0.562903333399896,10.916433639879706,0.08433504201641107,validation
Jan-Mar,B15_with_preseason,15888,10.997705678303522,8.672971238762768,0.5628338575212672,10.916433639879706,0.08127203842381547,validation
Jan-Mar,B9,15888,11.003531378269562,8.68058825886027,0.5633809794773009,10.916433639879706,0.0870977383898559,validation
game 1,B10,1051,13.060315326866125,10.239065759012359,0.41911673018908674,12.354529364306474,0.7057859625596503,validation
game 1,B10_engine_only,1051,13.051685349662977,10.242317821063127,0.4204117388432016,12.354529364306474,0.6971559853565026,validation
game 1,B10d,1051,13.045625628684245,10.236880444631224,0.421610011271194,12.354529364306474,0.6910962643777712,validation
game 1,B10r,1051,13.051641924051516,10.234162853952695,0.419211993505643,12.354529364306474,0.697112559745042,validation
game 1,B10r_engine_only,1051,13.050991303209614,10.240441209614279,0.4210324326979616,12.354529364306474,0.6964619389031395,validation
game 1,B11,1051,13.074088463792348,10.273430911847143,0.42296927090022773,12.354529364306474,0.719559099485874,validation
game 1,B12,1051,13.063646750989943,10.245917924281951,0.42189594716955564,12.354529364306474,0.7091173866834684,validation
game 1,B13,1051,13.06881590166575,10.261765056745196,0.4220856104472454,12.354529364306474,0.7142865373592766,validation
game 1,B13_garbage_only,1051,13.069405421433103,10.262306900149015,0.4222639555103748,12.354529364306474,0.714876057126629,validation
game 1,B13_mismatch_only,1051,13.06133575722272,10.26457687419258,0.4223969542249944,12.354529364306474,0.7068063929162456,validation
game 1,B14,1051,12.94611655052021,10.160740896181053,0.4188391740982015,12.354529364306474,0.5915871862137365,validation
game 1,B14v,1051,13.061819263329191,10.265817012603561,0.42241310222210987,12.354529364306474,0.707289899022717,validation
game 1,B15,1051,12.931238110993004,10.129389131958378,0.41628707842364726,12.354529364306474,0.5767087466865295,validation
game 1,B15_with_preseason,1051,12.941115867910884,10.135163514598492,0.41504763799412914,12.354529364306474,0.5865865036044102,validation
game 1,B9,1051,13.062088691613967,10.263749315544658,0.4226427195636628,12.354529364306474,0.7075593273074929,validation
games 2-3,B10,1901,12.145422806252132,9.612940745524329,0.46670964834625506,11.725742193320592,0.4196806129315398,validation
games 2-3,B10_engine_only,1901,12.141750166507782,9.607531099413253,0.468130688913031,11.725742193320592,0.41600797318718996,validation
games 2-3,B10d,1901,12.154441027159884,9.615699004696342,0.46964921119206127,11.725742193320592,0.42869883383929164,validation
games 2-3,B10r,1901,12.117925450333095,9.590127492489879,0.46506726562371736,11.725742193320592,0.392183257012503,validation
games 2-3,B10r_engine_only,1901,12.112742960913716,9.595999549981318,0.4669457637686717,11.725742193320592,0.38700076759312374,validation
games 2-3,B11,1901,12.141896527583718,9.61964928233787,0.4693832984641087,11.725742193320592,0.4161543342631262,validation
games 2-3,B12,1901,12.107347293404633,9.588137047418147,0.46679900370366345,11.725742193320592,0.381605100084041,validation
games 2-3,B13,1901,12.140709457953914,9.606220383720055,0.46907826625313176,11.725742193320592,0.41496726463332223,validation
games 2-3,B13_garbage_only,1901,12.13912982679396,9.604760388300651,0.4696776644120923,11.725742193320592,0.41338763347336815,validation
games 2-3,B13_mismatch_only,1901,12.128972038296135,9.60958963025791,0.4678999408335431,11.725742193320592,0.40322984497554337,validation
games 2-3,B14,1901,12.052492204096813,9.532362957676302,0.46427937156303867,11.725742193320592,0.32675001077622134,validation
games 2-3,B14v,1901,12.124090495661168,9.605441626881492,0.4685049444394536,11.725742193320592,0.39834830234057605,validation
games 2-3,B15,1901,12.017257006117056,9.507865645282983,0.46075372909411194,11.725742193320592,0.2915148127964642,validation
games 2-3,B15_with_preseason,1901,12.033441193640794,9.511845858833112,0.45979395647070487,11.725742193320592,0.30769900032020203,validation
games 2-3,B9,1901,12.126190994581094,9.606456773533107,0.46853131907586976,11.725742193320592,0.4004488012605023,validation
games 4-5,B10,1755,11.63356189732027,9.245593161362391,0.5003723769234908,11.398192989189269,0.23536890813100086,validation
games 4-5,B10_engine_only,1755,11.662513401158723,9.274132737319407,0.5003374744148251,11.398192989189269,0.2643204119694538,validation
games 4-5,B10d,1755,11.66157898876288,9.267192105942803,0.49878996544497245,11.398192989189269,0.263385999573611,validation
games 4-5,B10r,1755,11.601040356658974,9.22897432851241,0.49896396221734984,11.398192989189269,0.20284736746970466,validation
games 4-5,B10r_engine_only,1755,11.62276079704685,9.247111451115348,0.49859754082127344,11.398192989189269,0.22456780785758035,validation
games 4-5,B11,1755,11.635155990351254,9.253824209155844,0.4983899108194931,11.398192989189269,0.23696300116198543,validation
games 4-5,B12,1755,11.60978325411884,9.232739449935325,0.4969678956572317,11.398192989189269,0.2115902649295709,validation
games 4-5,B13,1755,11.629216331366969,9.260588936645824,0.498017071598245,11.398192989189269,0.23102334217769993,validation
games 4-5,B13_garbage_only,1755,11.632607770635023,9.250246419082512,0.49821519915450496,11.398192989189269,0.23441478144575356,validation
games 4-5,B13_mismatch_only,1755,11.633081700670822,9.263597321836588,0.4984565533084932,11.398192989189269,0.23488871148155255,validation
games 4-5,B14,1755,11.637024892244407,9.253127944385989,0.4979848281225207,11.398192989189269,0.23883190305513757,validation
games 4-5,B14v,1755,11.6436123251125,9.265818434074864,0.4991305523429263,11.398192989189269,0.24541933592323062,validation
games 4-5,B15,1755,11.584288587128315,9.223676755837594,0.49585430972396405,11.398192989189269,0.18609559793904573,validation
games 4-5,B15_with_preseason,1755,11.565283854455746,9.19957900796433,0.49631472733992327,11.398192989189269,0.1670908652664771,validation
games 4-5,B9,1755,11.638166308087518,9.254524256557728,0.4986494100661909,11.398192989189269,0.23997331889824913,validation
games 6-10,B10,4487,11.459941282255818,9.031194182819274,0.5016651376741912,11.35249290525242,0.10744837700339716,validation
games 6-10,B10_engine_only,4487,11.469165969026603,9.040667806184722,0.5023534388422143,11.35249290525242,0.11667306377418285,validation
games 6-10,B10d,4487,11.491279579436597,9.055856757381164,0.5032508074682968,11.35249290525242,0.13878667418417656,validation
games 6-10,B10r,4487,11.448682055261436,9.020287470518772,0.5017491770004898,11.35249290525242,0.09618915000901573,validation
games 6-10,B10r_engine_only,4487,11.455038069407216,9.02692650986588,0.5023345114120579,11.35249290525242,0.10254516415479564,validation
games 6-10,B11,4487,11.450016134699109,9.022214933185174,0.5015525308548102,11.35249290525242,0.09752322944668812,validation
games 6-10,B12,4487,11.442860575885247,9.01514003299778,0.5010904841504636,11.35249290525242,0.09036767063282625,validation
games 6-10,B13,4487,11.4625213117295,9.035093877343366,0.5022576180165754,11.35249290525242,0.11002840647707934,validation
games 6-10,B13_garbage_only,4487,11.455939876186658,9.030230290840791,0.5026879203308178,11.35249290525242,0.10344697093423783,validation
games 6-10,B13_mismatch_only,4487,11.456148716554813,9.02590910862494,0.501252484874343,11.35249290525242,0.10365581130239221,validation
games 6-10,B14,4487,11.443060823329539,9.017225785250524,0.5011306947897548,11.35249290525242,0.09056791807711839,validation
games 6-10,B14v,4487,11.450972064784052,9.02145931299708,0.5018174912153455,11.35249290525242,0.09847915953163167,validation
games 6-10,B15,4487,11.4417303024779,9.017967767331793,0.5005497118592357,11.35249290525242,0.08923739722547985,validation
games 6-10,B15_with_preseason,4487,11.435530327118768,9.011873556983346,0.5001663423226148,11.35249290525242,0.08303742186634722,validation
games 6-10,B9,4487,11.449957528929549,9.022272779874081,0.5016716527498128,11.35249290525242,0.09746462367712816,validation
games 11+,B10,16062,11.010346338197053,8.687980506646278,0.5592079277461066,10.929897543722651,0.08044879447440145,validation
games 11+,B10_engine_only,16062,11.015823931028514,8.693342363506492,0.5592288080452882,10.929897543722651,0.08592638730586266,validation
games 11+,B10d,16062,11.05073405404689,8.723029289489713,0.5610188078601672,10.929897543722651,0.12083651032423859,validation
games 11+,B10r,16062,11.007696570668534,8.686411397356295,0.5589498353951163,10.929897543722651,0.07779902694588259,validation
games 11+,B10r_engine_only,16062,11.012193784165124,8.690772718633879,0.5589563395244131,10.929897543722651,0.08229624044247252,validation
games 11+,B11,16062,11.016435142096526,8.69341572476502,0.5593187493590898,10.929897543722651,0.08653759837387476,validation
games 11+,B12,16062,11.016721572597941,8.693002022107152,0.5590476191634761,10.929897543722651,0.08682402887528973,validation
games 11+,B13,16062,11.02024594472616,8.69561314490934,0.5595316822030746,10.929897543722651,0.09034840100350827,validation
games 11+,B13_garbage_only,16062,11.022479778207638,8.697934322769285,0.5595880902449741,10.929897543722651,0.09258223448498626,validation
games 11+,B13_mismatch_only,16062,11.01343183741214,8.69081024793874,0.5592219430342816,10.929897543722651,0.08353429368948895,validation
games 11+,B14,16062,11.014897617812872,8.694241877864906,0.5591568679601646,10.929897543722651,0.08500007409022103,validation
games 11+,B14v,16062,11.017525545390953,8.696929014579743,0.5594288558228722,10.929897543722651,0.08762800166830154,validation
games 11+,B15,16062,11.007486666746743,8.68614309239111,0.5585832483698129,10.929897543722651,0.07758912302409193,validation
games 11+,B15_with_preseason,16062,11.0036864019343,8.68241393224068,0.5585697574450846,10.929897543722651,0.07378885821164793,validation
games 11+,B9,16062,11.015432368429849,8.693369930161113,0.5592645240712592,10.929897543722651,0.08553482470719764,validation
all,B10,4760,11.2765772935183,8.903795330754045,0.5461808892098168,11.168345122403284,0.10823217111501648,historical
all,B10_engine_only,4760,11.276261941984432,8.906121039395632,0.5461943586494207,11.168345122403284,0.1079168195811473,historical
all,B10d,4760,11.342432692790442,8.95535160042315,0.5489324824091824,11.168345122403284,0.17408757038715805,historical
all,B10r,4760,11.27241676848327,8.90068651623031,0.5457519217150489,11.168345122403284,0.10407164607998531,historical
all,B10r_engine_only,4760,11.270184890573264,8.899234374341486,0.5456743156935694,11.168345122403284,0.1018397681699792,historical
all,B11,4760,11.288709963692659,8.9124069041387,0.5464737086478815,11.168345122403284,0.12036484128937452,historical
all,B12,4760,11.27847608158816,8.911512833337165,0.5460969136169455,11.168345122403284,0.11013095918487537,historical
all,B13,4760,11.282798100462129,8.915887704838589,0.546510560452183,11.168345122403284,0.11445297805884458,historical
all,B13_garbage_only,4760,11.2923260819642,8.92334131828115,0.5467997859696274,11.168345122403284,0.1239809595609156,historical
all,B13_mismatch_only,4760,11.272181895057338,8.900501397125193,0.545854575823566,11.168345122403284,0.10383677265405389,historical
all,B14,4760,11.257916509779896,8.890830773847563,0.5454571002033142,11.168345122403284,0.08957138737661197,historical
all,B14v,4760,11.285180100282181,8.910445934997435,0.5463436416487614,11.168345122403284,0.11683497787889685,historical
all,B15,4760,11.232270182027284,8.876403598440492,0.5445715045211454,11.168345122403284,0.0639250596239993,historical
all,B15_with_preseason,4760,11.233514239215115,8.876327506482324,0.5446433290357494,11.168345122403284,0.06516911681183046,historical
all,B9,4760,11.281234612675343,8.907532502197878,0.5461365887558511,11.168345122403284,0.11288949027205852,historical
Nov,B10,262,12.35765084711189,9.618060327835007,0.5061955220828459,12.39236098114572,-0.03471013403382983,historical
Nov,B10_engine_only,262,12.327905390553475,9.587366973564123,0.5037533397609225,12.39236098114572,-0.06445559059224415,historical
Nov,B10d,262,12.601564917881525,9.846916333206446,0.5145928238341247,12.39236098114572,0.20920393673580584,historical
Nov,B10r,262,12.38844322043925,9.649302501839509,0.5072866447684727,12.39236098114572,-0.003917760706469764,historical
Nov,B10r_engine_only,262,12.344914771863586,9.599840802383927,0.5039519013083057,12.39236098114572,-0.04744620928213372,historical
Nov,B11,262,12.38227630919137,9.635564270725313,0.5042575200307043,12.39236098114572,-0.010084671954349034,historical
Nov,B12,262,12.329424841318232,9.596305854200534,0.5019809638317402,12.39236098114572,-0.06293613982748703,historical
Nov,B13,262,12.307641190645107,9.613616345020157,0.5032698767035936,12.39236098114572,-0.08471979050061229,historical
Nov,B13_garbage_only,262,12.332303850033274,9.637375665790524,0.5039074422695621,12.39236098114572,-0.060057131112445816,historical
Nov,B13_mismatch_only,262,12.344765241122378,9.603059146492614,0.5035440309706999,12.39236098114572,-0.04759574002334155,historical
Nov,B14,262,12.341635637642739,9.595009378834563,0.5028580597009441,12.39236098114572,-0.050725343502980635,historical
Nov,B14v,262,12.411948094031592,9.656881640675346,0.5064815712227361,12.39236098114572,0.01958711288587267,historical
Nov,B15,262,12.228864827598626,9.510352717400162,0.5002830507962456,12.39236098114572,-0.16349615354709357,historical
Nov,B15_with_preseason,262,12.261169121803084,9.540136945469035,0.5029128929587792,12.39236098114572,-0.13119185934263555,historical
Nov,B9,262,12.376360162486307,9.629766181826534,0.5042283393738626,12.39236098114572,-0.016000818659412275,historical
Dec,B10,960,11.700360648818517,9.149970806896553,0.44682426583588786,11.46389259079713,0.23646805802138715,historical
Dec,B10_engine_only,960,11.702326917223077,9.147458961965166,0.44715043540280364,11.46389259079713,0.23843432642594742,historical
Dec,B10d,960,11.816765828025144,9.193383461836483,0.4517739624506342,11.46389259079713,0.3528732372280139,historical
Dec,B10r,960,11.701978623281908,9.137948754315724,0.4464056494543619,11.46389259079713,0.23808603248477844,historical
Dec,B10r_engine_only,960,11.705120951293312,9.1330961839757,0.44679814212845614,11.46389259079713,0.2412283604961818,historical
Dec,B11,960,11.735629569275652,9.158642103207178,0.4479482639897585,11.46389259079713,0.27173697847852196,historical
Dec,B12,960,11.721555349818647,9.158669774630168,0.44754212485980766,11.46389259079713,0.2576627590215175,historical
Dec,B13,960,11.714645525546025,9.183110283270258,0.4479937518263928,11.46389259079713,0.2507529347488955,historical
Dec,B13_garbage_only,960,11.731243430794487,9.183718464650598,0.44872111726741865,11.46389259079713,0.2673508399973574,historical
Dec,B13_mismatch_only,960,11.71398395524203,9.158602026947095,0.44708229913148667,11.46389259079713,0.2500913644449003,historical
Dec,B14,960,11.67327651347096,9.120902427442935,0.44642158066361276,11.46389259079713,0.20938392267382966,historical
Dec,B14v,960,11.726949706415976,9.154743675458265,0.44762278105041486,11.46389259079713,0.2630571156188459,historical
Dec,B15,960,11.631561315374658,9.104028381145373,0.44475827100834014,11.46389259079713,0.16766872457752768,historical
Dec,B15_with_preseason,960,11.62550788553576,9.102544589557404,0.4445203934901151,11.46389259079713,0.16161529473862934,historical
Dec,B9,960,11.726264380302341,9.155874652016754,0.44773122729827075,11.46389259079713,0.26237178950521134,historical
Jan-Mar,B10,3538,11.07370811774468,8.784104577127133,0.5761013314444798,10.990057946045306,0.08365017169937339,historical
Jan-Mar,B10_engine_only,3538,11.075167400796206,8.790188071498829,0.5762118016300705,10.990057946045306,0.08510945475089926,historical
Jan-Mar,B10d,3538,11.110241311997077,8.82474093141636,0.5778384094037757,10.990057946045306,0.12018336595177104,historical
Jan-Mar,B10r,3538,11.064993928112115,8.78087047982793,0.5755569878343996,10.990057946045306,0.0749359820668083,historical
Jan-Mar,B10r_engine_only,3538,11.064635960338924,8.78389626767219,0.5755930266012708,10.990057946045306,0.07457801429361766,historical
Jan-Mar,B11,3538,11.078174699183498,8.792041437448075,0.5763338183961852,10.990057946045306,0.08811675313819123,historical
Jan-Mar,B12,3538,11.072557694136096,8.793738261514811,0.5761056688601834,10.990057946045306,0.08249974809078964,historical
Jan-Mar,B13,3538,11.08225642551858,8.791710605058496,0.5764441939804162,10.990057946045306,0.09219847947327331,historical
Jan-Mar,B13_garbage_only,3538,11.088516653707837,8.799814167472183,0.576588739051464,10.990057946045306,0.09845870766253029,historical
Jan-Mar,B13_mismatch_only,3538,11.064840166085462,8.778441833822965,0.5757886482870616,10.990057946045306,0.07478222004015578,historical
Jan-Mar,B14,3538,11.057229500814978,8.776256556222307,0.5754839649205934,10.990057946045306,0.06717155476967207,historical
Jan-Mar,B14v,3538,11.073370257758128,8.788882343779232,0.576082445669686,10.990057946045306,0.08331231171282205,historical
Jan-Mar,B15,3538,11.04333692449081,8.767694027902301,0.5749345002950904,10.990057946045306,0.053278978445503,historical
Jan-Mar,B15_with_preseason,3538,11.044116402526948,8.765788650414887,0.5749009300464829,10.990057946045306,0.054058456481641315,historical
Jan-Mar,B9,3538,11.07110786928582,8.786663737955699,0.5759413112932616,10.990057946045306,0.08104992324051352,historical
game 1,B10,0,,,,,,historical
game 1,B10_engine_only,0,,,,,,historical
game 1,B10d,0,,,,,,historical
game 1,B10r,0,,,,,,historical
game 1,B10r_engine_only,0,,,,,,historical
game 1,B11,0,,,,,,historical
game 1,B12,0,,,,,,historical
game 1,B13,0,,,,,,historical
game 1,B13_garbage_only,0,,,,,,historical
game 1,B13_mismatch_only,0,,,,,,historical
game 1,B14,0,,,,,,historical
game 1,B14v,0,,,,,,historical
game 1,B15,0,,,,,,historical
game 1,B15_with_preseason,0,,,,,,historical
game 1,B9,0,,,,,,historical
games 2-3,B10,4,11.053508140096064,10.604862248044864,0.9464486358889699,10.404326023342406,0.6491821167536571,historical
games 2-3,B10_engine_only,4,10.794795961911824,10.193245526184793,0.9144401759015699,10.404326023342406,0.39046993856941725,historical
games 2-3,B10d,4,10.105378633505355,9.273585602931151,0.8235001857917559,10.404326023342406,-0.2989473898370516,historical
games 2-3,B10r,4,10.90861028301652,10.372810770620363,0.9254915303353182,10.404326023342406,0.5042842596741135,historical
games 2-3,B10r_engine_only,4,10.618179616112435,9.956849636176852,0.8924283717819737,10.404326023342406,0.2138535927700289,historical
games 2-3,B11,4,10.22407221012915,9.632648288092476,0.8614774772910928,10.404326023342406,-0.18025381321325717,historical
games 2-3,B12,4,10.48465355099528,9.875129205557235,0.8835040879818454,10.404326023342406,0.08032752765287299,historical
games 2-3,B13,4,10.246876434092213,9.721925401723714,0.8695283431028092,10.404326023342406,-0.15744958925019326,historical
games 2-3,B13_garbage_only,4,10.256750179416926,9.710022212445619,0.8653310161772674,10.404326023342406,-0.1475758439254804,historical
games 2-3,B13_mismatch_only,4,10.255435772177965,9.697633732010793,0.8688031153155833,10.404326023342406,-0.14889025116444188,historical
games 2-3,B14,4,10.330927194207382,9.741154217656572,0.8739686356373391,10.404326023342406,-0.07339882913502471,historical
games 2-3,B14v,4,10.290141396895152,9.72031141651612,0.8676322290302181,10.404326023342406,-0.1141846264472548,historical
games 2-3,B15,4,10.756027189158512,10.143826849732129,0.9162671709886085,10.404326023342406,0.351701165816106,historical
games 2-3,B15_with_preseason,4,11.029565891453519,10.516358615462604,0.94713331181537,10.404326023342406,0.6252398681111124,historical
games 2-3,B9,4,10.274576764095944,9.692142100750939,0.8653822874075477,10.404326023342406,-0.12974925924646286,historical
games 4-5,B10,82,12.643436417497101,9.868600588636744,0.5225045431057165,12.702265977990296,-0.05882956049319432,historical
games 4-5,B10_engine_only,82,12.662752971355438,9.928146716200768,0.5262366422482712,12.702265977990296,-0.03951300663485746,historical
games 4-5,B10d,82,12.89698194160055,10.176240978042577,0.5465527563970755,12.702265977990296,0.19471596361025512,historical
games 4-5,B10r,82,12.654812832075942,9.894023739902028,0.5239058903567909,12.702265977990296,-0.047453145914353456,historical
games 4-5,B10r_engine_only,82,12.655621455026385,9.922509315925554,0.5268614307439061,12.702265977990296,-0.04664452296391097,historical
games 4-5,B11,82,12.683614201239696,9.936031005613318,0.5307900098938975,12.702265977990296,-0.018651776750600035,historical
games 4-5,B12,82,12.664184488791586,9.905888505191964,0.5285299674047264,12.702265977990296,-0.03808148919871002,historical
games 4-5,B13,82,12.722203127843558,10.05989633922993,0.5332022723222408,12.702265977990296,0.01993714985326278,historical
games 4-5,B13_garbage_only,82,12.752980288085217,10.087076647362615,0.5339377337328154,12.702265977990296,0.050714310094921444,historical
games 4-5,B13_mismatch_only,82,12.645989960670175,9.916166037287217,0.5295182796152204,12.702265977990296,-0.056276017320120886,historical
games 4-5,B14,82,12.657135616712818,9.9505316211658,0.5303600745469911,12.702265977990296,-0.045130361277477604,historical
games 4-5,B14v,82,12.703950229123603,9.975277199346621,0.5307852780318247,12.702265977990296,0.0016842511333070576,historical
games 4-5,B15,82,12.561845902665395,9.849913597096972,0.5261975930367825,12.702265977990296,-0.14042007532490075,historical
games 4-5,B15_with_preseason,82,12.554014575226452,9.833821437620143,0.5231074544836325,12.702265977990296,-0.14825140276384374,historical
games 4-5,B9,82,12.67773973827754,9.94472007336758,0.5297979677798403,12.702265977990296,-0.024526239712756137,historical
games 6-10,B10,862,11.81284386521596,9.212389299852688,0.4798729598899794,11.618925077372532,0.19391878784342786,historical
games 6-10,B10_engine_only,862,11.800319631173009,9.191138867835834,0.47934943227236587,11.618925077372532,0.18139455380047664,historical
games 6-10,B10d,862,11.987730880089076,9.299930388172651,0.48737135624771033,11.618925077372532,0.36880580271654395,historical
games 6-10,B10r,862,11.836067372468825,9.21630541867798,0.4807191519464093,11.618925077372532,0.21714229509629313,historical
games 6-10,B10r_engine_only,862,11.823425347720002,9.192062551753846,0.48014306830060144,11.618925077372532,0.2045002703474701,historical
games 6-10,B11,862,11.85440271870172,9.220436348277445,0.4809735332043046,11.618925077372532,0.23547764132918836,historical
games 6-10,B12,862,11.818747560657572,9.202285680729299,0.4796938320229889,11.618925077372532,0.1998224832850397,historical
games 6-10,B13,862,11.798254479246909,9.220390663025134,0.4794067322438929,11.618925077372532,0.17932940187437652,historical
games 6-10,B13_garbage_only,862,11.82484953856471,9.23362717448577,0.48020667772638065,11.618925077372532,0.20592446119217733,historical
games 6-10,B13_mismatch_only,862,11.820343661187307,9.203490684889404,0.48006627020743275,11.618925077372532,0.20141858381477462,historical
games 6-10,B14,862,11.78585387957369,9.165869943138125,0.47891356271596336,11.618925077372532,0.16692880220115747,historical
games 6-10,B14v,862,11.855510094799394,9.222227780634494,0.48145002124249814,11.618925077372532,0.23658501742686155,historical
games 6-10,B15,862,11.718178195107031,9.122927646056585,0.47681797581899016,11.618925077372532,0.09925311773449863,historical
games 6-10,B15_with_preseason,862,11.727095399830656,9.137748743061678,0.47737057366422386,11.618925077372532,0.10817032245812364,historical
games 6-10,B9,862,11.845786425049834,9.215525210196176,0.4808084268085839,11.618925077372532,0.2268613476773016,historical
games 11+,B10,3812,11.12039464508628,8.811474685376664,0.5612642639389667,11.029044456159818,0.0913501889264623,historical
games 11+,B10_engine_only,3812,11.122795811565139,8.81833510771656,0.5613527731333943,11.029044456159818,0.09375135540532042,historical
games 11+,B10d,3812,11.15633085109842,8.850836180692065,0.5626162592902557,11.029044456159818,0.1272863949386025,historical
games 11+,B10r,3812,11.109409835498314,8.806403818625762,0.5605291157542577,11.029044456159818,0.0803653793384953,historical
games 11+,B10r_engine_only,3812,11.10990181581888,8.809896259129868,0.5605335957550218,11.029044456159818,0.0808573596590616,historical
games 11+,B11,3812,11.125612482894882,8.819977858308604,0.5612919666372879,11.029044456159818,0.09656802673506348,historical
games 11+,B12,3812,11.12145081551401,8.823359773255056,0.5611363462575365,11.029044456159818,0.09240635935419128,historical
games 11+,B13,3812,11.130649582513227,8.821576474837427,0.5616319425118889,11.029044456159818,0.10160512635340879,historical
games 11+,B13_garbage_only,3812,11.13556474890173,8.827318383178914,0.5618007887682285,11.029044456159818,0.10652029274191221,historical
games 11+,B13_mismatch_only,3812,11.11376598566418,8.809302604920164,0.5607436895623444,11.029044456159818,0.08472152950436218,historical
games 11+,B14,3812,11.103642431256866,8.804949208479306,0.560484497704935,11.029044456159818,0.07459797509704735,historical
games 11+,B14v,3812,11.120309756151869,8.816187913868934,0.5610154496910652,11.029044456159818,0.09126529999205069,historical
games 11+,B15,3812,11.089302117435295,8.798386483555898,0.5598976902024428,11.029044456159818,0.06025766127547705,historical
games 11+,B15_with_preseason,3812,11.088652887514103,8.794895257604932,0.5598965024125621,11.029044456159818,0.05960843135428462,historical
games 11+,B9,3812,11.11831246952703,8.814752456677242,0.5609255865848046,11.029044456159818,0.0892680133672119,historical
