slice,arm,n,margin_rmse,margin_mae,log_loss,split
all,B9,53778,11.223389790773108,8.833422357293793,0.5271491321986699,validation
all,B10,53778,11.217120599848116,8.828241030031709,0.5268571245417809,validation
all,B10_engine_only,53778,11.225489650481316,8.836507954101284,0.5272156213455562,validation
all,B10d,53778,11.266885863092757,8.864605836316716,0.5286458749757088,validation
all,B10r,53778,11.205779934376961,8.819560565356458,0.5263129406418403,validation
all,B10r_engine_only,53778,11.213183107432148,8.827068577205958,0.5266937586407535,validation
all,B11,53778,11.224040343956544,8.833830203709468,0.5272100853261074,validation
all,B12,53778,11.215416792860095,8.82604071593175,0.526536115551137,validation
all,B13,53778,11.229794419293606,8.839027009337284,0.5274213955753307,validation
all,B13_garbage_only,53778,11.232672008972255,8.840084161509855,0.5275125263017811,validation
all,B13_mismatch_only,53778,11.220162989096169,8.831929541090473,0.5270539867004196,validation
all,B14,53778,11.204937207226369,8.820040300617277,0.5264427976416283,validation
all,B14v,53778,11.223849100600495,8.835788553249103,0.5272350332073988,validation
all,B15,53778,11.184450730091067,8.805126665212665,0.5253694436450447,validation
all,B15_with_preseason,53778,11.18015069663066,8.79997953335391,0.525131295841242,validation
Nov,B9,9838,12.049422651092913,9.483157319794051,0.4719051193252959,validation
Nov,B10,9838,12.028509344514815,9.461648530943055,0.4703370608598464,validation
Nov,B10_engine_only,9838,12.06039429142947,9.493715435775993,0.47216894217527183,validation
Nov,B10d,9838,12.082557646656968,9.491456763858608,0.4718860187841647,validation
Nov,B10r,9838,12.003636673555011,9.438883028335951,0.4690857261311872,validation
Nov,B10r_engine_only,9838,12.031945404962128,9.469998388148623,0.471025289153511,validation
Nov,B11,9838,12.052008057140723,9.485936116110242,0.47211039848757547,validation
Nov,B12,9838,12.02448647790527,9.462784143023923,0.4704413970761785,validation
Nov,B13,9838,12.05953079786031,9.49255788268728,0.4718345424695789,validation
Nov,B13_garbage_only,9838,12.060662513178208,9.490749801248496,0.47203010260792083,validation
Nov,B13_mismatch_only,9838,12.048009537203901,9.485622233421944,0.47169187557459913,validation
Nov,B14,9838,11.992013519147225,9.431979223397947,0.46992566298010674,validation
Nov,B14v,9838,12.046340827721053,9.48377899321961,0.47189947627871,validation
Nov,B15,9838,11.945938240255566,9.40041537936809,0.4674389318313013,validation
Nov,B15_with_preseason,9838,11.927964290037837,9.376031988372471,0.4660340750410745,validation
Dec,B9,10290,11.476856819482032,9.038697302086277,0.47556406617865943,validation
Dec,B10,10290,11.476221810229497,9.041181586348973,0.47584444573981827,validation
Dec,B10_engine_only,10290,11.481205683447264,9.045759269744597,0.4759791788878217,validation
Dec,B10d,10290,11.547215004273344,9.09040781425526,0.477492946468882,validation
Dec,B10r,10290,11.45822825114628,9.027940684376288,0.47526614778311355,validation
Dec,B10r_engine_only,10290,11.462060465309003,9.031415352219918,0.47532454687399517,validation
Dec,B11,10290,11.476121151781747,9.037727069290442,0.47554327679658603,validation
Dec,B12,10290,11.465733711331229,9.026595943682466,0.47471941347640345,validation
Dec,B13,10290,11.479040128883106,9.040023144119221,0.47624783874195237,validation
Dec,B13_garbage_only,10290,11.488952038691489,9.044281716150964,0.47649516689423177,validation
Dec,B13_mismatch_only,10290,11.465627637479404,9.032287453774039,0.4752975303571128,validation
Dec,B14,10290,11.446653886351006,9.02016608536695,0.474284825787557,validation
Dec,B14v,10290,11.476265648270608,9.038330321690854,0.47551313404299406,validation
Dec,B15,10290,11.415156499925796,8.998661900835376,0.4728541782127065,validation
Dec,B15_with_preseason,10290,11.414657086366514,8.999016156194589,0.4729909436352685,validation
Jan-Mar,B9,33650,10.88965550961142,8.580692142048854,0.5590748655714533,validation
Jan-Mar,B10,33650,10.886295889292194,8.57794024790777,0.5589808942706092,validation
Jan-Mar,B10_engine_only,33650,10.888161711382267,8.580377099935296,0.5589770544084788,validation
Jan-Mar,B10d,33650,10.927892416110321,8.612288992984034,0.5608826387066941,validation
Jan-Mar,B10r,33650,10.881451774944315,8.5747722796059,0.5586538867004467,validation
Jan-Mar,B10r_engine_only,33650,10.883264823834619,8.576611763091615,0.5586775800938125,validation
Jan-Mar,B11,33650,10.890127698855334,8.580828221152945,0.559118619616932,validation
Jan-Mar,B12,33650,10.888169022733015,8.57855200480879,0.5587813965230731,validation
Jan-Mar,B13,33650,10.89623076228974,8.58649545037968,0.5593215251643308,validation
Jan-Mar,B13_garbage_only,33650,10.89741020670643,8.58741131155426,0.55933436025732,validation
Jan-Mar,B13_mismatch_only,33650,10.888415555080783,8.579545837415258,0.5590666578751133,validation
Jan-Mar,B14,33650,10.88753508798077,8.579934819268383,0.5589159358638702,validation
Jan-Mar,B14v,33650,10.891599259054267,8.584404162589504,0.5592293735184289,validation
Jan-Mar,B15,33650,10.878788425322323,8.571904438038258,0.5583650589948921,validation
Jan-Mar,B15_with_preseason,33650,10.877650797592718,8.57069897164505,0.5583533666415843,validation
game 1,B9,2188,13.023116345130719,10.185309039240224,0.41669549884105156,validation
game 1,B10,2188,13.025935993148437,10.179544513863167,0.4142527849935483,validation
game 1,B10_engine_only,2188,13.008366982189948,10.178399483167482,0.41501219481050183,validation
game 1,B10d,2188,13.03599579992419,10.178248027715513,0.41643767272841115,validation
game 1,B10r,2188,13.020376539323752,10.172675854889823,0.41411932612128244,validation
game 1,B10r_engine_only,2188,13.001590869530709,10.170873117089709,0.4151738157483315,validation
game 1,B11,2188,13.022263203247322,10.184400969963201,0.41676993586641414,validation
game 1,B12,2188,13.00248992692572,10.165064114811017,0.4152327014544729,validation
game 1,B13,2188,13.021652909323882,10.175227891660862,0.41705292650779896,validation
game 1,B13_garbage_only,2188,13.033557828900317,10.183417448335737,0.4170344928565375,validation
game 1,B13_mismatch_only,2188,13.010901424436542,10.17827316998066,0.4166759590356744,validation
game 1,B14,2188,12.89075376179748,10.08449877707562,0.4143203248475085,validation
game 1,B14v,2188,13.022364693477728,10.18718320603091,0.4167826577698849,validation
game 1,B15,2188,12.835725582251179,10.04663780169437,0.4115212548081383,validation
game 1,B15_with_preseason,2188,12.870539612523089,10.047211874424274,0.4110568528512312,validation
games 2-3,B9,3934,12.061955357440144,9.537611081871807,0.46142561395819703,validation
games 2-3,B10,3934,12.023078896606973,9.495694757813904,0.45926105148711754,validation
games 2-3,B10_engine_only,3934,12.072372278499858,9.545058239064844,0.4618104583788266,validation
games 2-3,B10d,3934,12.113083529335622,9.548926166085032,0.46143768241217514,validation
games 2-3,B10r,3934,12.000763741080812,9.47137978438408,0.45768117640110034,validation
games 2-3,B10r_engine_only,3934,12.045012200145075,9.525985618475927,0.4605022107463041,validation
games 2-3,B11,3934,12.068424207893086,9.544610217230417,0.4618630517039416,validation
games 2-3,B12,3934,12.029978161521703,9.508710740586343,0.45956486148580866,validation
games 2-3,B13,3934,12.080032665798434,9.547526228336224,0.4618017143235156,validation
games 2-3,B13_garbage_only,3934,12.080498450371843,9.54859577802595,0.46215649034175804,validation
games 2-3,B13_mismatch_only,3934,12.061329822795217,9.536596863869883,0.46104814424424206,validation
games 2-3,B14,3934,12.005329643142208,9.474455322490146,0.45873207823932816,validation
games 2-3,B14v,3934,12.059260643002009,9.536837107226955,0.46131777442709854,validation
games 2-3,B15,3934,11.955298870520252,9.435810320207976,0.45592129932675024,validation
games 2-3,B15_with_preseason,3934,11.92496222512063,9.401434817912603,0.4538973907968907,validation
games 4-5,B9,3774,11.576068012355043,9.160435740783607,0.5094528556105744,validation
games 4-5,B10,3774,11.552016186675486,9.148669087895795,0.5091924096259625,validation
games 4-5,B10_engine_only,3774,11.594320812587608,9.175932628607182,0.5105675846536546,validation
games 4-5,B10d,3774,11.63690405501453,9.190240328248645,0.5102800832706055,validation
games 4-5,B10r,3774,11.50819360922118,9.122252681966414,0.5075267533618413,validation
games 4-5,B10r_engine_only,3774,11.547763780854828,9.142538893803746,0.5088513004109448,validation
games 4-5,B11,3774,11.574658521757817,9.159161677121658,0.5093990622705914,validation
games 4-5,B12,3774,11.548997500489838,9.139780382278042,0.5077285775681696,validation
games 4-5,B13,3774,11.572400973547472,9.168168631771218,0.509049683421482,validation
games 4-5,B13_garbage_only,3774,11.576863459492678,9.165527270995105,0.5091580370997204,validation
games 4-5,B13_mismatch_only,3774,11.571484867431531,9.16416728207617,0.5093800848170904,validation
games 4-5,B14,3774,11.563714600230496,9.144025221583078,0.5080480629562774,validation
games 4-5,B14v,3774,11.576510623962674,9.165471190494147,0.5096990704135054,validation
games 4-5,B15,3774,11.50782668616637,9.108692192128434,0.5057564423364185,validation
games 4-5,B15_with_preseason,3774,11.473677679349217,9.089850076164845,0.50468398049507,validation
games 6-10,B9,9125,11.360151420811446,8.942265088894295,0.48867642283339285,validation
games 6-10,B10,9125,11.367769190672014,8.949160710542394,0.48889779647773796,validation
games 6-10,B10_engine_only,9125,11.371599797843075,8.954722110961049,0.48914766364510326,validation
games 6-10,B10d,9125,11.415095083755636,8.989993583323795,0.49050056925089064,validation
games 6-10,B10r,9125,11.351609433457584,8.934725205240289,0.4884967570634842,validation
games 6-10,B10r_engine_only,9125,11.35385931344301,8.938407295004204,0.48863173524689824,validation
games 6-10,B11,9125,11.359302790969243,8.941167262000606,0.48867579877925443,validation
games 6-10,B12,9125,11.350850679094968,8.933508524995387,0.4879969505391216,validation
games 6-10,B13,9125,11.36637616544732,8.950387809422901,0.48929232587331734,validation
games 6-10,B13_garbage_only,9125,11.371058806079024,8.951509632478041,0.48960761345181697,validation
games 6-10,B13_mismatch_only,9125,11.354292004357356,8.939512980950886,0.48833878124900476,validation
games 6-10,B14,9125,11.335267794431498,8.926167461300754,0.4875894962579319,validation
games 6-10,B14v,9125,11.357620522212333,8.939696872375595,0.48856849939772584,validation
games 6-10,B15,9125,11.316337111918669,8.91380753412571,0.4863553258536686,validation
games 6-10,B15_with_preseason,9125,11.316224737003067,8.9121321996013,0.48641738734148426,validation
games 11+,B9,34757,10.923525374873899,8.604531919749302,0.5535633247741544,validation
games 11+,B10,34757,10.918884384961295,8.601089591105524,0.5534804449953664,validation
games 11+,B10_engine_only,34757,10.921438219005548,8.603945063472802,0.5534838496984544,validation
games 11+,B10d,34757,10.963306911462118,8.636177805816965,0.555325306131909,validation
games 11+,B10r,34757,10.913500536875688,8.597501398909998,0.5531118224510088,validation
games 11+,B10r_engine_only,34757,10.91600497967471,8.599881686842268,0.5531361036444539,validation
games 11+,B11,34757,10.924208781504465,8.60485448522632,0.5536094420898947,validation
games 11+,B12,34757,10.92204261936368,8.602197912115669,0.5532831395353378,validation
games 11+,B13,34757,10.930278507017718,8.609743951480946,0.5538015963712537,validation
games 11+,B13_garbage_only,34757,10.932110023208029,8.610735321025022,0.5538090638237025,validation
games 11+,B13_mismatch_only,34757,10.921517336051508,8.603097212896662,0.5535566096024223,validation
games 11+,B14,34757,10.919365402367353,8.603329040281219,0.5533627287182724,validation
games 11+,B14v,34757,10.925288594834303,8.60829014439254,0.5537045541124367,validation
games 11+,B15,34757,10.908722898988968,8.594092770089805,0.5527691653905459,validation
games 11+,B15_with_preseason,34757,10.907015181058524,8.592469277584087,0.5527591592035394,validation
all,B9,11516,11.482047292191584,9.019849327390665,0.5211876556836939,historical
all,B10,11516,11.491731669542272,9.02872812184296,0.5213678338643302,historical
all,B10_engine_only,11516,11.479591183280553,9.021549379755466,0.5211262681942334,historical
all,B10d,11516,11.523255719753417,9.045559407841104,0.523392317003998,historical
all,B10r,11516,11.480725585435554,9.018241148982161,0.5208142012790381,historical
all,B10r_engine_only,11516,11.465822841109917,9.00763407249211,0.5204705018017465,historical
all,B11,11516,11.491655497708683,9.026184739703913,0.5216162750447665,historical
all,B12,11516,11.476263242706962,9.016880832320954,0.5209262202361943,historical
all,B13,11516,11.48467356679988,9.02832028675181,0.5214200158463794,historical
all,B13_garbage_only,11516,11.492980731896726,9.033336808267467,0.5218124370121787,historical
all,B13_mismatch_only,11516,11.474369000134029,9.014459063950314,0.5208150729477917,historical
all,B14,11516,11.45308374960743,9.001381764493782,0.5202505874326202,historical
all,B14v,11516,11.485250970418633,9.022884005281716,0.5213937276483648,historical
all,B15,11516,11.416228035895701,8.979644606939068,0.5187439362683519,historical
all,B15_with_preseason,11516,11.427128604813396,8.98656898916647,0.5190432176627303,historical
Nov,B9,2478,12.558330452157541,9.854795051847809,0.4542304178437862,historical
Nov,B10,2478,12.60242581043961,9.898932305371865,0.45504934792224894,historical
Nov,B10_engine_only,2478,12.548979316272304,9.857506964386761,0.45376423637894825,historical
Nov,B10d,2478,12.592814757928261,9.859730379987626,0.4555380037528619,historical
Nov,B10r,2478,12.587816760689508,9.880401949057994,0.4547597265378964,historical
Nov,B10r_engine_only,2478,12.526320756714892,9.833959239027054,0.4531072968377248,historical
Nov,B11,2478,12.57980196438212,9.870280960594956,0.454985758243312,historical
Nov,B12,2478,12.548688400213585,9.838588450650787,0.45307770914236273,historical
Nov,B13,2478,12.535877993837389,9.84698451605296,0.4532914618545376,historical
Nov,B13_garbage_only,2478,12.555631699500204,9.858003305041368,0.4541360155329614,historical
Nov,B13_mismatch_only,2478,12.537821742253868,9.83897640030822,0.45339004607245764,historical
Nov,B14,2478,12.49139795762856,9.816139492989363,0.4519084800515313,historical
Nov,B14v,2478,12.56077863630644,9.8566956867618,0.45464898265354176,historical
Nov,B15,2478,12.406180161400073,9.767926245968642,0.44804852836718206,historical
Nov,B15_with_preseason,2478,12.451318693106996,9.801987070585179,0.44931112691508956,historical
Dec,B9,1890,11.554648309357768,9.032483982204134,0.4518137949209072,historical
Dec,B10,1890,11.54220360984393,9.032711505319046,0.45127191657739524,historical
Dec,B10_engine_only,1890,11.547489839329334,9.03564729045557,0.45184418002938276,historical
Dec,B10d,1890,11.597057428193937,9.03691126246157,0.4542565634255123,historical
Dec,B10r,1890,11.53157397638002,9.018095358086159,0.45090483076692595,historical
Dec,B10r_engine_only,1890,11.534742370260249,9.013458448726,0.451430328993104,historical
Dec,B11,1890,11.560333555328898,9.031354397440342,0.45203572965725813,historical
Dec,B12,1890,11.541966583373975,9.023289059272361,0.45147512258979966,historical
Dec,B13,1890,11.544577888392807,9.044391418473504,0.4517116074482325,historical
Dec,B13_garbage_only,1890,11.559113422300626,9.048204517641592,0.4523806565158082,historical
Dec,B13_mismatch_only,1890,11.544014333732541,9.030547451996213,0.451230413723866,historical
Dec,B14,1890,11.512897752547588,9.004928722651062,0.4509574487500479,historical
Dec,B14v,1890,11.557222246915611,9.035864135121619,0.45187999986490485,historical
Dec,B15,1890,11.467264644412506,8.975365899655383,0.4499789973162021,historical
Dec,B15_with_preseason,1890,11.462998250708646,8.97212317345768,0.4496214120886023,historical
Jan-Mar,B9,7148,11.064598971468826,8.727057637015418,0.5627428644426414,historical
Jan-Mar,B10,7148,11.066850193609394,8.726000846863327,0.5628925249439025,historical
Jan-Mar,B10_engine_only,7148,11.066147043600768,8.728020008471255,0.5627975414832433,historical
Jan-Mar,B10d,7148,11.108212782835396,8.765597086322948,0.5651955574208495,historical
Jan-Mar,B10r,7148,11.057136163981205,8.719394070387523,0.5621980427278966,historical
Jan-Mar,B10r_engine_only,7148,11.055559921101157,8.71963157756267,0.5620782170380616,historical
Jan-Mar,B11,7148,11.0706418059582,8.732194660172595,0.563112868695633,historical
Jan-Mar,B12,7148,11.062223185786952,8.730324728913082,0.5628108292236315,historical
Jan-Mar,B13,7148,11.080584633011867,8.740264271200294,0.563469742855932,historical
Jan-Mar,B13_garbage_only,7148,11.082700704736078,8.74351818071811,0.5636322799841486,historical
Jan-Mar,B13_mismatch_only,7148,11.062763960273251,8.724369386711698,0.5625881874595849,historical
Jan-Mar,B14,7148,11.05400506710719,8.717991529165118,0.5622645457706728,historical
Jan-Mar,B14v,7148,11.068281038637087,8.730394107113687,0.5629122536147764,historical
Jan-Mar,B15,7148,11.038383783727708,8.707502029330069,0.5614340531400169,historical
Jan-Mar,B15_with_preseason,7148,11.040107635988361,8.707707291619469,0.5615730628512804,historical
game 1,B9,441,13.590458059544007,10.745534690313217,0.344578122573841,historical
game 1,B10,441,13.624827110341826,10.850013084996586,0.34389920068466534,historical
game 1,B10_engine_only,441,13.56967966233468,10.769509047106398,0.3446426070449436,historical
game 1,B10d,441,13.554981699889705,10.72665828753738,0.3424888513310938,historical
game 1,B10r,441,13.617840901170226,10.838123787903026,0.34352352306342354,historical
game 1,B10r_engine_only,441,13.571431321474124,10.762345179585498,0.34413769141846073,historical
game 1,B11,441,13.625695660593975,10.773997681691931,0.3451971287860573,historical
game 1,B12,441,13.59516854867083,10.749161344060527,0.34308964895942046,historical
game 1,B13,441,13.588196101646272,10.725710895332293,0.3439813630128175,historical
game 1,B13_garbage_only,441,13.587445660561627,10.73683026959263,0.345073812206745,historical
game 1,B13_mismatch_only,441,13.590603490346378,10.731682198821952,0.34355969292949035,historical
game 1,B14,441,13.42171869658429,10.633976366931511,0.34205922634413716,historical
game 1,B14v,441,13.587012226070746,10.737891011260212,0.3443276178998617,historical
game 1,B15,441,13.396898893858587,10.67462055244867,0.33960328544144075,historical
game 1,B15_with_preseason,441,13.422270228348383,10.720413279178116,0.33880865165252,historical
games 2-3,B9,791,11.908219418648784,9.307951896192181,0.4191490568461322,historical
games 2-3,B10,791,12.01195089774676,9.335228750200054,0.41838212714754713,historical
games 2-3,B10_engine_only,791,11.934363842133939,9.300051913868314,0.4187391122616862,historical
games 2-3,B10d,791,11.852853327080712,9.239564480458938,0.4167803405682089,historical
games 2-3,B10r,791,11.979406781094513,9.300251632297769,0.4184699664648335,historical
games 2-3,B10r_engine_only,791,11.88066265493368,9.26629674717268,0.4179402239376137,historical
games 2-3,B11,791,11.942226085831525,9.335372517220607,0.4201842909443452,historical
games 2-3,B12,791,11.914167926832539,9.29937176394013,0.4180382498710986,historical
games 2-3,B13,791,11.904389878362606,9.321233814931794,0.41732419370274126,historical
games 2-3,B13_garbage_only,791,11.914412609787917,9.317422328145994,0.41863491719615775,historical
games 2-3,B13_mismatch_only,791,11.89690732124728,9.303144711762211,0.4178476815876395,historical
games 2-3,B14,791,11.864427519507577,9.277612932148735,0.41920109900788505,historical
games 2-3,B14v,791,11.914261207705604,9.311254235448407,0.4194041340530046,historical
games 2-3,B15,791,11.770891124507246,9.211695747938185,0.4136069930031235,historical
games 2-3,B15_with_preseason,791,11.84241239142471,9.23329513218404,0.4136495810827289,historical
games 4-5,B9,757,12.726746677427437,9.985783387625071,0.5059275255374001,historical
games 4-5,B10,757,12.73708196966355,10.030531535722044,0.5059948437807086,historical
games 4-5,B10_engine_only,757,12.697892126157273,10.000837416531422,0.5040868647967626,historical
games 4-5,B10d,757,12.858139052427243,10.046420715329056,0.5126333086336928,historical
games 4-5,B10r,757,12.734487406125846,10.018284185897953,0.506059034573259,historical
games 4-5,B10r_engine_only,757,12.691889404526627,9.975728457913815,0.5042190238936428,historical
games 4-5,B11,757,12.734898959356187,9.985193347406826,0.5066444587273067,historical
games 4-5,B12,757,12.705080030405117,9.964476282229668,0.5050538699674256,historical
games 4-5,B13,757,12.693200065722372,9.980972894042178,0.5052921794337243,historical
games 4-5,B13_garbage_only,757,12.733400133680567,10.005532671065117,0.5056446105726294,historical
games 4-5,B13_mismatch_only,757,12.685784742310426,9.960188133333624,0.505563365019379,historical
games 4-5,B14,757,12.683973769322824,9.979452420875374,0.501489211601736,historical
games 4-5,B14v,757,12.720149464410978,9.983665259692092,0.506426059117864,historical
games 4-5,B15,757,12.589854991342389,9.927736233910093,0.4981148137656916,historical
games 4-5,B15_with_preseason,757,12.624407488002744,9.9621511426728,0.49971192527022745,historical
games 6-10,B9,1875,11.723477774375773,9.177104182774103,0.48926127645857537,historical
games 6-10,B10,1875,11.716442658760778,9.179558857289447,0.4899563079978272,historical
games 6-10,B10_engine_only,1875,11.710313739973726,9.169927988488256,0.4890731002943594,historical
games 6-10,B10d,1875,11.773072038247872,9.198542429704533,0.49212188874739915,historical
games 6-10,B10r,1875,11.708019303354531,9.17156883939087,0.4896905832778387,historical
games 6-10,B10r_engine_only,1875,11.69703117441314,9.152909346985817,0.4887069084921573,historical
games 6-10,B11,1875,11.730828728114547,9.179763372586283,0.48961162244244677,historical
games 6-10,B12,1875,11.701166990005271,9.154785159279246,0.4884951726926129,historical
games 6-10,B13,1875,11.69643966476079,9.17524805058519,0.48876173938876927,historical
games 6-10,B13_garbage_only,1875,11.718586222132581,9.188073928519874,0.4894213879625942,historical
games 6-10,B13_mismatch_only,1875,11.704124094093583,9.163354714204404,0.48869366899607886,historical
games 6-10,B14,1875,11.676922199360522,9.139100160283807,0.48775552408159656,historical
games 6-10,B14v,1875,11.730009643710547,9.183502273982949,0.48960172038659644,historical
games 6-10,B15,1875,11.604741940073533,9.081258225991146,0.4862172516386732,historical
games 6-10,B15_with_preseason,1875,11.61460831983711,9.094083262080053,0.48716571453301233,historical
games 11+,B9,7652,11.108851415310756,8.756521920907101,0.5512466226661557,historical
games 11+,B10,7652,11.11059789293336,8.756014912348734,0.5514592251003734,historical
games 11+,B10_engine_only,7652,11.110263594324733,8.758784527037431,0.5514211000151468,historical
games 11+,B10d,7652,11.153775067950466,8.792120072484456,0.5535654905586117,historical
games 11+,B10r,7652,11.10006486209507,8.747702657799682,0.5506973591174653,historical
games 11+,B10r_engine_only,7652,11.09879409045148,8.748398792390116,0.5506225307355511,historical
games 11+,B11,7652,11.114714828851692,8.760988386839566,0.5515922200924913,historical
games 11+,B12,7652,11.107082222366024,8.760309164624193,0.5513279316566756,historical
games 11+,B13,7652,11.124290932074821,8.769970647431274,0.5520046057232244,historical
games 11+,B13_garbage_only,7652,11.12588997592329,8.77170107495861,0.5522002327905868,historical
games 11+,B13_mismatch_only,7652,11.10778979479217,8.755606215068036,0.5510542266939001,historical
games 11+,B14,7652,11.097370345962045,8.748232973030472,0.5507841918329254,historical
games 11+,B14v,7652,11.112466140376945,8.759829953386545,0.5514120838462769,historical
games 11+,B15,7652,11.081386943664015,8.739280291486933,0.5499472985988048,historical
games 11+,B15_with_preseason,7652,11.082227389754573,8.738282180104877,0.5500486955580035,historical
