team_id,espn_game_id,truth_snapshot,false_players,false_minutes
T0149,401902275,20261005T223610Z,6,149.10505836575874
T0180,401902275,20261005T223610Z,10,176.4542936288089
T0078,401902276,20261005T223610Z,9,149.65753424657535
T0037,401902277,20261005T223610Z,6,144.9770992366412
T0321,401902279,20261005T223610Z,12,170.112
T0055,401902280,20261005T223610Z,9,132.01606425702812
T0341,401902285,20261005T223610Z,11,185.66153846153844
T0066,401902308,20261005T223610Z,12,140.60350877192982
T0253,401905214,20261005T223610Z,10,173.94190871369295
T0160,401905215,20261005T223610Z,8,152.58823529411762
T0216,401905217,20261005T223610Z,11,177.44680851063833
T0134,401905402,20261005T223610Z,7,114.83268482490271
T0030,401905406,20261005T223610Z,7,122.14339622641509
T0049,401905605,20261005T223610Z,11,124.03100775193795
T0026,401905607,20261005T223610Z,8,148.42687747035572
T0344,401905699,20261005T223610Z,12,157.13186644099093
T0114,401905815,20261005T223610Z,11,187.70656370656368
T0155,401906757,20261005T223610Z,9,125.19148936170212
T0276,401906757,20261005T223610Z,9,153.08823529411765
T0263,401906759,20261005T223610Z,9,180.21875
T0284,401906760,20261005T223610Z,12,164.23700560691015
T0156,401906761,20261005T223610Z,11,138.2870107770845
T0112,401906764,20261005T223610Z,9,153.15824915824916
T0031,401906769,20261005T223610Z,4,42.400000000000006
T0238,401906769,20261005T223610Z,8,115.0
T0137,401906770,20261005T223610Z,5,86.6356589147287
T0357,401906772,20261005T223610Z,9,127.33090909090907
T0045,401906773,20261005T223610Z,10,131.4920634920635
T0127,401906774,20261005T223610Z,9,142.3125
T0034,401906779,20261005T223610Z,8,111.5223880597015
T0339,401906779,20261005T223610Z,15,193.80544747081714
T0340,401906780,20261005T223610Z,2,58.93632958801498
T0338,401906781,20261005T223610Z,8,161.16363636363639
T0072,401906782,20261005T223610Z,11,165.97735849056605
T0033,401906784,20261005T223610Z,11,171.66265060240966
T0158,401906791,20261005T223610Z,10,157.93050193050192
T0305,401906791,20261005T223610Z,15,200.0
T0219,401906793,20261005T223610Z,6,89.62406015037594
T0093,401906801,20261005T223610Z,10,123.18357552326358
T0369,401906801,20261005T223610Z,13,200.0
T0240,401906802,20261005T223610Z,16,200.0
T0181,401906805,20261005T223610Z,12,200.00000000000003
T0006,401906809,20261005T223610Z,10,181.66666666666663
T0303,401906848,20261005T223610Z,12,181.05685618729098
T0326,401906848,20261005T223610Z,8,135.15953307392996
T0272,401906849,20261005T223610Z,9,181.72307692307695
T0071,401906855,20261005T223610Z,11,143.8382074785392
T0255,401906859,20261005T223610Z,11,186.03125
T0115,401906863,20261005T223610Z,11,173.62758620689658
T0188,401906863,20261005T223610Z,15,200.0
T0331,401906865,20261005T223610Z,12,189.8181818181818
T0365,401906868,20261005T223610Z,12,170.08264462809916
T0048,401906870,20261005T223610Z,12,177.25714285714287
T0268,401906874,20261005T223610Z,0,0.0
T0064,401909490,20261005T223610Z,12,200.0
T0074,401909490,20261005T223610Z,9,121.67032967032966
T0370,401909491,20261005T223610Z,11,191.90625
T0218,401909493,20261005T223610Z,4,87.24579124579124
T0092,401909496,20261005T223610Z,7,96.78195488721803
T0144,401909500,20261005T223610Z,8,130.64541334583527
T0372,401909500,20261005T223610Z,9,162.16800494132178
T0166,401909502,20261005T223610Z,8,122.16183574879227
T0040,401909503,20261005T223610Z,10,156.48351648351647
T0270,401909505,20261005T223610Z,6,117.62300319488816
T0024,401909513,20261005T223610Z,9,138.15272727272728
T0059,401909513,20261005T223610Z,8,150.9132075471698
T0194,401909514,20261005T223610Z,10,136.448
T0191,401909517,20261005T223610Z,6,95.64658634538154
T0126,401909522,20261005T223610Z,7,79.5984555984556
T0371,401909522,20261005T223610Z,9,155.7327148862154
T0196,401909523,20261005T223610Z,8,122.53124999999999
T0061,401909524,20261005T223610Z,9,128.07476635514018
T0128,401909529,20261005T223610Z,8,128.22535211267606
T0146,401909531,20261005T223610Z,8,145.71875
T0269,401909531,20261005T223610Z,13,174.73808469824402
T0075,401909532,20261005T223610Z,8,120.34042553191489
T0348,401909533,20261005T223610Z,13,146.58167330677293
T0275,401909535,20261005T223610Z,9,168.05555555555554
T0314,401909536,20261005T223610Z,6,81.13494809688581
T0205,401909539,20261005T223610Z,7,99.63369963369964
T0057,401909541,20261005T223610Z,8,134.9727626459144
T0329,401909541,20261005T223610Z,10,173.71823785896856
T0332,401909548,20261005T223610Z,7,143.53125
T0207,401909549,20261005T223610Z,13,200.0
T0051,401909551,20261005T223610Z,12,199.96825396825398
T0317,401909551,20261005T223610Z,13,200.00000000000003
T0069,401909562,20261005T223610Z,8,113.6578947368421
T0159,401909562,20261005T223610Z,7,87.57088122605364
T0060,401909564,20261005T223610Z,6,79.12056737588654
T0347,401909565,20261005T223610Z,8,129.42635658914728
T0161,401909566,20261005T223610Z,6,85.41333333333334
T0125,401909567,20261005T223610Z,11,199.84375
T0309,401909692,20261005T223610Z,9,131.63369963369962
T0027,401909694,20261005T223610Z,12,143.55020080321285
T0028,401909694,20261005T223610Z,10,187.36363636363637
T0162,401909696,20261005T223610Z,12,169.87169811320754
T0325,401909698,20261005T223610Z,9,136.51127819548873
T0111,401909701,20261005T223610Z,10,171.8273381294964
T0099,401909705,20261005T223610Z,9,196.12030075187965
T0273,401909705,20261005T223610Z,14,199.99999999999997
T0096,401909707,20261005T223610Z,10,147.11673699015472
T0100,401909708,20261005T223610Z,10,146.41090963584594
T0360,401909711,20261005T223610Z,14,167.19691119691123
T0130,401909712,20261005T223610Z,11,157.50175438596492
T0086,401909716,20261005T223610Z,10,168.73563218390808
T0373,401909716,20261005T223610Z,8,151.7741935483871
T0184,401909717,20261005T223610Z,14,199.99999999999997
T0043,401909718,20261005T223610Z,9,165.65250965250965
T0163,401909720,20261005T223610Z,10,160.4375
T0190,401909721,20261005T223610Z,2,60.14814814814815
T0073,401909725,20261005T223610Z,11,191.095406360424
T0236,401909725,20261005T223610Z,13,186.2375478927203
T0108,401909726,20261005T223610Z,12,149.1034482758621
T0117,401909728,20261005T223610Z,11,151.65758754863813
T0241,401909729,20261005T223610Z,9,170.4727272727273
T0050,401909731,20261005T223610Z,13,199.99999999999997
T0007,401909738,20261005T223610Z,10,145.0223642172524
T0014,401909738,20261005T223610Z,8,104.82474226804123
T0008,401909739,20261005T223610Z,3,35.68301886792453
T0261,401909740,20261005T223610Z,10,124.34375000000001
T0001,401909741,20261005T223610Z,10,130.97068403908796
T0251,401909744,20261005T223610Z,12,162.0508194256503
T0294,401909745,20261005T223610Z,9,164.4396551724138
T0005,401909747,20261005T223610Z,9,168.61333333333332
T0109,401909750,20261005T223610Z,8,149.70588235294116
T0262,401909750,20261005T223610Z,10,147.98443579766538
T0170,401909751,20261005T223610Z,3,61.91439688715953
T0021,401909752,20261005T223610Z,5,126.43824701195221
T0124,401909756,20261005T223610Z,9,158.26217228464418
T0018,401909759,20261005T223610Z,9,144.7191011235955
T0351,401909759,20261005T223610Z,10,157.07169811320756
T0010,401909760,20261005T223610Z,10,170.76579925650555
T0141,401909761,20261005T223610Z,15,191.42942762960743
T0266,401909762,20261005T223610Z,10,148.60563585924953
T0012,401909763,20261005T223610Z,9,165.97222222222223
T0335,401909766,20261005T223610Z,9,87.62454873646209
T0036,401909771,20261005T223610Z,6,93.8108108108108
T0106,401909771,20261005T223610Z,13,177.67441860465115
T0289,401909772,20261005T223610Z,12,169.81560283687944
T0291,401909773,20261005T223610Z,15,196.97454545454545
T0168,401909776,20261005T223610Z,11,200.0
T0300,401909780,20261005T223610Z,10,156.14492753623188
T0208,401909784,20261005T223610Z,9,101.19844357976653
T0220,401909784,20261005T223610Z,12,187.17730496453902
T0239,401909785,20261005T223610Z,8,150.65648854961833
T0047,401909786,20261005T223610Z,11,157.1764705882353
T0249,401909787,20261005T223610Z,9,153.4633870511733
T0195,401909788,20261005T223610Z,10,146.0625
T0259,401909790,20261005T223610Z,10,180.8275862068965
T0089,401909793,20261005T223610Z,9,133.03272727272727
T0221,401909796,20261005T223610Z,12,190.0625
T0288,401909796,20261005T223610Z,7,115.23735408560313
T0260,401909797,20261005T223610Z,13,200.0
T0068,401909798,20261005T223610Z,8,134.01970878070304
T0213,401909800,20261005T223610Z,12,172.61209964412814
T0044,401909802,20261005T223610Z,13,173.57198443579765
T0171,401909804,20261005T223610Z,11,200.0
T0368,401909805,20261005T223610Z,12,199.36353993029246
T0145,401910993,20261005T223610Z,10,140.77890589483255
T0165,401910993,20261005T223610Z,9,148.1142857142857
T0087,401910994,20261005T223610Z,9,159.31517509727627
T0212,401910994,20261005T223610Z,12,195.2684824902724
T0129,401910995,20261005T223610Z,10,148.65625
T0179,401910995,20261005T223610Z,10,192.8372093023256
T0186,401910996,20261005T223610Z,8,120.51612903225805
T0248,401910996,20261005T223610Z,12,199.72093023255815
T0138,401910997,20261005T223610Z,8,142.01503759398497
T0320,401910997,20261005T223610Z,14,200.0
T0150,401910998,20261005T223610Z,10,158.56488549618322
T0203,401910998,20261005T223610Z,11,131.2430011198208
T0172,401910999,20261005T223610Z,10,189.06563706563705
T0311,401910999,20261005T223610Z,7,127.98941020738341
T0222,401911000,20261005T223610Z,10,169.27075812274367
T0228,401911000,20261005T223610Z,13,179.98545454545453
T0056,401911001,20261005T223610Z,7,116.82962962962962
T0312,401911001,20261005T223610Z,11,181.95488721804512
T0088,401911002,20261005T223610Z,6,103.04347826086956
T0119,401911002,20261005T223610Z,11,170.38039392572543
T0004,401911003,20261005T223610Z,9,176.8921933085502
T0090,401911003,20261005T223610Z,8,122.71670026360675
T0135,401911004,20261005T223610Z,10,173.53846153846155
T0174,401911004,20261005T223610Z,12,166.88
T0133,401911005,20261005T223610Z,15,200.00000000000003
T0359,401911007,20261005T223610Z,8,103.1937984496124
T0151,401911010,20261005T223610Z,14,200.0
T0353,401911012,20261005T223610Z,10,177.63636363636363
T0148,401911013,20261005T223610Z,11,179.6182572614108
T0286,401911014,20261005T223610Z,10,168.43795620437956
T0157,401911015,20261005T223610Z,10,135.25581395348837
T0323,401911018,20261005T223610Z,13,200.0
T0042,401911024,20261005T223610Z,7,82.78873239436619
T0202,401911029,20261005T223610Z,8,143.9076923076923
T0193,401911185,20261005T223610Z,7,150.90301003344482
T0337,401911185,20261005T223610Z,8,124.4848484848485
T0258,401911186,20261005T223610Z,15,200.0
T0285,401911187,20261005T223610Z,12,156.89679715302492
T0136,401911192,20261005T223610Z,13,184.65917602996254
T0226,401911193,20261005T223610Z,8,179.0918382245583
T0366,401911195,20261005T223610Z,11,179.1343283582089
T0147,401911196,20261005T223610Z,9,145.19540229885058
T0334,401911197,20261005T223610Z,14,199.99999999999997
T0232,401911198,20261005T223610Z,11,185.1428571428571
T0023,401911208,20261005T223610Z,10,175.6014234875445
T0244,401911208,20261005T223610Z,6,118.80727272727272
T0204,401911209,20261005T223610Z,9,144.29055093875039
T0054,401911210,20261005T223610Z,2,33.42978723404255
T0235,401911212,20261005T223610Z,12,184.4210526315789
T0282,401911213,20261005T223610Z,12,194.53815261044173
T0153,401911216,20261005T223610Z,10,149.09342560553634
T0229,401911228,20261005T223610Z,14,170.8679245283019
T0310,401911228,20261005T223610Z,12,172.40148698884755
T0017,401911231,20261005T223610Z,6,84.11764705882351
T0322,401911232,20261005T223610Z,6,130.65723227650022
T0346,401911234,20261005T223610Z,9,137.9644128113879
T0120,401911237,20261005T223610Z,10,155.7354085603113
T0245,401911237,20261005T223610Z,9,145.69045412418905
T0097,401911238,20261005T223610Z,9,131.05058365758754
T0041,401911239,20261005T223610Z,8,163.89189189189187
T0122,401911240,20261005T223610Z,7,125.62737642585549
T0070,401911243,20261005T223610Z,11,186.42231075697214
T0063,401911248,20261005T223610Z,5,82.85714285714285
T0225,401911248,20261005T223610Z,1,33.88235294117647
T0065,401911249,20261005T223610Z,8,161.26898210795366
T0215,401911251,20261005T223610Z,11,136.55172413793105
T0085,401911261,20261005T223610Z,9,171.88321167883208
T0330,401911261,20261005T223610Z,12,189.5392278953923
T0182,401911262,20261005T223610Z,15,199.55020080321287
T0084,401911263,20261005T223610Z,7,114.40707964601769
T0206,401911265,20261005T223610Z,11,173.03370786516854
T0177,401911273,20261005T223610Z,5,126.8616600790514
T0297,401911273,20261005T223610Z,9,146.97435897435898
T0199,401911276,20261005T223610Z,12,142.41791044776122
T0077,401911304,20261005T223610Z,8,112.50203218988781
T0101,401911304,20261005T223610Z,2,25.054545454545455
T0052,401911305,20261005T223610Z,6,116.85779816513761
T0053,401911309,20261005T223610Z,8,122.18181818181819
T0123,401911310,20261005T223610Z,11,145.5418181818182
T0102,401911313,20261005T223610Z,8,137.11627906976744
T0299,401911317,20261005T223610Z,9,131.3050193050193
T0164,401911333,20261005T223610Z,3,3.4375
T0327,401911333,20261005T223610Z,9,136.76868327402136
T0143,401911335,20261005T223610Z,12,192.78490566037735
T0132,401911336,20261005T223610Z,12,182.79245283018867
T0173,401911341,20261005T223610Z,11,141.51612903225808
T0118,401911344,20261005T223610Z,12,183.25291828793775
T0176,401911345,20261005T223610Z,14,174.6679023787458
T0032,401911374,20261005T223610Z,14,200.0
T0187,401911374,20261005T223610Z,12,161.34351145038167
T0237,401911378,20261005T223610Z,12,151.5861853414596
T0200,401911380,20261005T223610Z,10,151.06569343065695
T0242,401911381,20261005T223610Z,8,147.7371823785897
T0287,401911383,20261005T223610Z,10,140.82174660209344
T0256,401911385,20261005T223610Z,8,114.17898832684826
T0308,401911389,20261005T223610Z,10,162.59016393442624
T0352,401911389,20261005T223610Z,8,105.63511830635119
T0019,401911390,20261005T223610Z,10,105.44099378881988
T0210,401911390,20261005T223610Z,13,135.1212121212121
T0290,401911392,20261005T223610Z,10,179.4626312538604
T0247,401911393,20261005T223610Z,12,195.86788884038995
T0316,401911394,20261005T223610Z,6,108.37499999999999
T0367,401911397,20261005T223610Z,7,119.93190523478509
T0091,401911401,20261005T223610Z,10,135.773851590106
T0079,401911410,20261005T223610Z,1,0.03418803418803419
T0076,401911412,20261005T223610Z,6,134.93087557603687
T0035,401911422,20261005T223610Z,11,180.6917293233083
T0328,401911438,20261005T223610Z,10,114.00000000000003
T0250,401911452,20261005T223610Z,10,127.78666666666665
T0274,401911452,20261005T223610Z,10,151.85130111524163
T0296,401911453,20261005T223610Z,9,146.66666666666666
T0333,401911455,20261005T223610Z,7,123.9092495636998
T0038,401911456,20261005T223610Z,9,172.48442906574394
T0278,401911457,20261005T223610Z,12,197.29323308270676
T0280,401911458,20261005T223610Z,7,119.84624145785878
T0230,401911461,20261005T223610Z,10,160.05560704355884
T0011,401911469,20261005T223610Z,12,183.69811320754718
T0306,401911469,20261005T223610Z,13,173.83333333333331
T0140,401911470,20261005T223610Z,6,117.58055398530243
T0015,401911471,20261005T223610Z,10,164.875
T0167,401911472,20261005T223610Z,12,190.03125
T0131,401911473,20261005T223610Z,13,190.49851539303012
T0139,401911475,20261005T223610Z,11,189.96138996138995
T0358,401911478,20261005T223610Z,6,72.82352941176471
T0142,401911517,20261005T223610Z,7,94.70676691729322
T0355,401911517,20261005T223610Z,10,173.15702479338842
T0354,401911519,20261005T223610Z,13,199.09648273636657
T0009,401911520,20261005T223610Z,9,134.02956298200513
T0349,401911522,20261005T223610Z,12,200.0
T0029,401911523,20261005T223610Z,14,200.0
T0254,401911526,20261005T223610Z,10,153.60563380281693
T0356,401911527,20261005T223610Z,10,173.00756253635836
T0307,401911532,20261005T223610Z,14,200.0
T0350,401911532,20261005T223610Z,8,152.61313868613138
T0081,401911533,20261005T223610Z,12,157.03474903474904
T0105,401911535,20261005T223610Z,12,169.82945736434112
T0343,401911536,20261005T223610Z,12,159.00709219858155
T0082,401911537,20261005T223610Z,9,134.91891891891893
T0201,401911547,20261005T223610Z,9,179.89513108614233
T0283,401911547,20261005T223610Z,9,149.79622641509434
T0302,401911577,20261005T223610Z,12,163.65283018867925
T0046,401911707,20261005T223610Z,8,144.72727272727272
T0304,401911707,20261005T223610Z,11,185.3562801932367
T0319,401911710,20261005T223610Z,12,166.48995983935743
T0104,401911822,20261005T223610Z,7,140.97526501766785
T0277,401911824,20261005T223610Z,6,128.71042471042472
T0107,401911828,20261005T223610Z,11,154.15625
T0169,401911951,20261005T223610Z,7,153.8054474708171
T0022,401912207,20261005T223610Z,2,30.406250000000004
T0189,401912207,20261005T223610Z,12,199.60754716981128
T0103,401912208,20261005T223610Z,6,143.29078014184398
T0198,401912209,20261005T223610Z,8,154.72727272727272
T0058,401912212,20261005T223610Z,9,148.51282051282053
T0214,401912215,20261005T223610Z,11,168.86821705426357
T0185,401912217,20261005T223610Z,11,164.4511278195489
T0098,401912219,20261005T223610Z,6,43.04132231404958
T0363,401912229,20261005T223610Z,8,143.23529411764704
T0233,401912230,20261005T223610Z,10,146.12048192771084
T0083,401912236,20261005T223610Z,6,88.10619469026548
T0080,401912237,20261005T223610Z,7,93.32363636363637
