source,alias,alias_norm,team_id
espn,Abilene Christian,abilene christian,T0351
espn,Abilene Christian Wildcats,abilene christian wildcats,T0351
espn,Abilene Chrstn,abilene chrstn,T0351
espn,Air Force,air force,T0164
espn,Air Force Falcons,air force falcons,T0164
espn,Akron,akron,T0165
espn,Akron Zips,akron zips,T0165
espn,Alabama,alabama,T0155
espn,Alabama A&M,alabama a and m,T0166
espn,Alabama A&M Bulldogs,alabama a and m bulldogs,T0166
espn,Alabama Crimson Tide,alabama crimson tide,T0155
espn,Alabama St,alabama st,T0167
espn,Alabama State,alabama state,T0167
espn,Alabama State Hornets,alabama state hornets,T0167
espn,Albany,albany,T0163
espn,Albany Great Danes,albany great danes,T0163
espn,Alcorn St,alcorn st,T0168
espn,Alcorn State,alcorn state,T0168
espn,Alcorn State Braves,alcorn state braves,T0168
espn,American,american,T0022
espn,American University,american university,T0022
espn,American University Eagles,american university eagles,T0022
espn,App State,app state,T0169
espn,App State Mountaineers,app state mountaineers,T0169
espn,Appalachian St,appalachian st,T0169
espn,Appalachian State,appalachian state,T0169
espn,Appalachian State Mountaineers,appalachian state mountaineers,T0169
espn,AR-Pine Bluff,ar pine bluff,T0170
espn,Arizona,arizona,T0007
espn,Arizona St,arizona st,T0006
espn,Arizona State,arizona state,T0006
espn,Arizona State Sun Devils,arizona state sun devils,T0006
espn,Arizona Wildcats,arizona wildcats,T0007
espn,Arkansas,arkansas,T0005
espn,Arkansas-Pine Bluff,arkansas pine bluff,T0170
espn,Arkansas-Pine Bluff Golden Lions,arkansas pine bluff golden lions,T0170
espn,Arkansas Razorbacks,arkansas razorbacks,T0005
espn,Arkansas St,arkansas st,T0172
espn,Arkansas State,arkansas state,T0172
espn,Arkansas State Red Wolves,arkansas state red wolves,T0172
espn,Army,army,T0159
espn,Army Black Knights,army black knights,T0159
espn,Auburn,auburn,T0001
espn,Auburn Tigers,auburn tigers,T0001
espn,Austin Peay,austin peay,T0173
espn,Austin Peay Governors,austin peay governors,T0173
espn,Bakersfield,bakersfield,T0342
espn,Ball State,ball state,T0174
espn,Ball State Cardinals,ball state cardinals,T0174
espn,Baylor,baylor,T0109
espn,Baylor Bears,baylor bears,T0109
espn,Bellarmine,bellarmine,T0359
espn,Bellarmine Knights,bellarmine knights,T0359
espn,Belmont,belmont,T0175
espn,Belmont Bruins,belmont bruins,T0175
espn,Bethune,bethune,T0176
espn,Bethune-Cookman,bethune cookman,T0176
espn,Bethune-Cookman Wildcats,bethune cookman wildcats,T0176
espn,Binghamton,binghamton,T0177
espn,Binghamton Bearcats,binghamton bearcats,T0177
espn,Birm-Southern,birm southern,T0002
espn,Birmingham-Southern,birmingham southern,T0002
espn,Birmingham-Southern Panthers,birmingham southern panthers,T0002
espn,Boise St,boise st,T0037
espn,Boise State,boise state,T0037
espn,Boise State Broncos,boise state broncos,T0037
espn,Boston College,boston college,T0051
espn,Boston College Eagles,boston college eagles,T0051
espn,Boston U,boston u,T0052
espn,Boston Univ,boston univ,T0052
espn,Boston University,boston university,T0052
espn,Boston University Terriers,boston university terriers,T0052
espn,Bowling Green,bowling green,T0087
espn,Bowling Green Falcons,bowling green falcons,T0087
espn,Bradley,bradley,T0039
espn,Bradley Braves,bradley braves,T0039
espn,Brown,brown,T0101
espn,Brown Bears,brown bears,T0101
espn,Bryant,bryant,T0348
espn,Bryant Bulldogs,bryant bulldogs,T0348
espn,Bucknell,bucknell,T0178
espn,Bucknell Bison,bucknell bison,T0178
espn,Buffalo,buffalo,T0179
espn,Buffalo Bulls,buffalo bulls,T0179
espn,Butler,butler,T0180
espn,Butler Bulldogs,butler bulldogs,T0180
espn,BYU,byu,T0116
espn,BYU Cougars,byu cougars,T0116
espn,C Arkansas,c arkansas,T0335
espn,C Connecticut,c connecticut,T0184
espn,C Michigan,c michigan,T0186
espn,CA Baptist,ca baptist,T0356
espn,Cal Poly,cal poly,T0008
espn,Cal Poly Mustangs,cal poly mustangs,T0008
espn,Cal State Bakersfield,cal state bakersfield,T0342
espn,Cal State Bakersfield Roadrunners,cal state bakersfield roadrunners,T0342
espn,Cal State Fullerton,cal state fullerton,T0209
espn,Cal State Fullerton Titans,cal state fullerton titans,T0209
espn,Cal State Northridge,cal state northridge,T0260
espn,Cal State Northridge Matadors,cal state northridge matadors,T0260
espn,California,california,T0013
espn,California Baptist,california baptist,T0356
espn,California Baptist Lancers,california baptist lancers,T0356
espn,California Golden Bears,california golden bears,T0013
espn,Campbell,campbell,T0181
espn,Campbell Fighting Camels,campbell fighting camels,T0181
espn,Canisius,canisius,T0182
espn,Canisius Golden Griffins,canisius golden griffins,T0182
espn,Carver,carver,T0362
espn,Carver College,carver college,T0362
espn,Carver College,carver college,T0364
espn,Carver College Cougars,carver college cougars,T0362
espn,Carver College Cougars,carver college cougars,T0364
espn,Centenary LA,centenary la,T0183
espn,Centenary Louisiana,centenary louisiana,T0183
espn,Centenary Louisiana Gentlemen,centenary louisiana gentlemen,T0183
espn,Central Arkansas,central arkansas,T0335
espn,Central Arkansas Bears,central arkansas bears,T0335
espn,Central Connecticut,central connecticut,T0184
espn,Central Connecticut Blue Devils,central connecticut blue devils,T0184
espn,Central Michigan,central michigan,T0186
espn,Central Michigan Chippewas,central michigan chippewas,T0186
espn,Charleston,charleston,T0105
espn,Charleston Cougars,charleston cougars,T0105
espn,Charleston So,charleston so,T0187
espn,Charleston Southern,charleston southern,T0187
espn,Charleston Southern Buccaneers,charleston southern buccaneers,T0187
espn,Charlotte,charlotte,T0246
espn,Charlotte 49ers,charlotte 49ers,T0246
espn,Chattanooga,chattanooga,T0107
espn,Chattanooga Mocs,chattanooga mocs,T0107
espn,Chicago St,chicago st,T0188
espn,Chicago State,chicago state,T0188
espn,Chicago State Cougars,chicago state cougars,T0188
espn,Cincinnati,cincinnati,T0189
espn,Cincinnati Bearcats,cincinnati bearcats,T0189
espn,Clemson,clemson,T0103
espn,Clemson Tigers,clemson tigers,T0103
espn,Cleveland St,cleveland st,T0151
espn,Cleveland State,cleveland state,T0151
espn,Cleveland State Vikings,cleveland state vikings,T0151
espn,Coast Car,coast car,T0150
espn,Coastal,coastal,T0150
espn,Coastal Car,coastal car,T0150
espn,Coastal Carolina,coastal carolina,T0150
espn,Coastal Carolina Chanticleers,coastal carolina chanticleers,T0150
espn,Colgate,colgate,T0190
espn,Colgate Raiders,colgate raiders,T0190
espn,Colorado,colorado,T0018
espn,Colorado Buffaloes,colorado buffaloes,T0018
espn,Colorado St,colorado st,T0017
espn,Colorado State,colorado state,T0017
espn,Colorado State Rams,colorado state rams,T0017
espn,Columbia,columbia,T0083
espn,Columbia Lions,columbia lions,T0083
espn,Coppin St,coppin st,T0191
espn,Coppin State,coppin state,T0191
espn,Coppin State Eagles,coppin state eagles,T0191
espn,Cornell,cornell,T0084
espn,Cornell Big Red,cornell big red,T0084
espn,Creighton,creighton,T0074
espn,Creighton Bluejays,creighton bluejays,T0074
espn,CSU Northridge,csu northridge,T0260
espn,Dartmouth,dartmouth,T0076
espn,Dartmouth Big Green,dartmouth big green,T0076
espn,Davidson,davidson,T0192
espn,Davidson Wildcats,davidson wildcats,T0192
espn,Dayton,dayton,T0193
espn,Dayton Flyers,dayton flyers,T0193
espn,Delaware,delaware,T0026
espn,Delaware Blue Hens,delaware blue hens,T0026
espn,Delaware St,delaware st,T0194
espn,Delaware State,delaware state,T0194
espn,Delaware State Hornets,delaware state hornets,T0194
espn,Denver,denver,T0195
espn,Denver Pioneers,denver pioneers,T0195
espn,DePaul,depaul,T0144
espn,DePaul Blue Demons,depaul blue demons,T0144
espn,Detroit Mercy,detroit mercy,T0196
espn,Detroit Mercy Titans,detroit mercy titans,T0196
espn,Drake,drake,T0197
espn,Drake Bulldogs,drake bulldogs,T0197
espn,Drexel,drexel,T0198
espn,Drexel Dragons,drexel dragons,T0198
espn,Duke,duke,T0069
espn,Duke Blue Devils,duke blue devils,T0069
espn,Duquesne,duquesne,T0199
espn,Duquesne Dukes,duquesne dukes,T0199
espn,E Illinois,e illinois,T0201
espn,E Kentucky,e kentucky,T0202
espn,E Michigan,e michigan,T0203
espn,E Texas A&M,e texas a and m,T0369
espn,E Washington,e washington,T0154
espn,East Carolina,east carolina,T0070
espn,East Carolina Pirates,east carolina pirates,T0070
espn,East Tennessee State,east tennessee state,T0200
espn,East Tennessee State Buccaneers,east tennessee state buccaneers,T0200
espn,East Texas A&M,east texas a and m,T0369
espn,East Texas A&M Lions,east texas a and m lions,T0369
espn,Eastern Illinois,eastern illinois,T0201
espn,Eastern Illinois Panthers,eastern illinois panthers,T0201
espn,Eastern Kentucky,eastern kentucky,T0202
espn,Eastern Kentucky Colonels,eastern kentucky colonels,T0202
espn,Eastern Michigan,eastern michigan,T0203
espn,Eastern Michigan Eagles,eastern michigan eagles,T0203
espn,Eastern Washington,eastern washington,T0154
espn,Eastern Washington Eagles,eastern washington eagles,T0154
espn,Elon,elon,T0204
espn,Elon Phoenix,elon phoenix,T0204
espn,ETSU,etsu,T0200
espn,Evansville,evansville,T0157
espn,Evansville Purple Aces,evansville purple aces,T0157
espn,Fair Dickinson,fair dickinson,T0078
espn,Fairfield,fairfield,T0205
espn,Fairfield Stags,fairfield stags,T0205
espn,Fairleigh Dickinson,fairleigh dickinson,T0078
espn,Fairleigh Dickinson Knights,fairleigh dickinson knights,T0078
espn,FAMU,famu,T0027
espn,FAU,fau,T0206
espn,FDU,fdu,T0078
espn,FGCU,fgcu,T0338
espn,FIU,fiu,T0207
espn,Florida,florida,T0031
espn,Florida A&M,florida a and m,T0027
espn,Florida A&M Rattlers,florida a and m rattlers,T0027
espn,Florida Atlantic,florida atlantic,T0206
espn,Florida Atlantic Owls,florida atlantic owls,T0206
espn,Florida Gators,florida gators,T0031
espn,Florida Gulf Coast,florida gulf coast,T0338
espn,Florida Gulf Coast Eagles,florida gulf coast eagles,T0338
espn,Florida International,florida international,T0207
espn,Florida International Panthers,florida international panthers,T0207
espn,Florida St,florida st,T0028
espn,Florida State,florida state,T0028
espn,Florida State Seminoles,florida state seminoles,T0028
espn,Fordham,fordham,T0208
espn,Fordham Rams,fordham rams,T0208
espn,Fresno St,fresno st,T0131
espn,Fresno State,fresno state,T0131
espn,Fresno State Bulldogs,fresno state bulldogs,T0131
espn,Fullerton,fullerton,T0209
espn,Furman,furman,T0104
espn,Furman Paladins,furman paladins,T0104
espn,G Washington,g washington,T0023
espn,GA Southern,ga southern,T0135
espn,Gardner-Webb,gardner webb,T0210
espn,Gardner-Webb Runnin' Bulldogs,gardner webb runnin bulldogs,T0210
espn,George Mason,george mason,T0211
espn,George Mason Patriots,george mason patriots,T0211
espn,George Washington,george washington,T0023
espn,George Washington Colonials,george washington colonials,T0023
espn,George Washington Revolutionaries,george washington revolutionaries,T0023
espn,Georgetown,georgetown,T0024
espn,Georgetown Hoyas,georgetown hoyas,T0024
espn,Georgia,georgia,T0034
espn,Georgia Bulldogs,georgia bulldogs,T0034
espn,Georgia So,georgia so,T0135
espn,Georgia Southern,georgia southern,T0135
espn,Georgia Southern Eagles,georgia southern eagles,T0135
espn,Georgia St,georgia st,T0212
espn,Georgia State,georgia state,T0212
espn,Georgia State Panthers,georgia state panthers,T0212
espn,Georgia Tech,georgia tech,T0033
espn,Georgia Tech Yellow Jackets,georgia tech yellow jackets,T0033
espn,Gonzaga,gonzaga,T0213
espn,Gonzaga Bulldogs,gonzaga bulldogs,T0213
espn,Grambling,grambling,T0331
espn,Grambling Tigers,grambling tigers,T0331
espn,Grand Canyon,grand canyon,T0352
espn,Grand Canyon Lopes,grand canyon lopes,T0352
espn,Green Bay,green bay,T0325
espn,Green Bay Phoenix,green bay phoenix,T0325
espn,Hampton,hampton,T0214
espn,Hampton Pirates,hampton pirates,T0214
espn,Hartford,hartford,T0020
espn,Hartford Hawks,hartford hawks,T0020
espn,Harvard,harvard,T0054
espn,Harvard Crimson,harvard crimson,T0054
espn,Hawai'i,hawaii,T0035
espn,Hawai'i Rainbow Warriors,hawaii rainbow warriors,T0035
espn,High Point,high point,T0215
espn,High Point Panthers,high point panthers,T0215
espn,Hofstra,hofstra,T0216
espn,Hofstra Pride,hofstra pride,T0216
espn,Holy Cross,holy cross,T0053
espn,Holy Cross Crusaders,holy cross crusaders,T0053
espn,Hou Christian,hou christian,T0345
espn,Houston,houston,T0112
espn,Houston Christian,houston christian,T0345
espn,Houston Christian Huskies,houston christian huskies,T0345
espn,Houston Cougars,houston cougars,T0112
espn,Howard,howard,T0025
espn,Howard Bison,howard bison,T0025
espn,Idaho,idaho,T0038
espn,Idaho St,idaho st,T0143
espn,Idaho State,idaho state,T0143
espn,Idaho State Bengals,idaho state bengals,T0143
espn,Idaho Vandals,idaho vandals,T0038
espn,Illinois,illinois,T0161
espn,Illinois Fighting Illini,illinois fighting illini,T0161
espn,Illinois St,illinois st,T0217
espn,Illinois State,illinois state,T0217
espn,Illinois State Redbirds,illinois state redbirds,T0217
espn,Incarnate Word,incarnate word,T0354
espn,Incarnate Word Cardinals,incarnate word cardinals,T0354
espn,Indiana,indiana,T0043
espn,Indiana Hoosiers,indiana hoosiers,T0043
espn,Indiana St,indiana st,T0133
espn,Indiana State,indiana state,T0133
espn,Indiana State Sycamores,indiana state sycamores,T0133
espn,Iona,iona,T0147
espn,Iona Gaels,iona gaels,T0147
espn,Iowa,iowa,T0218
espn,Iowa Hawkeyes,iowa hawkeyes,T0218
espn,Iowa State,iowa state,T0036
espn,Iowa State Cyclones,iowa state cyclones,T0036
espn,IU Indianapolis,iu indianapolis,T0044
espn,IU Indianapolis Jaguars,iu indianapolis jaguars,T0044
espn,IU Indy,iu indy,T0044
espn,IUPUI,iupui,T0044
espn,IUPUI Jaguars,iupui jaguars,T0044
espn,Jackson St,jackson st,T0219
espn,Jackson State,jackson state,T0219
espn,Jackson State Tigers,jackson state tigers,T0219
espn,Jacksonville,jacksonville,T0137
espn,Jacksonville Dolphins,jacksonville dolphins,T0137
espn,Jacksonville State,jacksonville state,T0029
espn,Jacksonville State Gamecocks,jacksonville state gamecocks,T0029
espn,James Madison,james madison,T0119
espn,James Madison Dukes,james madison dukes,T0119
espn,Jax State,jax state,T0029
espn,J'Ville St,jville st,T0029
espn,Kansas,kansas,T0220
espn,Kansas City,kansas city,T0064
espn,Kansas City Roos,kansas city roos,T0064
espn,Kansas Jayhawks,kansas jayhawks,T0220
espn,Kansas St,kansas st,T0221
espn,Kansas State,kansas state,T0221
espn,Kansas State Wildcats,kansas state wildcats,T0221
espn,Kennesaw St,kennesaw st,T0156
espn,Kennesaw State,kennesaw state,T0156
espn,Kennesaw State Owls,kennesaw state owls,T0156
espn,Kent State,kent state,T0222
espn,Kent State Golden Flashes,kent state golden flashes,T0222
espn,Kentucky,kentucky,T0047
espn,Kentucky Wildcats,kentucky wildcats,T0047
espn,La Salle,la salle,T0224
espn,La Salle Explorers,la salle explorers,T0224
espn,Lafayette,lafayette,T0149
espn,Lafayette Leopards,lafayette leopards,T0149
espn,Lamar,lamar,T0223
espn,Lamar Cardinals,lamar cardinals,T0223
espn,Le Moyne,le moyne,T0370
espn,Le Moyne Dolphins,le moyne dolphins,T0370
espn,Lehigh,lehigh,T0225
espn,Lehigh Mountain Hawks,lehigh mountain hawks,T0225
espn,Liberty,liberty,T0226
espn,Liberty Flames,liberty flames,T0226
espn,Lindenwood,lindenwood,T0368
espn,Lindenwood Lions,lindenwood lions,T0368
espn,Lipscomb,lipscomb,T0134
espn,Lipscomb Bisons,lipscomb bisons,T0134
espn,Little Rock,little rock,T0171
espn,Little Rock Trojans,little rock trojans,T0171
espn,LMU,lmu,T0230
espn,Long Beach St,long beach st,T0139
espn,Long Beach State,long beach state,T0139
espn,Long Beach State Beach,long beach state beach,T0139
espn,Long Island,long island,T0334
espn,Long Island University,long island university,T0334
espn,Long Island University Sharks,long island university sharks,T0334
espn,Longwood,longwood,T0227
espn,Longwood Lancers,longwood lancers,T0227
espn,Louisiana,louisiana,T0145
espn,Louisiana Ragin' Cajuns,louisiana ragin cajuns,T0145
espn,Louisiana Tech,louisiana tech,T0228
espn,Louisiana Tech Bulldogs,louisiana tech bulldogs,T0228
espn,Louisville,louisville,T0048
espn,Louisville Cardinals,louisville cardinals,T0048
espn,Loyola Chicago,loyola chicago,T0229
espn,Loyola Chicago Ramblers,loyola chicago ramblers,T0229
espn,Loyola Maryland,loyola maryland,T0231
espn,Loyola Maryland Greyhounds,loyola maryland greyhounds,T0231
espn,Loyola Marymount,loyola marymount,T0230
espn,Loyola Marymount Lions,loyola marymount lions,T0230
espn,Loyola MD,loyola md,T0231
espn,LSU,lsu,T0050
espn,LSU N Orleans,lsu n orleans,T0251
espn,LSU New Orleans,lsu new orleans,T0251
espn,LSU New Orleans Privateers,lsu new orleans privateers,T0251
espn,LSU Tigers,lsu tigers,T0050
espn,Maine,maine,T0146
espn,Maine Black Bears,maine black bears,T0146
espn,Manhattan,manhattan,T0232
espn,Manhattan Jaspers,manhattan jaspers,T0232
espn,Marist,marist,T0233
espn,Marist Red Foxes,marist red foxes,T0233
espn,Marquette,marquette,T0126
espn,Marquette Golden Eagles,marquette golden eagles,T0126
espn,Marshall,marshall,T0129
espn,Marshall Thundering Herd,marshall thundering herd,T0129
espn,Maryland,maryland,T0059
espn,Maryland-Eastern Shore,maryland eastern shore,T0236
espn,Maryland-Eastern Shore Hawks,maryland eastern shore hawks,T0236
espn,Maryland Terrapins,maryland terrapins,T0059
espn,Massachusetts,massachusetts,T0056
espn,Massachusetts Minutemen,massachusetts minutemen,T0056
espn,McNeese,mcneese,T0234
espn,McNeese Cowboys,mcneese cowboys,T0234
espn,MD-Eastern,md eastern,T0236
espn,Memphis,memphis,T0106
espn,Memphis Tigers,memphis tigers,T0106
espn,Mercer,mercer,T0237
espn,Mercer Bears,mercer bears,T0237
espn,Mercyhurst,mercyhurst,T0371
espn,Mercyhurst Lakers,mercyhurst lakers,T0371
espn,Merrimack,merrimack,T0357
espn,Merrimack Warriors,merrimack warriors,T0357
espn,Miami,miami,T0238
espn,Miami Hurricanes,miami hurricanes,T0238
espn,Miami (OH),miami oh,T0088
espn,Miami (OH) Redhawks,miami oh redhawks,T0088
espn,Michigan,michigan,T0061
espn,Michigan St,michigan st,T0060
espn,Michigan State,michigan state,T0060
espn,Michigan State Spartans,michigan state spartans,T0060
espn,Michigan Wolverines,michigan wolverines,T0061
espn,Middle Tennessee,middle tennessee,T0239
espn,Middle Tennessee Blue Raiders,middle tennessee blue raiders,T0239
espn,Milwaukee,milwaukee,T0127
espn,Milwaukee Panthers,milwaukee panthers,T0127
espn,Minnesota,minnesota,T0062
espn,Minnesota Golden Gophers,minnesota golden gophers,T0062
espn,Miss Valley St,miss valley st,T0240
espn,Mississippi St,mississippi st,T0158
espn,Mississippi State,mississippi state,T0158
espn,Mississippi State Bulldogs,mississippi state bulldogs,T0158
espn,Mississippi Valley State,mississippi valley state,T0240
espn,Mississippi Valley State Delta Devils,mississippi valley state delta devils,T0240
espn,Missouri,missouri,T0065
espn,Missouri St,missouri st,T0300
espn,Missouri State,missouri state,T0300
espn,Missouri State Bears,missouri state bears,T0300
espn,Missouri Tigers,missouri tigers,T0065
espn,Monmouth,monmouth,T0241
espn,Monmouth Hawks,monmouth hawks,T0241
espn,Montana,montana,T0068
espn,Montana Grizzlies,montana grizzlies,T0068
espn,Montana St,montana st,T0067
espn,Montana State,montana state,T0067
espn,Montana State Bobcats,montana state bobcats,T0067
espn,Morehead St,morehead st,T0242
espn,Morehead State,morehead state,T0242
espn,Morehead State Eagles,morehead state eagles,T0242
espn,Morgan St,morgan st,T0243
espn,Morgan State,morgan state,T0243
espn,Morgan State Bears,morgan state bears,T0243
espn,Mount St Mary,mount st mary,T0057
espn,Mount St. Mary's,mount st marys,T0057
espn,Mount St. Mary's Mountaineers,mount st marys mountaineers,T0057
espn,MTSU,mtsu,T0239
espn,Murray St,murray st,T0046
espn,Murray State,murray state,T0046
espn,Murray State Racers,murray state racers,T0046
espn,N Arizona,n arizona,T0261
espn,N Colorado,n colorado,T0257
espn,N Dakota St,n dakota st,T0254
espn,N Illinois,n illinois,T0258
espn,N Kentucky,n kentucky,T0350
espn,Navy,navy,T0244
espn,Navy Midshipmen,navy midshipmen,T0244
espn,NC A&T,nc a and t,T0253
espn,NC Central,nc central,T0339
espn,NC State,nc state,T0071
espn,NC State Wolfpack,nc state wolfpack,T0071
espn,Nebraska,nebraska,T0075
espn,Nebraska Cornhuskers,nebraska cornhuskers,T0075
espn,Nevada,nevada,T0250
espn,Nevada Wolf Pack,nevada wolf pack,T0250
espn,New Hampshire,new hampshire,T0077
espn,New Hampshire Wildcats,new hampshire wildcats,T0077
espn,New Haven,new haven,T0373
espn,New Haven Chargers,new haven chargers,T0373
espn,New Mexico,new mexico,T0082
espn,New Mexico Lobos,new mexico lobos,T0082
espn,New Mexico St,new mexico st,T0081
espn,New Mexico State,new mexico state,T0081
espn,New Mexico State Aggies,new mexico state aggies,T0081
espn,New Orleans,new orleans,T0251
espn,New Orleans Privateers,new orleans privateers,T0251
espn,Niagara,niagara,T0148
espn,Niagara Purple Eagles,niagara purple eagles,T0148
espn,Nicholls,nicholls,T0252
espn,Nicholls Colonels,nicholls colonels,T0252
espn,NJIT,njit,T0337
espn,NJIT Highlanders,njit highlanders,T0337
espn,Norfolk St,norfolk st,T0255
espn,Norfolk State,norfolk state,T0255
espn,Norfolk State Spartans,norfolk state spartans,T0255
espn,North Alabama,north alabama,T0355
espn,North Alabama Lions,north alabama lions,T0355
espn,North Carolina,north carolina,T0072
espn,North Carolina A&T,north carolina a and t,T0253
espn,North Carolina A&T Aggies,north carolina a and t aggies,T0253
espn,North Carolina Central,north carolina central,T0339
espn,North Carolina Central Eagles,north carolina central eagles,T0339
espn,North Carolina Tar Heels,north carolina tar heels,T0072
espn,North Dakota,north dakota,T0343
espn,North Dakota Fighting Hawks,north dakota fighting hawks,T0343
espn,North Dakota State,north dakota state,T0254
espn,North Dakota State Bison,north dakota state bison,T0254
espn,North Florida,north florida,T0256
espn,North Florida Ospreys,north florida ospreys,T0256
espn,North Texas,north texas,T0113
espn,North Texas Mean Green,north texas mean green,T0113
espn,Northeastern,northeastern,T0055
espn,Northeastern Huskies,northeastern huskies,T0055
espn,Northern Arizona,northern arizona,T0261
espn,Northern Arizona Lumberjacks,northern arizona lumberjacks,T0261
espn,Northern Colorado,northern colorado,T0257
espn,Northern Colorado Bears,northern colorado bears,T0257
espn,Northern Illinois,northern illinois,T0258
espn,Northern Illinois Huskies,northern illinois huskies,T0258
espn,Northern Iowa,northern iowa,T0259
espn,Northern Iowa Panthers,northern iowa panthers,T0259
espn,Northern Kentucky,northern kentucky,T0350
espn,Northern Kentucky Norse,northern kentucky norse,T0350
espn,Northwestern,northwestern,T0040
espn,Northwestern State,northwestern state,T0262
espn,Northwestern State Demons,northwestern state demons,T0262
espn,Northwestern Wildcats,northwestern wildcats,T0040
espn,Notre Dame,notre dame,T0045
espn,Notre Dame Fighting Irish,notre dame fighting irish,T0045
espn,N'Western St,nwestern st,T0262
espn,Oakland,oakland,T0263
espn,Oakland Golden Grizzlies,oakland golden grizzlies,T0263
espn,Ohio,ohio,T0090
espn,Ohio Bobcats,ohio bobcats,T0090
espn,Ohio State,ohio state,T0089
espn,Ohio State Buckeyes,ohio state buckeyes,T0089
espn,Oklahoma,oklahoma,T0093
espn,Oklahoma Sooners,oklahoma sooners,T0093
espn,Oklahoma St,oklahoma st,T0091
espn,Oklahoma State,oklahoma state,T0091
espn,Oklahoma State Cowboys,oklahoma state cowboys,T0091
espn,Old Dominion,old dominion,T0138
espn,Old Dominion Monarchs,old dominion monarchs,T0138
espn,Ole Miss,ole miss,T0066
espn,Ole Miss Rebels,ole miss rebels,T0066
espn,Omaha,omaha,T0349
espn,Omaha Mavericks,omaha mavericks,T0349
espn,Oral Roberts,oral roberts,T0092
espn,Oral Roberts Golden Eagles,oral roberts golden eagles,T0092
espn,Oregon,oregon,T0264
espn,Oregon Ducks,oregon ducks,T0264
espn,Oregon St,oregon st,T0095
espn,Oregon State,oregon state,T0095
espn,Oregon State Beavers,oregon state beavers,T0095
espn,Pacific,pacific,T0132
espn,Pacific Tigers,pacific tigers,T0132
espn,Penn,penn,T0098
espn,Penn State,penn state,T0096
espn,Penn State Nittany Lions,penn state nittany lions,T0096
espn,Pennsylvania,pennsylvania,T0098
espn,Pennsylvania Quakers,pennsylvania quakers,T0098
espn,Pepperdine,pepperdine,T0265
espn,Pepperdine Waves,pepperdine waves,T0265
espn,Pitt,pitt,T0099
espn,Pittsburgh,pittsburgh,T0099
espn,Pittsburgh Panthers,pittsburgh panthers,T0099
espn,Portland,portland,T0266
espn,Portland Pilots,portland pilots,T0266
espn,Portland St,portland st,T0267
espn,Portland State,portland state,T0267
espn,Portland State Vikings,portland state vikings,T0267
espn,Prairie View,prairie view,T0268
espn,Prairie View A&M,prairie view a and m,T0268
espn,Prairie View A&M Panthers,prairie view a and m panthers,T0268
espn,Presbyterian,presbyterian,T0340
espn,Presbyterian Blue Hose,presbyterian blue hose,T0340
espn,Princeton,princeton,T0079
espn,Princeton Tigers,princeton tigers,T0079
espn,Providence,providence,T0269
espn,Providence Friars,providence friars,T0269
espn,Purdue,purdue,T0270
espn,Purdue Boilermakers,purdue boilermakers,T0270
espn,Purdue Fort Wayne,purdue fort wayne,T0332
espn,Purdue Fort Wayne Mastodons,purdue fort wayne mastodons,T0332
espn,Purdue FW,purdue fw,T0332
espn,Queens,queens,T0367
espn,Queens University,queens university,T0367
espn,Queens University Royals,queens university royals,T0367
espn,Quinnipiac,quinnipiac,T0271
espn,Quinnipiac Bobcats,quinnipiac bobcats,T0271
espn,Radford,radford,T0272
espn,Radford Highlanders,radford highlanders,T0272
espn,Rhode Island,rhode island,T0102
espn,Rhode Island Rams,rhode island rams,T0102
espn,Rice,rice,T0110
espn,Rice Owls,rice owls,T0110
espn,Richmond,richmond,T0120
espn,Richmond Spiders,richmond spiders,T0120
espn,Rider,rider,T0273
espn,Rider Broncs,rider broncs,T0273
espn,Robert Morris,robert morris,T0274
espn,Robert Morris Colonials,robert morris colonials,T0274
espn,Rutgers,rutgers,T0080
espn,Rutgers Scarlet Knights,rutgers scarlet knights,T0080
espn,S Dakota St,s dakota st,T0288
espn,S Illinois,s illinois,T0041
espn,S Indiana,s indiana,T0365
espn,Sacramento St,sacramento st,T0009
espn,Sacramento State,sacramento state,T0009
espn,Sacramento State Hornets,sacramento state hornets,T0009
espn,Sacred Heart,sacred heart,T0275
espn,Sacred Heart Pioneers,sacred heart pioneers,T0275
espn,Saint Francis,saint francis,T0293
espn,Saint Francis Red Flash,saint francis red flash,T0293
espn,Saint Francis Red Wolves,saint francis red wolves,T0293
espn,Saint Joseph's,saint josephs,T0295
espn,Saint Joseph's Hawks,saint josephs hawks,T0295
espn,Saint Louis,saint louis,T0063
espn,Saint Louis Billikens,saint louis billikens,T0063
espn,Saint Mary's,saint marys,T0296
espn,Saint Mary's Gaels,saint marys gaels,T0296
espn,Saint Peter's,saint peters,T0297
espn,Saint Peter's Peacocks,saint peters peacocks,T0297
espn,Sam Houston,sam houston,T0276
espn,Sam Houston Bearkats,sam houston bearkats,T0276
espn,Samford,samford,T0277
espn,Samford Bulldogs,samford bulldogs,T0277
espn,San Diego,san diego,T0141
espn,San Diego St,san diego st,T0010
espn,San Diego State,san diego state,T0010
espn,San Diego State Aztecs,san diego state aztecs,T0010
espn,San Diego Toreros,san diego toreros,T0141
espn,San Francisco,san francisco,T0278
espn,San Francisco Dons,san francisco dons,T0278
espn,San José St,san jose st,T0011
espn,San José State,san jose state,T0011
espn,San José State Spartans,san jose state spartans,T0011
espn,Santa Barbara,santa barbara,T0279
espn,Santa Clara,santa clara,T0280
espn,Santa Clara Broncos,santa clara broncos,T0280
espn,Savannah State,savannah state,T0281
espn,Savannah State Tigers,savannah state tigers,T0281
espn,SC State,sc state,T0287
espn,SC Upstate,sc upstate,T0341
espn,SE Louisiana,se louisiana,T0282
espn,SE Louisiana Lions,se louisiana lions,T0282
espn,SE Missouri,se missouri,T0283
espn,SE Missouri St,se missouri st,T0283
espn,Seattle U,seattle u,T0346
espn,Seattle U Redhawks,seattle u redhawks,T0346
espn,Seton Hall,seton hall,T0284
espn,Seton Hall Pirates,seton hall pirates,T0284
espn,SF Austin,sf austin,T0298
espn,Siena,siena,T0285
espn,Siena Saints,siena saints,T0285
espn,SIU Edwardsville,siu edwardsville,T0347
espn,SIU Edwardsville Cougars,siu edwardsville cougars,T0347
espn,SIUE,siue,T0347
espn,SMU,smu,T0286
espn,SMU Mustangs,smu mustangs,T0286
espn,So Indiana,so indiana,T0365
espn,South Alabama,south alabama,T0004
espn,South Alabama Jaguars,south alabama jaguars,T0004
espn,South Carolina,south carolina,T0290
espn,South Carolina Gamecocks,south carolina gamecocks,T0290
espn,South Carolina State,south carolina state,T0287
espn,South Carolina State Bulldogs,south carolina state bulldogs,T0287
espn,South Carolina Upstate,south carolina upstate,T0341
espn,South Carolina Upstate Spartans,south carolina upstate spartans,T0341
espn,South Dakota,south dakota,T0344
espn,South Dakota Coyotes,south dakota coyotes,T0344
espn,South Dakota State,south dakota state,T0288
espn,South Dakota State Jackrabbits,south dakota state jackrabbits,T0288
espn,South Florida,south florida,T0032
espn,South Florida Bulls,south florida bulls,T0032
espn,Southeast Missouri State,southeast missouri state,T0283
espn,Southeast Missouri State Redhawks,southeast missouri state redhawks,T0283
espn,Southern,southern,T0291
espn,Southern Illinois,southern illinois,T0041
espn,Southern Illinois Salukis,southern illinois salukis,T0041
espn,Southern Indiana,southern indiana,T0365
espn,Southern Indiana Screaming Eagles,southern indiana screaming eagles,T0365
espn,Southern Jaguars,southern jaguars,T0291
espn,Southern Miss,southern miss,T0289
espn,Southern Miss Golden Eagles,southern miss golden eagles,T0289
espn,Southern Utah,southern utah,T0117
espn,Southern Utah Thunderbirds,southern utah thunderbirds,T0117
espn,St. Bonaventure,st bonaventure,T0085
espn,St. Bonaventure Bonnies,st bonaventure bonnies,T0085
espn,St Francis BK,st francis bk,T0292
espn,St. Francis Brooklyn,st francis brooklyn,T0292
espn,St. Francis Brooklyn Terriers,st francis brooklyn terriers,T0292
espn,St. Francis (PA),st francis pa,T0293
espn,St. Francis (PA) Red Flash,st francis pa red flash,T0293
espn,St. John's,st johns,T0294
espn,St. John's Red Storm,st johns red storm,T0294
espn,St. Thomas,st thomas,T0363
espn,St. Thomas - Minnesota,st thomas minnesota,T0363
espn,St. Thomas - Minnesota Tommies,st thomas minnesota tommies,T0363
espn,St Thomas (MN),st thomas mn,T0363
espn,St. Thomas Tommies,st thomas tommies,T0363
espn,Stanford,stanford,T0012
espn,Stanford Cardinal,stanford cardinal,T0012
espn,Stephen F. Austin,stephen f austin,T0298
espn,Stephen F. Austin Lumberjacks,stephen f austin lumberjacks,T0298
espn,Stetson,stetson,T0030
espn,Stetson Hatters,stetson hatters,T0030
espn,Stonehill,stonehill,T0366
espn,Stonehill Skyhawks,stonehill skyhawks,T0366
espn,Stony Brook,stony brook,T0299
espn,Stony Brook Seawolves,stony brook seawolves,T0299
espn,Syracuse,syracuse,T0086
espn,Syracuse Orange,syracuse orange,T0086
espn,Tarleton,tarleton,T0360
espn,Tarleton St,tarleton st,T0360
espn,Tarleton State,tarleton state,T0360
espn,Tarleton State Texans,tarleton state texans,T0360
espn,Tarleton Texans,tarleton texans,T0360
espn,TCU,tcu,T0301
espn,TCU Horned Frogs,tcu horned frogs,T0301
espn,Temple,temple,T0097
espn,Temple Owls,temple owls,T0097
espn,Tennessee,tennessee,T0303
espn,Tennessee St,tennessee st,T0304
espn,Tennessee State,tennessee state,T0304
espn,Tennessee State Tigers,tennessee state tigers,T0304
espn,Tennessee Tech,tennessee tech,T0305
espn,Tennessee Tech Golden Eagles,tennessee tech golden eagles,T0305
espn,Tennessee Volunteers,tennessee volunteers,T0303
espn,Texas,texas,T0115
espn,Texas A&M,texas a and m,T0111
espn,Texas A&M Aggies,texas a and m aggies,T0111
espn,Texas A&M-CC,texas a and m cc,T0162
espn,Texas A&M-Comm,texas a and m comm,T0369
espn,Texas A&M-Commerce,texas a and m commerce,T0369
espn,Texas A&M-Commerce Lions,texas a and m commerce lions,T0369
espn,Texas A&M-Corpus Christi,texas a and m corpus christi,T0162
espn,Texas A&M-Corpus Christi Islanders,texas a and m corpus christi islanders,T0162
espn,Texas Longhorns,texas longhorns,T0115
espn,Texas Southern,texas southern,T0308
espn,Texas Southern Tigers,texas southern tigers,T0308
espn,Texas St,texas st,T0152
espn,Texas State,texas state,T0152
espn,Texas State Bobcats,texas state bobcats,T0152
espn,Texas Tech,texas tech,T0309
espn,Texas Tech Red Raiders,texas tech red raiders,T0309
espn,The Citadel,the citadel,T0310
espn,The Citadel Bulldogs,the citadel bulldogs,T0310
espn,Toledo,toledo,T0311
espn,Toledo Rockets,toledo rockets,T0311
espn,Towson,towson,T0058
espn,Towson Tigers,towson tigers,T0058
espn,Troy,troy,T0312
espn,Troy Trojans,troy trojans,T0312
espn,Tulane,tulane,T0313
espn,Tulane Green Wave,tulane green wave,T0313
espn,Tulsa,tulsa,T0094
espn,Tulsa Golden Hurricane,tulsa golden hurricane,T0094
espn,UAB,uab,T0003
espn,UAB Blazers,uab blazers,T0003
espn,UAlbany,ualbany,T0163
espn,UAlbany Great Danes,ualbany great danes,T0163
espn,UC Davis,uc davis,T0142
espn,UC Davis Aggies,uc davis aggies,T0142
espn,UC Irvine,uc irvine,T0140
espn,UC Irvine Anteaters,uc irvine anteaters,T0140
espn,UC Riverside,uc riverside,T0015
espn,UC Riverside Highlanders,uc riverside highlanders,T0015
espn,UC San Diego,uc san diego,T0358
espn,UC San Diego Tritons,uc san diego tritons,T0358
espn,UC Santa Barbara,uc santa barbara,T0279
espn,UC Santa Barbara Gauchos,uc santa barbara gauchos,T0279
espn,UCF,ucf,T0185
espn,UCF Knights,ucf knights,T0185
espn,UCLA,ucla,T0014
espn,UCLA Bruins,ucla bruins,T0014
espn,UConn,uconn,T0019
espn,UConn Huskies,uconn huskies,T0019
espn,UCSB,ucsb,T0279
espn,UIC,uic,T0042
espn,UIC Flames,uic flames,T0042
espn,UL Monroe,ul monroe,T0248
espn,UL Monroe Warhawks,ul monroe warhawks,T0248
espn,UMass,umass,T0056
espn,UMass Lowell,umass lowell,T0353
espn,UMass Lowell River Hawks,umass lowell river hawks,T0353
espn,UMass Minutemen,umass minutemen,T0056
espn,UMBC,umbc,T0235
espn,UMBC Retrievers,umbc retrievers,T0235
espn,UNC Asheville,unc asheville,T0245
espn,UNC Asheville Bulldogs,unc asheville bulldogs,T0245
espn,UNC Greensboro,unc greensboro,T0247
espn,UNC Greensboro Spartans,unc greensboro spartans,T0247
espn,UNC Wilmington,unc wilmington,T0160
espn,UNC Wilmington Seahawks,unc wilmington seahawks,T0160
espn,UNLV,unlv,T0249
espn,UNLV Rebels,unlv rebels,T0249
espn,USC,usc,T0016
espn,USC Trojans,usc trojans,T0016
espn,UT Arlington,ut arlington,T0114
espn,UT Arlington Mavericks,ut arlington mavericks,T0114
espn,UT Martin,ut martin,T0302
espn,UT Martin Skyhawks,ut martin skyhawks,T0302
espn,UT Rio Grande,ut rio grande,T0136
espn,UT Rio Grande Valley,ut rio grande valley,T0136
espn,UT Rio Grande Valley Vaqueros,ut rio grande valley vaqueros,T0136
espn,Utah,utah,T0118
espn,Utah State,utah state,T0153
espn,Utah State Aggies,utah state aggies,T0153
espn,Utah Tech,utah tech,T0361
espn,Utah Tech Trailblazers,utah tech trailblazers,T0361
espn,Utah Utes,utah utes,T0118
espn,Utah Valley,utah valley,T0333
espn,Utah Valley Wolverines,utah valley wolverines,T0333
espn,UTEP,utep,T0307
espn,UTEP Miners,utep miners,T0307
espn,UTSA,utsa,T0306
espn,UTSA Roadrunners,utsa roadrunners,T0306
espn,Valparaiso,valparaiso,T0315
espn,Valparaiso Beacons,valparaiso beacons,T0315
espn,Vanderbilt,vanderbilt,T0108
espn,Vanderbilt Commodores,vanderbilt commodores,T0108
espn,VCU,vcu,T0314
espn,VCU Rams,vcu rams,T0314
espn,Vermont,vermont,T0123
espn,Vermont Catamounts,vermont catamounts,T0123
espn,Villanova,villanova,T0100
espn,Villanova Wildcats,villanova wildcats,T0100
espn,Virginia,virginia,T0121
espn,Virginia Cavaliers,virginia cavaliers,T0121
espn,Virginia Tech,virginia tech,T0122
espn,Virginia Tech Hokies,virginia tech hokies,T0122
espn,VMI,vmi,T0316
espn,VMI Keydets,vmi keydets,T0316
espn,W Carolina,w carolina,T0321
espn,W Illinois,w illinois,T0319
espn,W Michigan,w michigan,T0320
espn,Wagner,wagner,T0317
espn,Wagner Seahawks,wagner seahawks,T0317
espn,Wake Forest,wake forest,T0073
espn,Wake Forest Demon Deacons,wake forest demon deacons,T0073
espn,Washington,washington,T0124
espn,Washington Huskies,washington huskies,T0124
espn,Washington St,washington st,T0125
espn,Washington State,washington state,T0125
espn,Washington State Cougars,washington state cougars,T0125
espn,Weber St,weber st,T0318
espn,Weber State,weber state,T0318
espn,Weber State Wildcats,weber state wildcats,T0318
espn,West Georgia,west georgia,T0372
espn,West Georgia Wolves,west georgia wolves,T0372
espn,West Virginia,west virginia,T0130
espn,West Virginia Mountaineers,west virginia mountaineers,T0130
espn,Western Carolina,western carolina,T0321
espn,Western Carolina Catamounts,western carolina catamounts,T0321
espn,Western Illinois,western illinois,T0319
espn,Western Illinois Leathernecks,western illinois leathernecks,T0319
espn,Western Kentucky,western kentucky,T0049
espn,Western Kentucky Hilltoppers,western kentucky hilltoppers,T0049
espn,Western KY,western ky,T0049
espn,Western Michigan,western michigan,T0320
espn,Western Michigan Broncos,western michigan broncos,T0320
espn,Wichita St,wichita st,T0322
espn,Wichita State,wichita state,T0322
espn,Wichita State Shockers,wichita state shockers,T0322
espn,William & Mary,william and mary,T0323
espn,William & Mary Tribe,william and mary tribe,T0323
espn,Win Salem,win salem,T0336
espn,Winston Salem,winston salem,T0336
espn,Winston Salem Rams,winston salem rams,T0336
espn,Winthrop,winthrop,T0324
espn,Winthrop Eagles,winthrop eagles,T0324
espn,Wisconsin,wisconsin,T0128
espn,Wisconsin Badgers,wisconsin badgers,T0128
espn,Wofford,wofford,T0326
espn,Wofford Terriers,wofford terriers,T0326
espn,Wright St,wright st,T0327
espn,Wright State,wright state,T0327
espn,Wright State Raiders,wright state raiders,T0327
espn,Wyoming,wyoming,T0328
espn,Wyoming Cowboys,wyoming cowboys,T0328
espn,Xavier,xavier,T0329
espn,Xavier Musketeers,xavier musketeers,T0329
espn,Yale,yale,T0021
espn,Yale Bulldogs,yale bulldogs,T0021
espn,Youngstown St,youngstown st,T0330
espn,Youngstown State,youngstown state,T0330
espn,Youngstown State Penguins,youngstown state penguins,T0330
espn_abbr,AAMU,aamu,T0166
espn_abbr,ACU,acu,T0351
espn_abbr,AFA,afa,T0164
espn_abbr,AKR,akr,T0165
espn_abbr,ALA,ala,T0155
espn_abbr,ALB,alb,T0163
espn_abbr,ALCN,alcn,T0168
espn_abbr,ALST,alst,T0167
espn_abbr,AMCC,amcc,T0162
espn_abbr,AMER,amer,T0022
espn_abbr,APP,app,T0169
espn_abbr,APSU,apsu,T0173
espn_abbr,ARIZ,ariz,T0007
espn_abbr,ARK,ark,T0005
espn_abbr,ARMY,army,T0159
espn_abbr,ARST,arst,T0172
espn_abbr,ASU,asu,T0006
espn_abbr,AUB,aub,T0001
espn_abbr,BALL,ball,T0174
espn_abbr,BAY,bay,T0109
espn_abbr,BC,bc,T0051
espn_abbr,BCU,bcu,T0176
espn_abbr,BEL,bel,T0175
espn_abbr,BELL,bell,T0359
espn_abbr,BGSU,bgsu,T0087
espn_abbr,BING,bing,T0177
espn_abbr,BOIS,bois,T0037
espn_abbr,BRAD,brad,T0039
espn_abbr,BRWN,brwn,T0101
espn_abbr,BRY,bry,T0348
espn_abbr,BSC,bsc,T0002
espn_abbr,BU,bu,T0052
espn_abbr,BUCK,buck,T0178
espn_abbr,BUFF,buff,T0179
espn_abbr,BUT,but,T0180
espn_abbr,BYU,byu,T0116
espn_abbr,CAL,cal,T0013
espn_abbr,CAMP,camp,T0181
espn_abbr,CAN,can,T0182
espn_abbr,CARK,cark,T0335
espn_abbr,CARV,carv,T0362
espn_abbr,CBC,cbc,T0364
espn_abbr,CBU,cbu,T0356
espn_abbr,CCSU,ccsu,T0184
espn_abbr,CCU,ccu,T0150
espn_abbr,CENT,cent,T0183
espn_abbr,CHAR,char,T0246
espn_abbr,CHSO,chso,T0187
espn_abbr,CHST,chst,T0188
espn_abbr,CIN,cin,T0189
espn_abbr,CIT,cit,T0310
espn_abbr,CLEM,clem,T0103
espn_abbr,CLEV,clev,T0151
espn_abbr,CMU,cmu,T0186
espn_abbr,COFC,cofc,T0105
espn_abbr,COLG,colg,T0190
espn_abbr,COLO,colo,T0018
espn_abbr,COLU,colu,T0083
espn_abbr,CONN,conn,T0019
espn_abbr,COPP,copp,T0191
espn_abbr,COR,cor,T0084
espn_abbr,CP,cp,T0008
espn_abbr,CREI,crei,T0074
espn_abbr,CSU,csu,T0017
espn_abbr,CSUB,csub,T0342
espn_abbr,CSUF,csuf,T0209
espn_abbr,CSUN,csun,T0260
espn_abbr,DART,dart,T0076
espn_abbr,DAV,dav,T0192
espn_abbr,DAY,day,T0193
espn_abbr,DEL,del,T0026
espn_abbr,DEN,den,T0195
espn_abbr,DEP,dep,T0144
espn_abbr,DETM,detm,T0196
espn_abbr,DREX,drex,T0198
espn_abbr,DRKE,drke,T0197
espn_abbr,DSU,dsu,T0194
espn_abbr,DUKE,duke,T0069
espn_abbr,DUQ,duq,T0199
espn_abbr,ECU,ecu,T0070
espn_abbr,EIU,eiu,T0201
espn_abbr,EKU,eku,T0202
espn_abbr,ELON,elon,T0204
espn_abbr,EMU,emu,T0203
espn_abbr,ETAM,etam,T0369
espn_abbr,ETSU,etsu,T0200
espn_abbr,EVAN,evan,T0157
espn_abbr,EWU,ewu,T0154
espn_abbr,FAIR,fair,T0205
espn_abbr,FAMU,famu,T0027
espn_abbr,FAU,fau,T0206
espn_abbr,FDU,fdu,T0078
espn_abbr,FGCU,fgcu,T0338
espn_abbr,FIU,fiu,T0207
espn_abbr,FLA,fla,T0031
espn_abbr,FOR,for,T0208
espn_abbr,FRES,fres,T0131
espn_abbr,FSU,fsu,T0028
espn_abbr,FUR,fur,T0104
espn_abbr,GASO,gaso,T0135
espn_abbr,GAST,gast,T0212
espn_abbr,GB,gb,T0325
espn_abbr,GCU,gcu,T0352
espn_abbr,GMU,gmu,T0211
espn_abbr,GONZ,gonz,T0213
espn_abbr,GRAM,gram,T0331
espn_abbr,GT,gt,T0033
espn_abbr,GTWN,gtwn,T0024
espn_abbr,GW,gw,T0023
espn_abbr,HALL,hall,T0284
espn_abbr,HAMP,hamp,T0214
espn_abbr,HART,hart,T0020
espn_abbr,HARV,harv,T0054
espn_abbr,HAW,haw,T0035
espn_abbr,HC,hc,T0053
espn_abbr,HCU,hcu,T0345
espn_abbr,HOF,hof,T0216
espn_abbr,HOU,hou,T0112
espn_abbr,HOW,how,T0025
espn_abbr,HP,hp,T0215
espn_abbr,IDHO,idho,T0038
espn_abbr,IDST,idst,T0143
espn_abbr,ILL,ill,T0161
espn_abbr,ILST,ilst,T0217
espn_abbr,INST,inst,T0133
espn_abbr,IONA,iona,T0147
espn_abbr,IOWA,iowa,T0218
espn_abbr,ISU,isu,T0036
espn_abbr,IU,iu,T0043
espn_abbr,IUIN,iuin,T0044
espn_abbr,IUPU,iupu,T0044
espn_abbr,JAX,jax,T0137
espn_abbr,JKST,jkst,T0219
espn_abbr,JMU,jmu,T0119
espn_abbr,JOES,joes,T0295
espn_abbr,JVST,jvst,T0029
espn_abbr,JXST,jxst,T0029
espn_abbr,KC,kc,T0064
espn_abbr,KENN,kenn,T0156
espn_abbr,KENT,kent,T0222
espn_abbr,KSU,ksu,T0221
espn_abbr,KU,ku,T0220
espn_abbr,L-MD,l md,T0231
espn_abbr,LAF,laf,T0149
espn_abbr,LAM,lam,T0223
espn_abbr,LAS,las,T0224
espn_abbr,LBSU,lbsu,T0139
espn_abbr,LEH,leh,T0225
espn_abbr,LEM,lem,T0370
espn_abbr,LIB,lib,T0226
espn_abbr,LIN,lin,T0368
espn_abbr,LIP,lip,T0134
espn_abbr,LIU,liu,T0334
espn_abbr,LMU,lmu,T0230
espn_abbr,LONG,long,T0227
espn_abbr,LOU,lou,T0048
espn_abbr,LR,lr,T0171
espn_abbr,LSU,lsu,T0050
espn_abbr,LT,lt,T0228
espn_abbr,LUC,luc,T0229
espn_abbr,M-OH,m oh,T0088
espn_abbr,MAN,man,T0232
espn_abbr,MARQ,marq,T0126
espn_abbr,MASS,mass,T0056
espn_abbr,MCN,mcn,T0234
espn_abbr,MD,md,T0059
espn_abbr,ME,me,T0146
espn_abbr,MEM,mem,T0106
espn_abbr,MER,mer,T0237
espn_abbr,MERC,merc,T0371
espn_abbr,MIA,mia,T0238
espn_abbr,MICH,mich,T0061
espn_abbr,MILW,milw,T0127
espn_abbr,MINN,minn,T0062
espn_abbr,MISS,miss,T0066
espn_abbr,MIZ,miz,T0065
espn_abbr,MONM,monm,T0241
espn_abbr,MONT,mont,T0068
espn_abbr,MORE,more,T0242
espn_abbr,MORG,morg,T0243
espn_abbr,MOST,most,T0300
espn_abbr,MRMK,mrmk,T0357
espn_abbr,MRSH,mrsh,T0129
espn_abbr,MRST,mrst,T0233
espn_abbr,MSM,msm,T0057
espn_abbr,MSST,msst,T0158
espn_abbr,MSU,msu,T0060
espn_abbr,MTST,mtst,T0067
espn_abbr,MTSU,mtsu,T0239
espn_abbr,MUR,mur,T0046
espn_abbr,MVSU,mvsu,T0240
espn_abbr,NAU,nau,T0261
espn_abbr,NAVY,navy,T0244
espn_abbr,NCAT,ncat,T0253
espn_abbr,NCCU,nccu,T0339
espn_abbr,NCST,ncst,T0071
espn_abbr,ND,nd,T0045
espn_abbr,NDSU,ndsu,T0254
espn_abbr,NE,ne,T0055
espn_abbr,NEB,neb,T0075
espn_abbr,NEV,nev,T0250
espn_abbr,NHVN,nhvn,T0373
espn_abbr,NIA,nia,T0148
espn_abbr,NICH,nich,T0252
espn_abbr,NIU,niu,T0258
espn_abbr,NJIT,njit,T0337
espn_abbr,NKU,nku,T0350
espn_abbr,NMSU,nmsu,T0081
espn_abbr,NOLA,nola,T0251
espn_abbr,NORF,norf,T0255
espn_abbr,NU,nu,T0040
espn_abbr,NWST,nwst,T0262
espn_abbr,OAK,oak,T0263
espn_abbr,ODU,odu,T0138
espn_abbr,OHIO,ohio,T0090
espn_abbr,OKST,okst,T0091
espn_abbr,OMA,oma,T0349
espn_abbr,ORE,ore,T0264
espn_abbr,ORST,orst,T0095
espn_abbr,ORU,oru,T0092
espn_abbr,OSU,osu,T0089
espn_abbr,OU,ou,T0093
espn_abbr,PAC,pac,T0132
espn_abbr,PENN,penn,T0098
espn_abbr,PEPP,pepp,T0265
espn_abbr,PFW,pfw,T0332
espn_abbr,PITT,pitt,T0099
espn_abbr,PORT,port,T0266
espn_abbr,PRE,pre,T0340
espn_abbr,PRIN,prin,T0079
espn_abbr,PROV,prov,T0269
espn_abbr,PRST,prst,T0267
espn_abbr,PSU,psu,T0096
espn_abbr,PUR,pur,T0270
espn_abbr,PV,pv,T0268
espn_abbr,QUIN,quin,T0271
espn_abbr,QUOC,quoc,T0367
espn_abbr,RAD,rad,T0272
espn_abbr,RICE,rice,T0110
espn_abbr,RICH,rich,T0120
espn_abbr,RID,rid,T0273
espn_abbr,RMU,rmu,T0274
espn_abbr,RUTG,rutg,T0080
espn_abbr,SAC,sac,T0009
espn_abbr,SAM,sam,T0277
espn_abbr,SAV,sav,T0281
espn_abbr,SBU,sbu,T0085
espn_abbr,SC,sc,T0290
espn_abbr,SCST,scst,T0287
espn_abbr,SCU,scu,T0280
espn_abbr,SDAK,sdak,T0344
espn_abbr,SDST,sdst,T0288
espn_abbr,SDSU,sdsu,T0010
espn_abbr,SEA,sea,T0346
espn_abbr,SELA,sela,T0282
espn_abbr,SEMO,semo,T0283
espn_abbr,SF,sf,T0278
espn_abbr,SFA,sfa,T0298
espn_abbr,SFNY,sfny,T0292
espn_abbr,SFPA,sfpa,T0293
espn_abbr,SHSU,shsu,T0276
espn_abbr,SHU,shu,T0275
espn_abbr,SIE,sie,T0285
espn_abbr,SIU,siu,T0041
espn_abbr,SIUE,siue,T0347
espn_abbr,SJSU,sjsu,T0011
espn_abbr,SJU,sju,T0294
espn_abbr,SLU,slu,T0063
espn_abbr,SMC,smc,T0296
espn_abbr,SMU,smu,T0286
espn_abbr,SOU,sou,T0291
espn_abbr,SPU,spu,T0297
espn_abbr,STAN,stan,T0012
espn_abbr,STBK,stbk,T0299
espn_abbr,STET,stet,T0030
espn_abbr,STMN,stmn,T0363
espn_abbr,STO,sto,T0366
espn_abbr,SUU,suu,T0117
espn_abbr,SYR,syr,T0086
espn_abbr,TA&M,ta and m,T0111
espn_abbr,TAMC,tamc,T0369
espn_abbr,TAR,tar,T0360
espn_abbr,TCU,tcu,T0301
espn_abbr,TEM,tem,T0097
espn_abbr,TENN,tenn,T0303
espn_abbr,TEX,tex,T0115
espn_abbr,TLSA,tlsa,T0094
espn_abbr,TNST,tnst,T0304
espn_abbr,TNTC,tntc,T0305
espn_abbr,TOL,tol,T0311
espn_abbr,TOW,tow,T0058
espn_abbr,TROY,troy,T0312
espn_abbr,TTU,ttu,T0309
espn_abbr,TULN,tuln,T0313
espn_abbr,TXSO,txso,T0308
espn_abbr,TXST,txst,T0152
espn_abbr,UAB,uab,T0003
espn_abbr,UAPB,uapb,T0170
espn_abbr,UCD,ucd,T0142
espn_abbr,UCF,ucf,T0185
espn_abbr,UCI,uci,T0140
espn_abbr,UCLA,ucla,T0014
espn_abbr,UCR,ucr,T0015
espn_abbr,UCSB,ucsb,T0279
espn_abbr,UCSD,ucsd,T0358
espn_abbr,UGA,uga,T0034
espn_abbr,UIC,uic,T0042
espn_abbr,UIW,uiw,T0354
espn_abbr,UK,uk,T0047
espn_abbr,UL,ul,T0145
espn_abbr,ULM,ulm,T0248
espn_abbr,UMBC,umbc,T0235
espn_abbr,UMES,umes,T0236
espn_abbr,UML,uml,T0353
espn_abbr,UNA,una,T0355
espn_abbr,UNC,unc,T0072
espn_abbr,UNCA,unca,T0245
espn_abbr,UNCG,uncg,T0247
espn_abbr,UNCO,unco,T0257
espn_abbr,UNCW,uncw,T0160
espn_abbr,UND,und,T0343
espn_abbr,UNF,unf,T0256
espn_abbr,UNH,unh,T0077
espn_abbr,UNI,uni,T0259
espn_abbr,UNLV,unlv,T0249
espn_abbr,UNM,unm,T0082
espn_abbr,UNO,uno,T0251
espn_abbr,UNT,unt,T0113
espn_abbr,UPST,upst,T0341
espn_abbr,URI,uri,T0102
espn_abbr,USA,usa,T0004
espn_abbr,USC,usc,T0016
espn_abbr,USD,usd,T0141
espn_abbr,USF,usf,T0032
espn_abbr,USI,usi,T0365
espn_abbr,USM,usm,T0289
espn_abbr,USU,usu,T0153
espn_abbr,UTA,uta,T0114
espn_abbr,UTAH,utah,T0118
espn_abbr,UTC,utc,T0107
espn_abbr,UTEP,utep,T0307
espn_abbr,UTM,utm,T0302
espn_abbr,UTRGV,utrgv,T0136
espn_abbr,UTSA,utsa,T0306
espn_abbr,UTU,utu,T0361
espn_abbr,UVA,uva,T0121
espn_abbr,UVM,uvm,T0123
espn_abbr,UVU,uvu,T0333
espn_abbr,VAL,val,T0315
espn_abbr,VAN,van,T0108
espn_abbr,VCU,vcu,T0314
espn_abbr,VILL,vill,T0100
espn_abbr,VMI,vmi,T0316
espn_abbr,VT,vt,T0122
espn_abbr,W&M,w and m,T0323
espn_abbr,WAG,wag,T0317
espn_abbr,WAKE,wake,T0073
espn_abbr,WASH,wash,T0124
espn_abbr,WCU,wcu,T0321
espn_abbr,WEB,web,T0318
espn_abbr,WEBB,webb,T0210
espn_abbr,WGA,wga,T0372
espn_abbr,WICH,wich,T0322
espn_abbr,WIN,win,T0324
espn_abbr,WISC,wisc,T0128
espn_abbr,WIU,wiu,T0319
espn_abbr,WKU,wku,T0049
espn_abbr,WMU,wmu,T0320
espn_abbr,WOF,wof,T0326
espn_abbr,WRST,wrst,T0327
espn_abbr,WSSU,wssu,T0336
espn_abbr,WSU,wsu,T0125
espn_abbr,WVU,wvu,T0130
espn_abbr,WYO,wyo,T0328
espn_abbr,XAV,xav,T0329
espn_abbr,YALE,yale,T0021
espn_abbr,YSU,ysu,T0330
kenpom_name,Abilene Christian,abilene christian,T0351
kenpom_name,Air Force,air force,T0164
kenpom_name,Akron,akron,T0165
kenpom_name,Alabama,alabama,T0155
kenpom_name,Alabama A&M,alabama a and m,T0166
kenpom_name,Alabama St.,alabama st,T0167
kenpom_name,Albany,albany,T0163
kenpom_name,Alcorn St.,alcorn st,T0168
kenpom_name,American,american,T0022
kenpom_name,Appalachian St.,appalachian st,T0169
kenpom_name,Arizona,arizona,T0007
kenpom_name,Arizona St.,arizona st,T0006
kenpom_name,Arkansas,arkansas,T0005
kenpom_name,Arkansas Pine Bluff,arkansas pine bluff,T0170
kenpom_name,Arkansas St.,arkansas st,T0172
kenpom_name,Army,army,T0159
kenpom_name,Auburn,auburn,T0001
kenpom_name,Austin Peay,austin peay,T0173
kenpom_name,Ball St.,ball st,T0174
kenpom_name,Baylor,baylor,T0109
kenpom_name,Bellarmine,bellarmine,T0359
kenpom_name,Belmont,belmont,T0175
kenpom_name,Bethune Cookman,bethune cookman,T0176
kenpom_name,Binghamton,binghamton,T0177
kenpom_name,Boise St.,boise st,T0037
kenpom_name,Boston College,boston college,T0051
kenpom_name,Boston University,boston university,T0052
kenpom_name,Bowling Green,bowling green,T0087
kenpom_name,Bradley,bradley,T0039
kenpom_name,Brown,brown,T0101
kenpom_name,Bryant,bryant,T0348
kenpom_name,Bucknell,bucknell,T0178
kenpom_name,Buffalo,buffalo,T0179
kenpom_name,Butler,butler,T0180
kenpom_name,BYU,byu,T0116
kenpom_name,Cal Baptist,cal baptist,T0356
kenpom_name,Cal Poly,cal poly,T0008
kenpom_name,Cal St. Bakersfield,cal st bakersfield,T0342
kenpom_name,Cal St. Fullerton,cal st fullerton,T0209
kenpom_name,California,california,T0013
kenpom_name,Campbell,campbell,T0181
kenpom_name,Canisius,canisius,T0182
kenpom_name,Central Arkansas,central arkansas,T0335
kenpom_name,Central Connecticut,central connecticut,T0184
kenpom_name,Central Michigan,central michigan,T0186
kenpom_name,Charleston,charleston,T0105
kenpom_name,Charleston Southern,charleston southern,T0187
kenpom_name,Charlotte,charlotte,T0246
kenpom_name,Chattanooga,chattanooga,T0107
kenpom_name,Chicago St.,chicago st,T0188
kenpom_name,Cincinnati,cincinnati,T0189
kenpom_name,Clemson,clemson,T0103
kenpom_name,Cleveland St.,cleveland st,T0151
kenpom_name,Coastal Carolina,coastal carolina,T0150
kenpom_name,Colgate,colgate,T0190
kenpom_name,Colorado,colorado,T0018
kenpom_name,Colorado St.,colorado st,T0017
kenpom_name,Columbia,columbia,T0083
kenpom_name,Connecticut,connecticut,T0019
kenpom_name,Coppin St.,coppin st,T0191
kenpom_name,Cornell,cornell,T0084
kenpom_name,Creighton,creighton,T0074
kenpom_name,CSUN,csun,T0260
kenpom_name,Dartmouth,dartmouth,T0076
kenpom_name,Davidson,davidson,T0192
kenpom_name,Dayton,dayton,T0193
kenpom_name,Delaware,delaware,T0026
kenpom_name,Delaware St.,delaware st,T0194
kenpom_name,Denver,denver,T0195
kenpom_name,DePaul,depaul,T0144
kenpom_name,Detroit Mercy,detroit mercy,T0196
kenpom_name,Drake,drake,T0197
kenpom_name,Drexel,drexel,T0198
kenpom_name,Duke,duke,T0069
kenpom_name,Duquesne,duquesne,T0199
kenpom_name,East Carolina,east carolina,T0070
kenpom_name,East Tennessee St.,east tennessee st,T0200
kenpom_name,East Texas A&M,east texas a and m,T0369
kenpom_name,Eastern Illinois,eastern illinois,T0201
kenpom_name,Eastern Kentucky,eastern kentucky,T0202
kenpom_name,Eastern Michigan,eastern michigan,T0203
kenpom_name,Eastern Washington,eastern washington,T0154
kenpom_name,Elon,elon,T0204
kenpom_name,Evansville,evansville,T0157
kenpom_name,Fairfield,fairfield,T0205
kenpom_name,Fairleigh Dickinson,fairleigh dickinson,T0078
kenpom_name,FIU,fiu,T0207
kenpom_name,Florida,florida,T0031
kenpom_name,Florida A&M,florida a and m,T0027
kenpom_name,Florida Atlantic,florida atlantic,T0206
kenpom_name,Florida Gulf Coast,florida gulf coast,T0338
kenpom_name,Florida St.,florida st,T0028
kenpom_name,Fordham,fordham,T0208
kenpom_name,Fresno St.,fresno st,T0131
kenpom_name,Furman,furman,T0104
kenpom_name,Gardner Webb,gardner webb,T0210
kenpom_name,George Mason,george mason,T0211
kenpom_name,George Washington,george washington,T0023
kenpom_name,Georgetown,georgetown,T0024
kenpom_name,Georgia,georgia,T0034
kenpom_name,Georgia Southern,georgia southern,T0135
kenpom_name,Georgia St.,georgia st,T0212
kenpom_name,Georgia Tech,georgia tech,T0033
kenpom_name,Gonzaga,gonzaga,T0213
kenpom_name,Grambling St.,grambling st,T0331
kenpom_name,Grand Canyon,grand canyon,T0352
kenpom_name,Green Bay,green bay,T0325
kenpom_name,Hampton,hampton,T0214
kenpom_name,Harvard,harvard,T0054
kenpom_name,Hawaii,hawaii,T0035
kenpom_name,High Point,high point,T0215
kenpom_name,Hofstra,hofstra,T0216
kenpom_name,Holy Cross,holy cross,T0053
kenpom_name,Houston,houston,T0112
kenpom_name,Houston Christian,houston christian,T0345
kenpom_name,Howard,howard,T0025
kenpom_name,Idaho,idaho,T0038
kenpom_name,Idaho St.,idaho st,T0143
kenpom_name,Illinois,illinois,T0161
kenpom_name,Illinois Chicago,illinois chicago,T0042
kenpom_name,Illinois St.,illinois st,T0217
kenpom_name,Incarnate Word,incarnate word,T0354
kenpom_name,Indiana,indiana,T0043
kenpom_name,Indiana St.,indiana st,T0133
kenpom_name,Iona,iona,T0147
kenpom_name,Iowa,iowa,T0218
kenpom_name,Iowa St.,iowa st,T0036
kenpom_name,IU Indy,iu indy,T0044
kenpom_name,Jackson St.,jackson st,T0219
kenpom_name,Jacksonville,jacksonville,T0137
kenpom_name,Jacksonville St.,jacksonville st,T0029
kenpom_name,James Madison,james madison,T0119
kenpom_name,Kansas,kansas,T0220
kenpom_name,Kansas City,kansas city,T0064
kenpom_name,Kansas St.,kansas st,T0221
kenpom_name,Kennesaw St.,kennesaw st,T0156
kenpom_name,Kent St.,kent st,T0222
kenpom_name,Kentucky,kentucky,T0047
kenpom_name,La Salle,la salle,T0224
kenpom_name,Lafayette,lafayette,T0149
kenpom_name,Lamar,lamar,T0223
kenpom_name,Le Moyne,le moyne,T0370
kenpom_name,Lehigh,lehigh,T0225
kenpom_name,Liberty,liberty,T0226
kenpom_name,Lipscomb,lipscomb,T0134
kenpom_name,Little Rock,little rock,T0171
kenpom_name,LIU,liu,T0334
kenpom_name,Long Beach St.,long beach st,T0139
kenpom_name,Longwood,longwood,T0227
kenpom_name,Louisiana,louisiana,T0145
kenpom_name,Louisiana Monroe,louisiana monroe,T0248
kenpom_name,Louisiana Tech,louisiana tech,T0228
kenpom_name,Louisville,louisville,T0048
kenpom_name,Loyola Chicago,loyola chicago,T0229
kenpom_name,Loyola Marymount,loyola marymount,T0230
kenpom_name,Loyola MD,loyola md,T0231
kenpom_name,LSU,lsu,T0050
kenpom_name,Maine,maine,T0146
kenpom_name,Manhattan,manhattan,T0232
kenpom_name,Marist,marist,T0233
kenpom_name,Marquette,marquette,T0126
kenpom_name,Marshall,marshall,T0129
kenpom_name,Maryland,maryland,T0059
kenpom_name,Maryland Eastern Shore,maryland eastern shore,T0236
kenpom_name,Massachusetts,massachusetts,T0056
kenpom_name,McNeese,mcneese,T0234
kenpom_name,Memphis,memphis,T0106
kenpom_name,Mercer,mercer,T0237
kenpom_name,Mercyhurst,mercyhurst,T0371
kenpom_name,Merrimack,merrimack,T0357
kenpom_name,Miami FL,miami fl,T0238
kenpom_name,Miami OH,miami oh,T0088
kenpom_name,Michigan,michigan,T0061
kenpom_name,Michigan St.,michigan st,T0060
kenpom_name,Middle Tennessee,middle tennessee,T0239
kenpom_name,Milwaukee,milwaukee,T0127
kenpom_name,Minnesota,minnesota,T0062
kenpom_name,Mississippi,mississippi,T0066
kenpom_name,Mississippi St.,mississippi st,T0158
kenpom_name,Mississippi Valley St.,mississippi valley st,T0240
kenpom_name,Missouri,missouri,T0065
kenpom_name,Missouri St.,missouri st,T0300
kenpom_name,Monmouth,monmouth,T0241
kenpom_name,Montana,montana,T0068
kenpom_name,Montana St.,montana st,T0067
kenpom_name,Morehead St.,morehead st,T0242
kenpom_name,Morgan St.,morgan st,T0243
kenpom_name,Mount St. Mary's,mount st marys,T0057
kenpom_name,Murray St.,murray st,T0046
kenpom_name,Navy,navy,T0244
kenpom_name,N.C. State,nc state,T0071
kenpom_name,Nebraska,nebraska,T0075
kenpom_name,Nebraska Omaha,nebraska omaha,T0349
kenpom_name,Nevada,nevada,T0250
kenpom_name,New Hampshire,new hampshire,T0077
kenpom_name,New Haven,new haven,T0373
kenpom_name,New Mexico,new mexico,T0082
kenpom_name,New Mexico St.,new mexico st,T0081
kenpom_name,Niagara,niagara,T0148
kenpom_name,Nicholls,nicholls,T0252
kenpom_name,NJIT,njit,T0337
kenpom_name,Norfolk St.,norfolk st,T0255
kenpom_name,North Alabama,north alabama,T0355
kenpom_name,North Carolina,north carolina,T0072
kenpom_name,North Carolina A&T,north carolina a and t,T0253
kenpom_name,North Carolina Central,north carolina central,T0339
kenpom_name,North Dakota,north dakota,T0343
kenpom_name,North Dakota St.,north dakota st,T0254
kenpom_name,North Florida,north florida,T0256
kenpom_name,North Texas,north texas,T0113
kenpom_name,Northeastern,northeastern,T0055
kenpom_name,Northern Arizona,northern arizona,T0261
kenpom_name,Northern Colorado,northern colorado,T0257
kenpom_name,Northern Illinois,northern illinois,T0258
kenpom_name,Northern Iowa,northern iowa,T0259
kenpom_name,Northern Kentucky,northern kentucky,T0350
kenpom_name,Northwestern,northwestern,T0040
kenpom_name,Northwestern St.,northwestern st,T0262
kenpom_name,Notre Dame,notre dame,T0045
kenpom_name,Oakland,oakland,T0263
kenpom_name,Ohio,ohio,T0090
kenpom_name,Ohio St.,ohio st,T0089
kenpom_name,Oklahoma,oklahoma,T0093
kenpom_name,Oklahoma St.,oklahoma st,T0091
kenpom_name,Old Dominion,old dominion,T0138
kenpom_name,Oral Roberts,oral roberts,T0092
kenpom_name,Oregon,oregon,T0264
kenpom_name,Oregon St.,oregon st,T0095
kenpom_name,Pacific,pacific,T0132
kenpom_name,Penn,penn,T0098
kenpom_name,Penn St.,penn st,T0096
kenpom_name,Pepperdine,pepperdine,T0265
kenpom_name,Pittsburgh,pittsburgh,T0099
kenpom_name,Portland,portland,T0266
kenpom_name,Portland St.,portland st,T0267
kenpom_name,Prairie View A&M,prairie view a and m,T0268
kenpom_name,Presbyterian,presbyterian,T0340
kenpom_name,Princeton,princeton,T0079
kenpom_name,Providence,providence,T0269
kenpom_name,Purdue,purdue,T0270
kenpom_name,Purdue Fort Wayne,purdue fort wayne,T0332
kenpom_name,Quinnipiac,quinnipiac,T0271
kenpom_name,Radford,radford,T0272
kenpom_name,Rhode Island,rhode island,T0102
kenpom_name,Rice,rice,T0110
kenpom_name,Richmond,richmond,T0120
kenpom_name,Rider,rider,T0273
kenpom_name,Robert Morris,robert morris,T0274
kenpom_name,Rutgers,rutgers,T0080
kenpom_name,Sacramento St.,sacramento st,T0009
kenpom_name,Sacred Heart,sacred heart,T0275
kenpom_name,Saint Joseph's,saint josephs,T0295
kenpom_name,Saint Louis,saint louis,T0063
kenpom_name,Saint Mary's,saint marys,T0296
kenpom_name,Saint Peter's,saint peters,T0297
kenpom_name,Sam Houston St.,sam houston st,T0276
kenpom_name,Samford,samford,T0277
kenpom_name,San Diego,san diego,T0141
kenpom_name,San Diego St.,san diego st,T0010
kenpom_name,San Francisco,san francisco,T0278
kenpom_name,San Jose St.,san jose st,T0011
kenpom_name,Santa Clara,santa clara,T0280
kenpom_name,Seattle,seattle,T0346
kenpom_name,Seton Hall,seton hall,T0284
kenpom_name,Siena,siena,T0285
kenpom_name,SIUE,siue,T0347
kenpom_name,SMU,smu,T0286
kenpom_name,South Alabama,south alabama,T0004
kenpom_name,South Carolina,south carolina,T0290
kenpom_name,South Carolina St.,south carolina st,T0287
kenpom_name,South Dakota,south dakota,T0344
kenpom_name,South Dakota St.,south dakota st,T0288
kenpom_name,South Florida,south florida,T0032
kenpom_name,Southeast Missouri,southeast missouri,T0283
kenpom_name,Southeastern Louisiana,southeastern louisiana,T0282
kenpom_name,Southern,southern,T0291
kenpom_name,Southern Illinois,southern illinois,T0041
kenpom_name,Southern Miss,southern miss,T0289
kenpom_name,Southern Utah,southern utah,T0117
kenpom_name,St. Bonaventure,st bonaventure,T0085
kenpom_name,St. John's,st johns,T0294
kenpom_name,Stanford,stanford,T0012
kenpom_name,Stephen F. Austin,stephen f austin,T0298
kenpom_name,Stetson,stetson,T0030
kenpom_name,Stonehill,stonehill,T0366
kenpom_name,Stony Brook,stony brook,T0299
kenpom_name,Syracuse,syracuse,T0086
kenpom_name,Tarleton St.,tarleton st,T0360
kenpom_name,TCU,tcu,T0301
kenpom_name,Temple,temple,T0097
kenpom_name,Tennessee,tennessee,T0303
kenpom_name,Tennessee Martin,tennessee martin,T0302
kenpom_name,Tennessee St.,tennessee st,T0304
kenpom_name,Tennessee Tech,tennessee tech,T0305
kenpom_name,Texas,texas,T0115
kenpom_name,Texas A&M,texas a and m,T0111
kenpom_name,Texas A&M Corpus Chris,texas a and m corpus chris,T0162
kenpom_name,Texas Southern,texas southern,T0308
kenpom_name,Texas St.,texas st,T0152
kenpom_name,Texas Tech,texas tech,T0309
kenpom_name,The Citadel,the citadel,T0310
kenpom_name,Toledo,toledo,T0311
kenpom_name,Towson,towson,T0058
kenpom_name,Troy,troy,T0312
kenpom_name,Tulane,tulane,T0313
kenpom_name,Tulsa,tulsa,T0094
kenpom_name,UAB,uab,T0003
kenpom_name,UC Davis,uc davis,T0142
kenpom_name,UC Irvine,uc irvine,T0140
kenpom_name,UC Riverside,uc riverside,T0015
kenpom_name,UC San Diego,uc san diego,T0358
kenpom_name,UC Santa Barbara,uc santa barbara,T0279
kenpom_name,UCF,ucf,T0185
kenpom_name,UCLA,ucla,T0014
kenpom_name,UMass Lowell,umass lowell,T0353
kenpom_name,UMBC,umbc,T0235
kenpom_name,UNC Asheville,unc asheville,T0245
kenpom_name,UNC Greensboro,unc greensboro,T0247
kenpom_name,UNC Wilmington,unc wilmington,T0160
kenpom_name,UNLV,unlv,T0249
kenpom_name,USC,usc,T0016
kenpom_name,USC Upstate,usc upstate,T0341
kenpom_name,UT Arlington,ut arlington,T0114
kenpom_name,UT Rio Grande Valley,ut rio grande valley,T0136
kenpom_name,Utah,utah,T0118
kenpom_name,Utah St.,utah st,T0153
kenpom_name,Utah Tech,utah tech,T0361
kenpom_name,Utah Valley,utah valley,T0333
kenpom_name,UTEP,utep,T0307
kenpom_name,UTSA,utsa,T0306
kenpom_name,Valparaiso,valparaiso,T0315
kenpom_name,Vanderbilt,vanderbilt,T0108
kenpom_name,VCU,vcu,T0314
kenpom_name,Vermont,vermont,T0123
kenpom_name,Villanova,villanova,T0100
kenpom_name,Virginia,virginia,T0121
kenpom_name,Virginia Tech,virginia tech,T0122
kenpom_name,VMI,vmi,T0316
kenpom_name,Wagner,wagner,T0317
kenpom_name,Wake Forest,wake forest,T0073
kenpom_name,Washington,washington,T0124
kenpom_name,Washington St.,washington st,T0125
kenpom_name,Weber St.,weber st,T0318
kenpom_name,West Georgia,west georgia,T0372
kenpom_name,West Virginia,west virginia,T0130
kenpom_name,Western Carolina,western carolina,T0321
kenpom_name,Western Illinois,western illinois,T0319
kenpom_name,Western Kentucky,western kentucky,T0049
kenpom_name,Western Michigan,western michigan,T0320
kenpom_name,Wichita St.,wichita st,T0322
kenpom_name,William & Mary,william and mary,T0323
kenpom_name,Winthrop,winthrop,T0324
kenpom_name,Wisconsin,wisconsin,T0128
kenpom_name,Wofford,wofford,T0326
kenpom_name,Wright St.,wright st,T0327
kenpom_name,Wyoming,wyoming,T0328
kenpom_name,Xavier,xavier,T0329
kenpom_name,Yale,yale,T0021
kenpom_name,Youngstown St.,youngstown st,T0330
torvik,Abilene Christian,abilene christian,T0351
torvik,Air Force,air force,T0164
torvik,Akron,akron,T0165
torvik,Alabama,alabama,T0155
torvik,Alabama A&M,alabama a and m,T0166
torvik,Alabama St.,alabama st,T0167
torvik,Albany,albany,T0163
torvik,Alcorn St.,alcorn st,T0168
torvik,American,american,T0022
torvik,Appalachian St.,appalachian st,T0169
torvik,Arizona,arizona,T0007
torvik,Arizona St.,arizona st,T0006
torvik,Arkansas,arkansas,T0005
torvik,Arkansas Pine Bluff,arkansas pine bluff,T0170
torvik,Arkansas St.,arkansas st,T0172
torvik,Army,army,T0159
torvik,Auburn,auburn,T0001
torvik,Austin Peay,austin peay,T0173
torvik,Ball St.,ball st,T0174
torvik,Baylor,baylor,T0109
torvik,Bellarmine,bellarmine,T0359
torvik,Belmont,belmont,T0175
torvik,Bethune Cookman,bethune cookman,T0176
torvik,Binghamton,binghamton,T0177
torvik,Boise St.,boise st,T0037
torvik,Boston College,boston college,T0051
torvik,Boston University,boston university,T0052
torvik,Bowling Green,bowling green,T0087
torvik,Bradley,bradley,T0039
torvik,Brown,brown,T0101
torvik,Bryant,bryant,T0348
torvik,Bucknell,bucknell,T0178
torvik,Buffalo,buffalo,T0179
torvik,Butler,butler,T0180
torvik,BYU,byu,T0116
torvik,Cal Baptist,cal baptist,T0356
torvik,Cal Poly,cal poly,T0008
torvik,Cal St. Bakersfield,cal st bakersfield,T0342
torvik,Cal St. Fullerton,cal st fullerton,T0209
torvik,Cal St. Northridge,cal st northridge,T0260
torvik,California,california,T0013
torvik,Campbell,campbell,T0181
torvik,Canisius,canisius,T0182
torvik,Central Arkansas,central arkansas,T0335
torvik,Central Connecticut,central connecticut,T0184
torvik,Central Michigan,central michigan,T0186
torvik,Charleston,charleston,T0105
torvik,Charleston Southern,charleston southern,T0187
torvik,Charlotte,charlotte,T0246
torvik,Chattanooga,chattanooga,T0107
torvik,Chicago St.,chicago st,T0188
torvik,Cincinnati,cincinnati,T0189
torvik,Clemson,clemson,T0103
torvik,Cleveland St.,cleveland st,T0151
torvik,Coastal Carolina,coastal carolina,T0150
torvik,Colgate,colgate,T0190
torvik,Colorado,colorado,T0018
torvik,Colorado St.,colorado st,T0017
torvik,Columbia,columbia,T0083
torvik,Connecticut,connecticut,T0019
torvik,Coppin St.,coppin st,T0191
torvik,Cornell,cornell,T0084
torvik,Creighton,creighton,T0074
torvik,Dartmouth,dartmouth,T0076
torvik,Davidson,davidson,T0192
torvik,Dayton,dayton,T0193
torvik,Delaware,delaware,T0026
torvik,Delaware St.,delaware st,T0194
torvik,Denver,denver,T0195
torvik,DePaul,depaul,T0144
torvik,Detroit Mercy,detroit mercy,T0196
torvik,Drake,drake,T0197
torvik,Drexel,drexel,T0198
torvik,Duke,duke,T0069
torvik,Duquesne,duquesne,T0199
torvik,East Carolina,east carolina,T0070
torvik,East Tennessee St.,east tennessee st,T0200
torvik,East Texas A&M,east texas a and m,T0369
torvik,Eastern Illinois,eastern illinois,T0201
torvik,Eastern Kentucky,eastern kentucky,T0202
torvik,Eastern Michigan,eastern michigan,T0203
torvik,Eastern Washington,eastern washington,T0154
torvik,Elon,elon,T0204
torvik,Evansville,evansville,T0157
torvik,Fairfield,fairfield,T0205
torvik,Fairleigh Dickinson,fairleigh dickinson,T0078
torvik,FIU,fiu,T0207
torvik,Florida,florida,T0031
torvik,Florida A&M,florida a and m,T0027
torvik,Florida Atlantic,florida atlantic,T0206
torvik,Florida Gulf Coast,florida gulf coast,T0338
torvik,Florida St.,florida st,T0028
torvik,Fordham,fordham,T0208
torvik,Fresno St.,fresno st,T0131
torvik,Furman,furman,T0104
torvik,Gardner Webb,gardner webb,T0210
torvik,George Mason,george mason,T0211
torvik,George Washington,george washington,T0023
torvik,Georgetown,georgetown,T0024
torvik,Georgia,georgia,T0034
torvik,Georgia Southern,georgia southern,T0135
torvik,Georgia St.,georgia st,T0212
torvik,Georgia Tech,georgia tech,T0033
torvik,Gonzaga,gonzaga,T0213
torvik,Grambling St.,grambling st,T0331
torvik,Grand Canyon,grand canyon,T0352
torvik,Green Bay,green bay,T0325
torvik,Hampton,hampton,T0214
torvik,Harvard,harvard,T0054
torvik,Hawaii,hawaii,T0035
torvik,High Point,high point,T0215
torvik,Hofstra,hofstra,T0216
torvik,Holy Cross,holy cross,T0053
torvik,Houston,houston,T0112
torvik,Houston Christian,houston christian,T0345
torvik,Howard,howard,T0025
torvik,Idaho,idaho,T0038
torvik,Idaho St.,idaho st,T0143
torvik,Illinois,illinois,T0161
torvik,Illinois Chicago,illinois chicago,T0042
torvik,Illinois St.,illinois st,T0217
torvik,Incarnate Word,incarnate word,T0354
torvik,Indiana,indiana,T0043
torvik,Indiana St.,indiana st,T0133
torvik,Iona,iona,T0147
torvik,Iowa,iowa,T0218
torvik,Iowa St.,iowa st,T0036
torvik,IU Indy,iu indy,T0044
torvik,Jackson St.,jackson st,T0219
torvik,Jacksonville,jacksonville,T0137
torvik,Jacksonville St.,jacksonville st,T0029
torvik,James Madison,james madison,T0119
torvik,Kansas,kansas,T0220
torvik,Kansas St.,kansas st,T0221
torvik,Kennesaw St.,kennesaw st,T0156
torvik,Kent St.,kent st,T0222
torvik,Kentucky,kentucky,T0047
torvik,La Salle,la salle,T0224
torvik,Lafayette,lafayette,T0149
torvik,Lamar,lamar,T0223
torvik,Le Moyne,le moyne,T0370
torvik,Lehigh,lehigh,T0225
torvik,Liberty,liberty,T0226
torvik,Lipscomb,lipscomb,T0134
torvik,Little Rock,little rock,T0171
torvik,LIU,liu,T0334
torvik,Long Beach St.,long beach st,T0139
torvik,Longwood,longwood,T0227
torvik,Louisiana,louisiana,T0145
torvik,Louisiana Monroe,louisiana monroe,T0248
torvik,Louisiana Tech,louisiana tech,T0228
torvik,Louisville,louisville,T0048
torvik,Loyola Chicago,loyola chicago,T0229
torvik,Loyola Marymount,loyola marymount,T0230
torvik,Loyola MD,loyola md,T0231
torvik,LSU,lsu,T0050
torvik,Maine,maine,T0146
torvik,Manhattan,manhattan,T0232
torvik,Marist,marist,T0233
torvik,Marquette,marquette,T0126
torvik,Marshall,marshall,T0129
torvik,Maryland,maryland,T0059
torvik,Maryland Eastern Shore,maryland eastern shore,T0236
torvik,Massachusetts,massachusetts,T0056
torvik,McNeese St.,mcneese st,T0234
torvik,Memphis,memphis,T0106
torvik,Mercer,mercer,T0237
torvik,Mercyhurst,mercyhurst,T0371
torvik,Merrimack,merrimack,T0357
torvik,Miami FL,miami fl,T0238
torvik,Miami OH,miami oh,T0088
torvik,Michigan,michigan,T0061
torvik,Michigan St.,michigan st,T0060
torvik,Middle Tennessee,middle tennessee,T0239
torvik,Milwaukee,milwaukee,T0127
torvik,Minnesota,minnesota,T0062
torvik,Mississippi,mississippi,T0066
torvik,Mississippi St.,mississippi st,T0158
torvik,Mississippi Valley St.,mississippi valley st,T0240
torvik,Missouri,missouri,T0065
torvik,Missouri St.,missouri st,T0300
torvik,Monmouth,monmouth,T0241
torvik,Montana,montana,T0068
torvik,Montana St.,montana st,T0067
torvik,Morehead St.,morehead st,T0242
torvik,Morgan St.,morgan st,T0243
torvik,Mount St. Mary's,mount st marys,T0057
torvik,Murray St.,murray st,T0046
torvik,Navy,navy,T0244
torvik,N.C. State,nc state,T0071
torvik,Nebraska,nebraska,T0075
torvik,Nebraska Omaha,nebraska omaha,T0349
torvik,Nevada,nevada,T0250
torvik,New Hampshire,new hampshire,T0077
torvik,New Haven,new haven,T0373
torvik,New Mexico,new mexico,T0082
torvik,New Mexico St.,new mexico st,T0081
torvik,Niagara,niagara,T0148
torvik,Nicholls St.,nicholls st,T0252
torvik,NJIT,njit,T0337
torvik,Norfolk St.,norfolk st,T0255
torvik,North Alabama,north alabama,T0355
torvik,North Carolina,north carolina,T0072
torvik,North Carolina A&T,north carolina a and t,T0253
torvik,North Carolina Central,north carolina central,T0339
torvik,North Dakota,north dakota,T0343
torvik,North Dakota St.,north dakota st,T0254
torvik,North Florida,north florida,T0256
torvik,North Texas,north texas,T0113
torvik,Northeastern,northeastern,T0055
torvik,Northern Arizona,northern arizona,T0261
torvik,Northern Colorado,northern colorado,T0257
torvik,Northern Illinois,northern illinois,T0258
torvik,Northern Iowa,northern iowa,T0259
torvik,Northern Kentucky,northern kentucky,T0350
torvik,Northwestern,northwestern,T0040
torvik,Northwestern St.,northwestern st,T0262
torvik,Notre Dame,notre dame,T0045
torvik,Oakland,oakland,T0263
torvik,Ohio,ohio,T0090
torvik,Ohio St.,ohio st,T0089
torvik,Oklahoma,oklahoma,T0093
torvik,Oklahoma St.,oklahoma st,T0091
torvik,Old Dominion,old dominion,T0138
torvik,Oral Roberts,oral roberts,T0092
torvik,Oregon,oregon,T0264
torvik,Oregon St.,oregon st,T0095
torvik,Pacific,pacific,T0132
torvik,Penn,penn,T0098
torvik,Penn St.,penn st,T0096
torvik,Pepperdine,pepperdine,T0265
torvik,Pittsburgh,pittsburgh,T0099
torvik,Portland,portland,T0266
torvik,Portland St.,portland st,T0267
torvik,Prairie View A&M,prairie view a and m,T0268
torvik,Presbyterian,presbyterian,T0340
torvik,Princeton,princeton,T0079
torvik,Providence,providence,T0269
torvik,Purdue,purdue,T0270
torvik,Purdue Fort Wayne,purdue fort wayne,T0332
torvik,Quinnipiac,quinnipiac,T0271
torvik,Radford,radford,T0272
torvik,Rhode Island,rhode island,T0102
torvik,Rice,rice,T0110
torvik,Richmond,richmond,T0120
torvik,Rider,rider,T0273
torvik,Robert Morris,robert morris,T0274
torvik,Rutgers,rutgers,T0080
torvik,Sacramento St.,sacramento st,T0009
torvik,Sacred Heart,sacred heart,T0275
torvik,Saint Joseph's,saint josephs,T0295
torvik,Saint Louis,saint louis,T0063
torvik,Saint Mary's,saint marys,T0296
torvik,Saint Peter's,saint peters,T0297
torvik,Sam Houston St.,sam houston st,T0276
torvik,Samford,samford,T0277
torvik,San Diego,san diego,T0141
torvik,San Diego St.,san diego st,T0010
torvik,San Francisco,san francisco,T0278
torvik,San Jose St.,san jose st,T0011
torvik,Santa Clara,santa clara,T0280
torvik,Seattle,seattle,T0346
torvik,Seton Hall,seton hall,T0284
torvik,Siena,siena,T0285
torvik,SIU Edwardsville,siu edwardsville,T0347
torvik,SMU,smu,T0286
torvik,South Alabama,south alabama,T0004
torvik,South Carolina,south carolina,T0290
torvik,South Carolina St.,south carolina st,T0287
torvik,South Dakota,south dakota,T0344
torvik,South Dakota St.,south dakota st,T0288
torvik,South Florida,south florida,T0032
torvik,Southeast Missouri St.,southeast missouri st,T0283
torvik,Southeastern Louisiana,southeastern louisiana,T0282
torvik,Southern,southern,T0291
torvik,Southern Illinois,southern illinois,T0041
torvik,Southern Miss,southern miss,T0289
torvik,Southern Utah,southern utah,T0117
torvik,St. Bonaventure,st bonaventure,T0085
torvik,St. John's,st johns,T0294
torvik,Stanford,stanford,T0012
torvik,Stephen F. Austin,stephen f austin,T0298
torvik,Stetson,stetson,T0030
torvik,Stonehill,stonehill,T0366
torvik,Stony Brook,stony brook,T0299
torvik,Syracuse,syracuse,T0086
torvik,Tarleton St.,tarleton st,T0360
torvik,TCU,tcu,T0301
torvik,Temple,temple,T0097
torvik,Tennessee,tennessee,T0303
torvik,Tennessee Martin,tennessee martin,T0302
torvik,Tennessee St.,tennessee st,T0304
torvik,Tennessee Tech,tennessee tech,T0305
torvik,Texas,texas,T0115
torvik,Texas A&M,texas a and m,T0111
torvik,Texas A&M Corpus Chris,texas a and m corpus chris,T0162
torvik,Texas Southern,texas southern,T0308
torvik,Texas St.,texas st,T0152
torvik,Texas Tech,texas tech,T0309
torvik,The Citadel,the citadel,T0310
torvik,Toledo,toledo,T0311
torvik,Towson,towson,T0058
torvik,Troy,troy,T0312
torvik,Tulane,tulane,T0313
torvik,Tulsa,tulsa,T0094
torvik,UAB,uab,T0003
torvik,UC Davis,uc davis,T0142
torvik,UC Irvine,uc irvine,T0140
torvik,UC Riverside,uc riverside,T0015
torvik,UC San Diego,uc san diego,T0358
torvik,UC Santa Barbara,uc santa barbara,T0279
torvik,UCF,ucf,T0185
torvik,UCLA,ucla,T0014
torvik,UMass Lowell,umass lowell,T0353
torvik,UMBC,umbc,T0235
torvik,UMKC,umkc,T0064
torvik,UNC Asheville,unc asheville,T0245
torvik,UNC Greensboro,unc greensboro,T0247
torvik,UNC Wilmington,unc wilmington,T0160
torvik,UNLV,unlv,T0249
torvik,USC,usc,T0016
torvik,USC Upstate,usc upstate,T0341
torvik,UT Arlington,ut arlington,T0114
torvik,UT Rio Grande Valley,ut rio grande valley,T0136
torvik,Utah,utah,T0118
torvik,Utah St.,utah st,T0153
torvik,Utah Tech,utah tech,T0361
torvik,Utah Valley,utah valley,T0333
torvik,UTEP,utep,T0307
torvik,UTSA,utsa,T0306
torvik,Valparaiso,valparaiso,T0315
torvik,Vanderbilt,vanderbilt,T0108
torvik,VCU,vcu,T0314
torvik,Vermont,vermont,T0123
torvik,Villanova,villanova,T0100
torvik,Virginia,virginia,T0121
torvik,Virginia Tech,virginia tech,T0122
torvik,VMI,vmi,T0316
torvik,Wagner,wagner,T0317
torvik,Wake Forest,wake forest,T0073
torvik,Washington,washington,T0124
torvik,Washington St.,washington st,T0125
torvik,Weber St.,weber st,T0318
torvik,West Georgia,west georgia,T0372
torvik,West Virginia,west virginia,T0130
torvik,Western Carolina,western carolina,T0321
torvik,Western Illinois,western illinois,T0319
torvik,Western Kentucky,western kentucky,T0049
torvik,Western Michigan,western michigan,T0320
torvik,Wichita St.,wichita st,T0322
torvik,William & Mary,william and mary,T0323
torvik,Winthrop,winthrop,T0324
torvik,Wisconsin,wisconsin,T0128
torvik,Wofford,wofford,T0326
torvik,Wright St.,wright st,T0327
torvik,Wyoming,wyoming,T0328
torvik,Xavier,xavier,T0329
torvik,Yale,yale,T0021
torvik,Youngstown St.,youngstown st,T0330
