team_id,espn_team_id,espn_slug,espn_display_name,espn_location,espn_short_name,espn_abbreviation,bart_team,kp_team,fox_team_id,conference_latest,first_d1_season,last_d1_season,n_d1_seasons,kalshi_code,sports_reference_slug
T0001,2,auburn-tigers,Auburn Tigers,Auburn,Auburn,AUB,Auburn,Auburn,245,Southeastern Conference,2006,2027,22,,
T0002,3,,Birmingham-Southern Panthers,Birmingham-Southern,Birm-Southern,BSC,,,,,2006,2006,1,,
T0003,5,uab-blazers,UAB Blazers,UAB,UAB,UAB,UAB,UAB,118,American Conference,2006,2026,21,,
T0004,6,south-alabama-jaguars,South Alabama Jaguars,South Alabama,South Alabama,USA,South Alabama,South Alabama,302,Sun Belt Conference,2006,2027,22,,
T0005,8,arkansas-razorbacks,Arkansas Razorbacks,Arkansas,Arkansas,ARK,Arkansas,Arkansas,244,Southeastern Conference,2006,2027,22,,
T0006,9,arizona-state-sun-devils,Arizona State Sun Devils,Arizona State,Arizona St,ASU,Arizona St.,Arizona St.,221,Big 12 Conference,2006,2027,22,,
T0007,12,arizona-wildcats,Arizona Wildcats,Arizona,Arizona,ARIZ,Arizona,Arizona,220,Big 12 Conference,2006,2027,22,,
T0008,13,cal-poly-mustangs,Cal Poly Mustangs,Cal Poly,Cal Poly,CP,Cal Poly,Cal Poly,96,Big West Conference,2006,2027,22,,
T0009,16,sacramento-state-hornets,Sacramento State Hornets,Sacramento State,Sacramento St,SAC,Sacramento St.,Sacramento St.,74,Big Sky Conference,2006,2027,22,,
T0010,21,san-diego-state-aztecs,San Diego State Aztecs,San Diego State,San Diego St,SDSU,San Diego St.,San Diego St.,195,Mountain West Conference,2006,2027,22,,
T0011,23,san-jose-state-spartans,San José State Spartans,San José State,San José St,SJSU,San Jose St.,San Jose St.,315,Mountain West Conference,2006,2027,22,,
T0012,24,stanford-cardinal,Stanford Cardinal,Stanford,Stanford,STAN,Stanford,Stanford,226,Atlantic Coast Conference,2006,2027,22,,
T0013,25,california-golden-bears,California Golden Bears,California,California,CAL,California,California,222,Atlantic Coast Conference,2006,2026,21,,
T0014,26,ucla-bruins,UCLA Bruins,UCLA,UCLA,UCLA,UCLA,UCLA,227,Big Ten Conference,2006,2027,22,,
T0015,27,uc-riverside-highlanders,UC Riverside Highlanders,UC Riverside,UC Riverside,UCR,UC Riverside,UC Riverside,476,Big West Conference,2006,2027,22,,
T0016,30,usc-trojans,USC Trojans,USC,USC,USC,USC,USC,225,Big Ten Conference,2006,2026,21,,
T0017,36,colorado-state-rams,Colorado State Rams,Colorado State,Colorado St,CSU,Colorado St.,Colorado St.,193,Mountain West Conference,2006,2027,22,,
T0018,38,colorado-buffaloes,Colorado Buffaloes,Colorado,Colorado,COLO,Colorado,Colorado,42,Big 12 Conference,2006,2027,22,,
T0019,41,uconn-huskies,UConn Huskies,UConn,UConn,CONN,Connecticut,Connecticut,54,Big East Conference,2006,2027,22,,
T0020,42,,Hartford Hawks,Hartford,Hartford,HART,,,,,2006,2023,18,,
T0021,43,yale-bulldogs,Yale Bulldogs,Yale,Yale,YALE,Yale,Yale,146,Ivy League,2006,2027,21,,
T0022,44,american-university-eagles,American University Eagles,American University,American,AMER,American,American,104,Patriot League,2006,2027,21,,
T0023,45,george-washington-revolutionaries,George Washington Revolutionaries,George Washington,G Washington,GW,George Washington,George Washington,13,Atlantic 10 Conference,2006,2027,22,,
T0024,46,georgetown-hoyas,Georgetown Hoyas,Georgetown,Georgetown,GTWN,Georgetown,Georgetown,60,Big East Conference,2006,2027,22,,
T0025,47,howard-bison,Howard Bison,Howard,Howard,HOW,Howard,Howard,175,Mid-Eastern Athletic Conference,2006,2026,20,,
T0026,48,delaware-blue-hens,Delaware Blue Hens,Delaware,Delaware,DEL,Delaware,Delaware,2,Conference USA,2006,2027,22,,
T0027,50,florida-a-and-m-rattlers,Florida A&M Rattlers,Florida A&M,Florida A&M,FAMU,Florida A&M,Florida A&M,173,Southwestern Athletic Conference,2006,2027,22,,
T0028,52,florida-state-seminoles,Florida State Seminoles,Florida State,Florida St,FSU,Florida St.,Florida St.,24,Atlantic Coast Conference,2006,2027,22,,
T0029,55,jacksonville-state-gamecocks,Jacksonville State Gamecocks,Jacksonville State,Jax State,JXST,Jacksonville St.,Jacksonville St.,36,Conference USA,2006,2027,22,,
T0030,56,stetson-hatters,Stetson Hatters,Stetson,Stetson,STET,Stetson,Stetson,39,ASUN Conference,2006,2027,22,,
T0031,57,florida-gators,Florida Gators,Florida,Florida,FLA,Florida,Florida,237,Southeastern Conference,2006,2027,22,,
T0032,58,south-florida-bulls,South Florida Bulls,South Florida,South Florida,USF,South Florida,South Florida,115,American Conference,2006,2027,22,,
T0033,59,georgia-tech-yellow-jackets,Georgia Tech Yellow Jackets,Georgia Tech,Georgia Tech,GT,Georgia Tech,Georgia Tech,25,Atlantic Coast Conference,2006,2027,22,,
T0034,61,georgia-bulldogs,Georgia Bulldogs,Georgia,Georgia,UGA,Georgia,Georgia,238,Southeastern Conference,2006,2027,22,,
T0035,62,hawaii-rainbow-warriors,Hawai'i Rainbow Warriors,Hawai'i,Hawai'i,HAW,Hawaii,Hawaii,312,Big West Conference,2006,2027,22,,
T0036,66,iowa-state-cyclones,Iowa State Cyclones,Iowa State,Iowa State,ISU,Iowa St.,Iowa St.,43,Big 12 Conference,2006,2027,22,,
T0037,68,boise-state-broncos,Boise State Broncos,Boise State,Boise St,BOIS,Boise St.,Boise St.,95,Mountain West Conference,2006,2027,22,,
T0038,70,idaho-vandals,Idaho Vandals,Idaho,Idaho,IDHO,Idaho,Idaho,98,Big Sky Conference,2006,2027,22,,
T0039,71,bradley-braves,Bradley Braves,Bradley,Bradley,BRAD,Bradley,Bradley,181,Missouri Valley Conference,2006,2026,21,,
T0040,77,northwestern-wildcats,Northwestern Wildcats,Northwestern,Northwestern,NU,Northwestern,Northwestern,90,Big Ten Conference,2006,2027,22,,
T0041,79,southern-illinois-salukis,Southern Illinois Salukis,Southern Illinois,S Illinois,SIU,Southern Illinois,Southern Illinois,188,Missouri Valley Conference,2006,2027,22,,
T0042,82,uic-flames,UIC Flames,UIC,UIC,UIC,Illinois Chicago,Illinois Chicago,128,Missouri Valley Conference,2006,2027,22,,
T0043,84,indiana-hoosiers,Indiana Hoosiers,Indiana,Indiana,IU,Indiana,Indiana,85,Big Ten Conference,2006,2027,22,,
T0044,85,iu-indianapolis-jaguars,IU Indianapolis Jaguars,IU Indianapolis,IU Indy,IUIN,IU Indy,IU Indy,283,Horizon League,2006,2027,22,,
T0045,87,notre-dame-fighting-irish,Notre Dame Fighting Irish,Notre Dame,Notre Dame,ND,Notre Dame,Notre Dame,61,Atlantic Coast Conference,2006,2027,22,,
T0046,93,murray-state-racers,Murray State Racers,Murray State,Murray St,MUR,Murray St.,Murray St.,215,Missouri Valley Conference,2006,2027,22,,
T0047,96,kentucky-wildcats,Kentucky Wildcats,Kentucky,Kentucky,UK,Kentucky,Kentucky,239,Southeastern Conference,2006,2027,22,,
T0048,97,louisville-cardinals,Louisville Cardinals,Louisville,Louisville,LOU,Louisville,Louisville,121,Atlantic Coast Conference,2006,2027,22,,
T0049,98,western-kentucky-hilltoppers,Western Kentucky Hilltoppers,Western Kentucky,Western KY,WKU,Western Kentucky,Western Kentucky,296,Conference USA,2006,2027,22,,
T0050,99,lsu-tigers,LSU Tigers,LSU,LSU,LSU,LSU,LSU,246,Southeastern Conference,2006,2027,22,,
T0051,103,boston-college-eagles,Boston College Eagles,Boston College,Boston College,BC,Boston College,Boston College,53,Atlantic Coast Conference,2006,2027,22,,
T0052,104,boston-university-terriers,Boston University Terriers,Boston University,Boston U,BU,Boston University,Boston University,1,Patriot League,2006,2027,22,,
T0053,107,holy-cross-crusaders,Holy Cross Crusaders,Holy Cross,Holy Cross,HC,Holy Cross,Holy Cross,233,Patriot League,2006,2027,22,,
T0054,108,harvard-crimson,Harvard Crimson,Harvard,Harvard,HARV,Harvard,Harvard,143,Ivy League,2006,2027,21,,
T0055,111,northeastern-huskies,Northeastern Huskies,Northeastern,Northeastern,NE,Northeastern,Northeastern,8,Coastal Athletic Association,2006,2027,22,,
T0056,113,massachusetts-minutemen,Massachusetts Minutemen,Massachusetts,UMass,MASS,Massachusetts,Massachusetts,15,Mid-American Conference,2006,2027,22,,
T0057,116,mount-st-marys-mountaineers,Mount St. Mary's Mountaineers,Mount St. Mary's,Mount St Marys,MSM,Mount St. Mary's,Mount St. Mary's,204,Metro Atlantic Athletic Conference,2006,2027,22,,
T0058,119,towson-tigers,Towson Tigers,Towson,Towson,TOW,Towson,Towson,9,Coastal Athletic Association,2006,2027,22,,
T0059,120,maryland-terrapins,Maryland Terrapins,Maryland,Maryland,MD,Maryland,Maryland,26,Big Ten Conference,2006,2027,22,,
T0060,127,michigan-state-spartans,Michigan State Spartans,Michigan State,Michigan St,MSU,Michigan St.,Michigan St.,88,Big Ten Conference,2006,2027,22,,
T0061,130,michigan-wolverines,Michigan Wolverines,Michigan,Michigan,MICH,Michigan,Michigan,87,Big Ten Conference,2006,2027,22,,
T0062,135,minnesota-golden-gophers,Minnesota Golden Gophers,Minnesota,Minnesota,MINN,Minnesota,Minnesota,89,Big Ten Conference,2006,2026,21,,
T0063,139,saint-louis-billikens,Saint Louis Billikens,Saint Louis,Saint Louis,SLU,Saint Louis,Saint Louis,124,Atlantic 10 Conference,2006,2027,22,,
T0064,140,kansas-city-roos,Kansas City Roos,Kansas City,Kansas City,KC,UMKC,Kansas City,284,The Summit League,2006,2027,22,,
T0065,142,missouri-tigers,Missouri Tigers,Missouri,Missouri,MIZ,Missouri,Missouri,46,Southeastern Conference,2006,2027,22,,
T0066,145,ole-miss-rebels,Ole Miss Rebels,Ole Miss,Ole Miss,MISS,Mississippi,Mississippi,247,Southeastern Conference,2006,2027,22,,
T0067,147,montana-state-bobcats,Montana State Bobcats,Montana State,Montana St,MTST,Montana St.,Montana St.,71,Big Sky Conference,2006,2026,21,,
T0068,149,montana-grizzlies,Montana Grizzlies,Montana,Montana,MONT,Montana,Montana,70,Big Sky Conference,2006,2027,22,,
T0069,150,duke-blue-devils,Duke Blue Devils,Duke,Duke,DUKE,Duke,Duke,23,Atlantic Coast Conference,2006,2027,22,,
T0070,151,east-carolina-pirates,East Carolina Pirates,East Carolina,East Carolina,ECU,East Carolina,East Carolina,105,American Conference,2006,2027,22,,
T0071,152,nc-state-wolfpack,NC State Wolfpack,NC State,NC State,NCSU,N.C. State,N.C. State,28,Atlantic Coast Conference,2006,2027,22,,
T0072,153,north-carolina-tar-heels,North Carolina Tar Heels,North Carolina,North Carolina,UNC,North Carolina,North Carolina,27,Atlantic Coast Conference,2006,2027,22,,
T0073,154,wake-forest-demon-deacons,Wake Forest Demon Deacons,Wake Forest,Wake Forest,WAKE,Wake Forest,Wake Forest,30,Atlantic Coast Conference,2006,2027,22,,
T0074,156,creighton-bluejays,Creighton Bluejays,Creighton,Creighton,CREI,Creighton,Creighton,182,Big East Conference,2006,2027,22,,
T0075,158,nebraska-cornhuskers,Nebraska Cornhuskers,Nebraska,Nebraska,NEB,Nebraska,Nebraska,47,Big Ten Conference,2006,2027,22,,
T0076,159,dartmouth-big-green,Dartmouth Big Green,Dartmouth,Dartmouth,DART,Dartmouth,Dartmouth,142,Ivy League,2006,2027,21,,
T0077,160,new-hampshire-wildcats,New Hampshire Wildcats,New Hampshire,New Hampshire,UNH,New Hampshire,New Hampshire,7,America East Conference,2006,2027,22,,
T0078,161,fairleigh-dickinson-knights,Fairleigh Dickinson Knights,Fairleigh Dickinson,FDU,FDU,Fairleigh Dickinson,Fairleigh Dickinson,200,Northeast Conference,2006,2027,22,,
T0079,163,princeton-tigers,Princeton Tigers,Princeton,Princeton,PRIN,Princeton,Princeton,145,Ivy League,2006,2027,21,,
T0080,164,rutgers-scarlet-knights,Rutgers Scarlet Knights,Rutgers,Rutgers,RUTG,Rutgers,Rutgers,63,Big Ten Conference,2006,2027,22,,
T0081,166,new-mexico-state-aggies,New Mexico State Aggies,New Mexico State,New Mexico St,NMSU,New Mexico St.,New Mexico St.,299,Conference USA,2006,2027,22,,
T0082,167,new-mexico-lobos,New Mexico Lobos,New Mexico,New Mexico,UNM,New Mexico,New Mexico,194,Mountain West Conference,2006,2027,22,,
T0083,171,columbia-lions,Columbia Lions,Columbia,Columbia,COLU,Columbia,Columbia,140,Ivy League,2006,2027,21,,
T0084,172,cornell-big-red,Cornell Big Red,Cornell,Cornell,COR,Cornell,Cornell,141,Ivy League,2006,2027,21,,
T0085,179,st-bonaventure-bonnies,St. Bonaventure Bonnies,St. Bonaventure,St Bonaventure,SBU,St. Bonaventure,St. Bonaventure,17,Atlantic 10 Conference,2006,2027,22,,
T0086,183,syracuse-orange,Syracuse Orange,Syracuse,Syracuse,SYR,Syracuse,Syracuse,65,Atlantic Coast Conference,2006,2027,22,,
T0087,189,bowling-green-falcons,Bowling Green Falcons,Bowling Green,Bowling Green,BGSU,Bowling Green,Bowling Green,158,Mid-American Conference,2006,2027,22,,
T0088,193,miami-oh-redhawks,Miami (OH) RedHawks,Miami (OH),Miami OH,M-OH,Miami OH,Miami OH,162,Mid-American Conference,2006,2027,22,,
T0089,194,ohio-state-buckeyes,Ohio State Buckeyes,Ohio State,Ohio State,OSU,Ohio St.,Ohio St.,91,Big Ten Conference,2006,2027,22,,
T0090,195,ohio-bobcats,Ohio Bobcats,Ohio,Ohio,OHIO,Ohio,Ohio,163,Mid-American Conference,2006,2027,22,,
T0091,197,oklahoma-state-cowboys,Oklahoma State Cowboys,Oklahoma State,Oklahoma St,OKST,Oklahoma St.,Oklahoma St.,49,Big 12 Conference,2006,2027,22,,
T0092,198,oral-roberts-golden-eagles,Oral Roberts Golden Eagles,Oral Roberts,Oral Roberts,ORU,Oral Roberts,Oral Roberts,286,The Summit League,2006,2027,22,,
T0093,201,oklahoma-sooners,Oklahoma Sooners,Oklahoma,Oklahoma,OU,Oklahoma,Oklahoma,48,Southeastern Conference,2006,2027,22,,
T0094,202,tulsa-golden-hurricane,Tulsa Golden Hurricane,Tulsa,Tulsa,TLSA,Tulsa,Tulsa,318,American Conference,2006,2026,21,,
T0095,204,oregon-state-beavers,Oregon State Beavers,Oregon State,Oregon St,ORST,Oregon St.,Oregon St.,224,West Coast Conference,2006,2026,21,,
T0096,213,penn-state-nittany-lions,Penn State Nittany Lions,Penn State,Penn State,PSU,Penn St.,Penn St.,92,Big Ten Conference,2006,2027,22,,
T0097,218,temple-owls,Temple Owls,Temple,Temple,TEM,Temple,Temple,19,American Conference,2006,2027,22,,
T0098,219,pennsylvania-quakers,Pennsylvania Quakers,Pennsylvania,Penn,PENN,Penn,Penn,144,Ivy League,2006,2027,21,,
T0099,221,pittsburgh-panthers,Pittsburgh Panthers,Pittsburgh,Pitt,PITT,Pittsburgh,Pittsburgh,62,Atlantic Coast Conference,2006,2027,22,,
T0100,222,villanova-wildcats,Villanova Wildcats,Villanova,Villanova,VILL,Villanova,Villanova,58,Big East Conference,2006,2027,22,,
T0101,225,brown-bears,Brown Bears,Brown,Brown,BRWN,Brown,Brown,139,Ivy League,2006,2027,21,,
T0102,227,rhode-island-rams,Rhode Island Rams,Rhode Island,Rhode Island,URI,Rhode Island,Rhode Island,16,Atlantic 10 Conference,2006,2027,22,,
T0103,228,clemson-tigers,Clemson Tigers,Clemson,Clemson,CLEM,Clemson,Clemson,22,Atlantic Coast Conference,2006,2027,22,,
T0104,231,furman-paladins,Furman Paladins,Furman,Furman,FUR,Furman,Furman,252,Southern Conference,2006,2027,22,,
T0105,232,charleston-cougars,Charleston Cougars,Charleston,Charleston,COFC,Charleston,Charleston,249,Coastal Athletic Association,2006,2027,22,,
T0106,235,memphis-tigers,Memphis Tigers,Memphis,Memphis,MEM,Memphis,Memphis,114,American Conference,2006,2027,22,,
T0107,236,chattanooga-mocs,Chattanooga Mocs,Chattanooga,Chattanooga,UTC,Chattanooga,Chattanooga,250,Southern Conference,2006,2027,22,,
T0108,238,vanderbilt-commodores,Vanderbilt Commodores,Vanderbilt,Vanderbilt,VAN,Vanderbilt,Vanderbilt,242,Southeastern Conference,2006,2027,22,,
T0109,239,baylor-bears,Baylor Bears,Baylor,Baylor,BAY,Baylor,Baylor,41,Big 12 Conference,2006,2027,22,,
T0110,242,rice-owls,Rice Owls,Rice,Rice,RICE,Rice,Rice,314,American Conference,2006,2026,21,,
T0111,245,texas-a-and-m-aggies,Texas A&M Aggies,Texas A&M,Texas A&M,TA&M,Texas A&M,Texas A&M,51,Southeastern Conference,2006,2027,22,,
T0112,248,houston-cougars,Houston Cougars,Houston,Houston,HOU,Houston,Houston,113,Big 12 Conference,2006,2027,22,,
T0113,249,north-texas-mean-green,North Texas Mean Green,North Texas,North Texas,UNT,North Texas,North Texas,301,American Conference,2006,2026,21,,
T0114,250,ut-arlington-mavericks,UT Arlington Mavericks,UT Arlington,UT Arlington,UTA,UT Arlington,UT Arlington,270,Western Athletic Conference,2006,2027,22,,
T0115,251,texas-longhorns,Texas Longhorns,Texas,Texas,TEX,Texas,Texas,50,Southeastern Conference,2006,2027,22,,
T0116,252,byu-cougars,BYU Cougars,BYU,BYU,BYU,BYU,BYU,192,Big 12 Conference,2006,2026,21,,
T0117,253,southern-utah-thunderbirds,Southern Utah Thunderbirds,Southern Utah,Southern Utah,SUU,Southern Utah,Southern Utah,287,Western Athletic Conference,2006,2027,22,,
T0118,254,utah-utes,Utah Utes,Utah,Utah,UTAH,Utah,Utah,197,Big 12 Conference,2006,2027,22,,
T0119,256,james-madison-dukes,James Madison Dukes,James Madison,James Madison,JMU,James Madison,James Madison,107,Sun Belt Conference,2006,2027,22,,
T0120,257,richmond-spiders,Richmond Spiders,Richmond,Richmond,RICH,Richmond,Richmond,110,Atlantic 10 Conference,2006,2027,22,,
T0121,258,virginia-cavaliers,Virginia Cavaliers,Virginia,Virginia,UVA,Virginia,Virginia,29,Atlantic Coast Conference,2006,2026,21,,
T0122,259,virginia-tech-hokies,Virginia Tech Hokies,Virginia Tech,Virginia Tech,VT,Virginia Tech,Virginia Tech,59,Atlantic Coast Conference,2006,2027,22,,
T0123,261,vermont-catamounts,Vermont Catamounts,Vermont,Vermont,UVM,Vermont,Vermont,10,America East Conference,2006,2027,22,,
T0124,264,washington-huskies,Washington Huskies,Washington,Washington,WASH,Washington,Washington,228,Big Ten Conference,2006,2027,22,,
T0125,265,washington-state-cougars,Washington State Cougars,Washington State,Washington St,WSU,Washington St.,Washington St.,229,West Coast Conference,2006,2027,22,,
T0126,269,marquette-golden-eagles,Marquette Golden Eagles,Marquette,Marquette,MARQ,Marquette,Marquette,122,Big East Conference,2006,2027,22,,
T0127,270,milwaukee-panthers,Milwaukee Panthers,Milwaukee,Milwaukee,MILW,Milwaukee,Milwaukee,131,Horizon League,2006,2027,22,,
T0128,275,wisconsin-badgers,Wisconsin Badgers,Wisconsin,Wisconsin,WIS,Wisconsin,Wisconsin,94,Big Ten Conference,2006,2027,22,,
T0129,276,marshall-thundering-herd,Marshall Thundering Herd,Marshall,Marshall,MRSH,Marshall,Marshall,161,Sun Belt Conference,2006,2027,22,,
T0130,277,west-virginia-mountaineers,West Virginia Mountaineers,West Virginia,West Virginia,WVU,West Virginia,West Virginia,66,Big 12 Conference,2006,2027,22,,
T0131,278,fresno-state-bulldogs,Fresno State Bulldogs,Fresno State,Fresno St,FRES,Fresno St.,Fresno St.,311,Mountain West Conference,2006,2027,22,,
T0132,279,pacific-tigers,Pacific Tigers,Pacific,Pacific,PAC,Pacific,Pacific,100,West Coast Conference,2006,2027,22,,
T0133,282,indiana-state-sycamores,Indiana State Sycamores,Indiana State,Indiana St,INST,Indiana St.,Indiana St.,186,Missouri Valley Conference,2006,2027,22,,
T0134,288,lipscomb-bisons,Lipscomb Bisons,Lipscomb,Lipscomb,LIP,Lipscomb,Lipscomb,731,ASUN Conference,2006,2027,22,,
T0135,290,georgia-southern-eagles,Georgia Southern Eagles,Georgia Southern,GA Southern,GASO,Georgia Southern,Georgia Southern,253,Sun Belt Conference,2006,2027,22,,
T0136,292,ut-rio-grande-valley-vaqueros,UT Rio Grande Valley Vaqueros,UT Rio Grande Valley,UT Rio Grande,RGV,UT Rio Grande Valley,UT Rio Grande Valley,138,Southland Conference,2006,2027,22,,
T0137,294,jacksonville-dolphins,Jacksonville Dolphins,Jacksonville,Jacksonville,JAX,Jacksonville,Jacksonville,35,ASUN Conference,2006,2027,22,,
T0138,295,old-dominion-monarchs,Old Dominion Monarchs,Old Dominion,Old Dominion,ODU,Old Dominion,Old Dominion,109,Sun Belt Conference,2006,2027,22,,
T0139,299,long-beach-state-beach,Long Beach State Beach,Long Beach State,Long Beach St,LBSU,Long Beach St.,Long Beach St.,99,Big West Conference,2006,2027,22,,
T0140,300,uc-irvine-anteaters,UC Irvine Anteaters,UC Irvine,UC Irvine,UCI,UC Irvine,UC Irvine,101,Big West Conference,2006,2027,22,,
T0141,301,san-diego-toreros,San Diego Toreros,San Diego,San Diego,USD,San Diego,San Diego,308,West Coast Conference,2006,2027,21,,
T0142,302,uc-davis-aggies,UC Davis Aggies,UC Davis,UC Davis,UCD,UC Davis,UC Davis,341,Big West Conference,2006,2027,22,,
T0143,304,idaho-state-bengals,Idaho State Bengals,Idaho State,Idaho St,IDST,Idaho St.,Idaho St.,69,Big Sky Conference,2006,2027,22,,
T0144,305,depaul-blue-demons,DePaul Blue Demons,DePaul,DePaul,DEP,DePaul,DePaul,120,Big East Conference,2006,2027,22,,
T0145,309,louisiana-ragin-cajuns,Louisiana Ragin' Cajuns,Louisiana,Louisiana,UL,Louisiana,Louisiana,298,Sun Belt Conference,2006,2027,22,,
T0146,311,maine-black-bears,Maine Black Bears,Maine,Maine,ME,Maine,Maine,6,America East Conference,2006,2027,21,,
T0147,314,iona-gaels,Iona Gaels,Iona,Iona,IONA,Iona,Iona,149,Metro Atlantic Athletic Conference,2006,2027,22,,
T0148,315,niagara-purple-eagles,Niagara Purple Eagles,Niagara,Niagara,NIA,Niagara,Niagara,153,Metro Atlantic Athletic Conference,2006,2027,22,,
T0149,322,lafayette-leopards,Lafayette Leopards,Lafayette,Lafayette,LAF,Lafayette,Lafayette,234,Patriot League,2006,2027,22,,
T0150,324,coastal-carolina-chanticleers,Coastal Carolina Chanticleers,Coastal Carolina,Coastal,CCU,Coastal Carolina,Coastal Carolina,77,Sun Belt Conference,2006,2027,22,,
T0151,325,cleveland-state-vikings,Cleveland State Vikings,Cleveland State,Cleveland St,CLE,Cleveland St.,Cleveland St.,126,Horizon League,2006,2027,22,,
T0152,326,texas-state-bobcats,Texas State Bobcats,Texas State,Texas St,TXST,Texas St.,Texas St.,268,Sun Belt Conference,2006,2026,21,,
T0153,328,utah-state-aggies,Utah State Aggies,Utah State,Utah State,USU,Utah St.,Utah St.,103,Mountain West Conference,2006,2027,22,,
T0154,331,eastern-washington-eagles,Eastern Washington Eagles,Eastern Washington,E Washington,EWU,Eastern Washington,Eastern Washington,68,Big Sky Conference,2006,2026,21,,
T0155,333,alabama-crimson-tide,Alabama Crimson Tide,Alabama,Alabama,ALA,Alabama,Alabama,243,Southeastern Conference,2006,2027,22,,
T0156,338,kennesaw-state-owls,Kennesaw State Owls,Kennesaw State,Kennesaw St,KENN,Kennesaw St.,Kennesaw St.,858,Conference USA,2006,2027,22,,
T0157,339,evansville-purple-aces,Evansville Purple Aces,Evansville,Evansville,EVAN,Evansville,Evansville,184,Missouri Valley Conference,2006,2027,22,,
T0158,344,mississippi-state-bulldogs,Mississippi State Bulldogs,Mississippi State,Mississippi St,MSST,Mississippi St.,Mississippi St.,248,Southeastern Conference,2006,2027,22,,
T0159,349,army-black-knights,Army Black Knights,Army,Army,ARMY,Army,Army,230,Patriot League,2006,2027,22,,
T0160,350,unc-wilmington-seahawks,UNC Wilmington Seahawks,UNC Wilmington,UNC Wilmington,UNCW,UNC Wilmington,UNC Wilmington,108,Coastal Athletic Association,2006,2027,22,,
T0161,356,illinois-fighting-illini,Illinois Fighting Illini,Illinois,Illinois,ILL,Illinois,Illinois,84,Big Ten Conference,2006,2027,22,,
T0162,357,texas-a-and-m-corpus-christi-islanders,Texas A&M-Corpus Christi Islanders,Texas A&M-Corpus Christi,Texas A&M-CC,AMCC,Texas A&M Corpus Chris,Texas A&M Corpus Chris,137,Southland Conference,2006,2027,22,,
T0163,399,ualbany-great-danes,UAlbany Great Danes,UAlbany,UAlbany,UALB,Albany,Albany,133,America East Conference,2006,2027,22,,
T0164,2005,air-force-falcons,Air Force Falcons,Air Force,Air Force,AF,Air Force,Air Force,191,Mountain West Conference,2006,2027,22,,
T0165,2006,akron-zips,Akron Zips,Akron,Akron,AKR,Akron,Akron,157,Mid-American Conference,2006,2027,22,,
T0166,2010,alabama-a-and-m-bulldogs,Alabama A&M Bulldogs,Alabama A&M,Alabama A&M,AAMU,Alabama A&M,Alabama A&M,272,Southwestern Athletic Conference,2006,2027,22,,
T0167,2011,alabama-state-hornets,Alabama State Hornets,Alabama State,Alabama St,ALST,Alabama St.,Alabama St.,323,Southwestern Athletic Conference,2006,2027,22,,
T0168,2016,alcorn-state-braves,Alcorn State Braves,Alcorn State,Alcorn St,ALCN,Alcorn St.,Alcorn St.,274,Southwestern Athletic Conference,2006,2027,22,,
T0169,2026,app-state-mountaineers,App State Mountaineers,App State,App State,APP,Appalachian St.,Appalachian St.,255,Sun Belt Conference,2006,2027,22,,
T0170,2029,arkansas-pine-bluff-golden-lions,Arkansas-Pine Bluff Golden Lions,Arkansas-Pine Bluff,AR-Pine Bluff,UAPB,Arkansas Pine Bluff,Arkansas Pine Bluff,275,Southwestern Athletic Conference,2006,2027,22,,
T0171,2031,little-rock-trojans,Little Rock Trojans,Little Rock,Little Rock,LR,Little Rock,Little Rock,292,Ohio Valley Conference,2006,2027,22,,
T0172,2032,arkansas-state-red-wolves,Arkansas State Red Wolves,Arkansas State,Arkansas St,ARST,Arkansas St.,Arkansas St.,291,Sun Belt Conference,2006,2027,22,,
T0173,2046,austin-peay-governors,Austin Peay Governors,Austin Peay,Austin Peay,APSU,Austin Peay,Austin Peay,211,ASUN Conference,2006,2027,22,,
T0174,2050,ball-state-cardinals,Ball State Cardinals,Ball State,Ball State,BALL,Ball St.,Ball St.,164,Mid-American Conference,2006,2027,22,,
T0175,2057,belmont-bruins,Belmont Bruins,Belmont,Belmont,BEL,Belmont,Belmont,134,Missouri Valley Conference,2006,2026,21,,
T0176,2065,bethune-cookman-wildcats,Bethune-Cookman Wildcats,Bethune-Cookman,Bethune,BCU,Bethune Cookman,Bethune Cookman,170,Southwestern Athletic Conference,2006,2027,21,,
T0177,2066,binghamton-bearcats,Binghamton Bearcats,Binghamton,Binghamton,BING,Binghamton,Binghamton,478,America East Conference,2006,2027,22,,
T0178,2083,bucknell-bison,Bucknell Bison,Bucknell,Bucknell,BUCK,Bucknell,Bucknell,231,Patriot League,2006,2026,20,,
T0179,2084,buffalo-bulls,Buffalo Bulls,Buffalo,Buffalo,BUF,Buffalo,Buffalo,159,Mid-American Conference,2006,2027,22,,
T0180,2086,butler-bulldogs,Butler Bulldogs,Butler,Butler,BTLR,Butler,Butler,125,Big East Conference,2006,2027,22,,
T0181,2097,campbell-fighting-camels,Campbell Fighting Camels,Campbell,Campbell,CAM,Campbell,Campbell,31,Coastal Athletic Association,2006,2027,22,,
T0182,2099,canisius-golden-griffins,Canisius Golden Griffins,Canisius,Canisius,CAN,Canisius,Canisius,147,Metro Atlantic Athletic Conference,2006,2027,21,,
T0183,2113,,Centenary Louisiana Gentlemen,Centenary Louisiana,Centenary LA,CENT,,,,,2006,2011,6,,
T0184,2115,central-connecticut-blue-devils,Central Connecticut Blue Devils,Central Connecticut,C Connecticut,CCSU,Central Connecticut,Central Connecticut,199,Northeast Conference,2006,2027,22,,
T0185,2116,ucf-knights,UCF Knights,UCF,UCF,UCF,UCF,UCF,32,Big 12 Conference,2006,2027,22,,
T0186,2117,central-michigan-chippewas,Central Michigan Chippewas,Central Michigan,C Michigan,CMU,Central Michigan,Central Michigan,165,Mid-American Conference,2006,2027,22,,
T0187,2127,charleston-southern-buccaneers,Charleston Southern Buccaneers,Charleston Southern,Charleston So,CHSO,Charleston Southern,Charleston Southern,76,Big South Conference,2006,2027,22,,
T0188,2130,chicago-state-cougars,Chicago State Cougars,Chicago State,Chicago St,CHST,Chicago St.,Chicago St.,282,Northeast Conference,2006,2027,21,,
T0189,2132,cincinnati-bearcats,Cincinnati Bearcats,Cincinnati,Cincinnati,CIN,Cincinnati,Cincinnati,119,Big 12 Conference,2006,2027,22,,
T0190,2142,colgate-raiders,Colgate Raiders,Colgate,Colgate,COLG,Colgate,Colgate,232,Patriot League,2006,2027,22,,
T0191,2154,coppin-state-eagles,Coppin State Eagles,Coppin State,Coppin St,COPP,Coppin St.,Coppin St.,171,Mid-Eastern Athletic Conference,2006,2027,22,,
T0192,2166,davidson-wildcats,Davidson Wildcats,Davidson,Davidson,DAV,Davidson,Davidson,256,Atlantic 10 Conference,2006,2026,21,,
T0193,2168,dayton-flyers,Dayton Flyers,Dayton,Dayton,DAY,Dayton,Dayton,21,Atlantic 10 Conference,2006,2027,22,,
T0194,2169,delaware-state-hornets,Delaware State Hornets,Delaware State,Delaware St,DSU,Delaware St.,Delaware St.,172,Mid-Eastern Athletic Conference,2006,2027,22,,
T0195,2172,denver-pioneers,Denver Pioneers,Denver,Denver,DEN,Denver,Denver,297,The Summit League,2006,2027,22,,
T0196,2174,detroit-mercy-titans,Detroit Mercy Titans,Detroit Mercy,Detroit Mercy,DETM,Detroit Mercy,Detroit Mercy,127,Horizon League,2006,2027,22,,
T0197,2181,drake-bulldogs,Drake Bulldogs,Drake,Drake,DRKE,Drake,Drake,183,Missouri Valley Conference,2006,2026,21,,
T0198,2182,drexel-dragons,Drexel Dragons,Drexel,Drexel,DREX,Drexel,Drexel,3,Coastal Athletic Association,2006,2027,22,,
T0199,2184,duquesne-dukes,Duquesne Dukes,Duquesne,Duquesne,DUQ,Duquesne,Duquesne,11,Atlantic 10 Conference,2006,2027,22,,
T0200,2193,east-tennessee-state-buccaneers,East Tennessee State Buccaneers,East Tennessee State,ETSU,ETSU,East Tennessee St.,East Tennessee St.,257,Southern Conference,2006,2027,22,,
T0201,2197,eastern-illinois-panthers,Eastern Illinois Panthers,Eastern Illinois,E Illinois,EIU,Eastern Illinois,Eastern Illinois,212,Ohio Valley Conference,2006,2027,22,,
T0202,2198,eastern-kentucky-colonels,Eastern Kentucky Colonels,Eastern Kentucky,E Kentucky,EKU,Eastern Kentucky,Eastern Kentucky,213,ASUN Conference,2006,2027,22,,
T0203,2199,eastern-michigan-eagles,Eastern Michigan Eagles,Eastern Michigan,E Michigan,EMU,Eastern Michigan,Eastern Michigan,166,Mid-American Conference,2006,2027,22,,
T0204,2210,elon-phoenix,Elon Phoenix,Elon,Elon,ELON,Elon,Elon,78,Coastal Athletic Association,2006,2027,22,,
T0205,2217,fairfield-stags,Fairfield Stags,Fairfield,Fairfield,FAIR,Fairfield,Fairfield,148,Metro Atlantic Athletic Conference,2006,2027,22,,
T0206,2226,florida-atlantic-owls,Florida Atlantic Owls,Florida Atlantic,FAU,FAU,Florida Atlantic,Florida Atlantic,33,American Conference,2006,2027,22,,
T0207,2229,florida-international-panthers,Florida International Panthers,Florida International,FIU,FIU,FIU,FIU,293,Conference USA,2006,2027,22,,
T0208,2230,fordham-rams,Fordham Rams,Fordham,Fordham,FOR,Fordham,Fordham,12,Atlantic 10 Conference,2006,2027,21,,
T0209,2239,cal-state-fullerton-titans,Cal State Fullerton Titans,Cal State Fullerton,Fullerton,CSUF,Cal St. Fullerton,Cal St. Fullerton,97,Big West Conference,2006,2026,21,,
T0210,2241,gardner-webb-runnin-bulldogs,Gardner-Webb Runnin' Bulldogs,Gardner-Webb,Gardner-Webb,GWEB,Gardner Webb,Gardner Webb,456,Big South Conference,2006,2027,22,,
T0211,2244,george-mason-patriots,George Mason Patriots,George Mason,George Mason,GMU,George Mason,George Mason,106,Atlantic 10 Conference,2006,2026,21,,
T0212,2247,georgia-state-panthers,Georgia State Panthers,Georgia State,Georgia St,GAST,Georgia St.,Georgia St.,34,Sun Belt Conference,2006,2027,22,,
T0213,2250,gonzaga-bulldogs,Gonzaga Bulldogs,Gonzaga,Gonzaga,GONZ,Gonzaga,Gonzaga,303,West Coast Conference,2006,2027,22,,
T0214,2261,hampton-pirates,Hampton Pirates,Hampton,Hampton,HAMP,Hampton,Hampton,174,Coastal Athletic Association,2006,2027,22,,
T0215,2272,high-point-panthers,High Point Panthers,High Point,High Point,HPU,High Point,High Point,79,Big South Conference,2006,2027,22,,
T0216,2275,hofstra-pride,Hofstra Pride,Hofstra,Hofstra,HOF,Hofstra,Hofstra,5,Coastal Athletic Association,2006,2027,22,,
T0217,2287,illinois-state-redbirds,Illinois State Redbirds,Illinois State,Illinois St,ILST,Illinois St.,Illinois St.,185,Missouri Valley Conference,2006,2026,21,,
T0218,2294,iowa-hawkeyes,Iowa Hawkeyes,Iowa,Iowa,IOWA,Iowa,Iowa,86,Big Ten Conference,2006,2027,22,,
T0219,2296,jackson-state-tigers,Jackson State Tigers,Jackson State,Jackson St,JKST,Jackson St.,Jackson St.,277,Southwestern Athletic Conference,2006,2027,22,,
T0220,2305,kansas-jayhawks,Kansas Jayhawks,Kansas,Kansas,KU,Kansas,Kansas,44,Big 12 Conference,2006,2027,22,,
T0221,2306,kansas-state-wildcats,Kansas State Wildcats,Kansas State,Kansas St,KSU,Kansas St.,Kansas St.,45,Big 12 Conference,2006,2027,22,,
T0222,2309,kent-state-golden-flashes,Kent State Golden Flashes,Kent State,Kent State,KENT,Kent St.,Kent St.,160,Mid-American Conference,2006,2027,22,,
T0223,2320,lamar-cardinals,Lamar Cardinals,Lamar,Lamar,LAM,Lamar,Lamar,261,Southland Conference,2006,2026,21,,
T0224,2325,la-salle-explorers,La Salle Explorers,La Salle,La Salle,LAS,La Salle,La Salle,14,Atlantic 10 Conference,2006,2026,21,,
T0225,2329,lehigh-mountain-hawks,Lehigh Mountain Hawks,Lehigh,Lehigh,LEH,Lehigh,Lehigh,235,Patriot League,2006,2027,22,,
T0226,2335,liberty-flames,Liberty Flames,Liberty,Liberty,LIB,Liberty,Liberty,80,Conference USA,2006,2027,22,,
T0227,2344,longwood-lancers,Longwood Lancers,Longwood,Longwood,LONG,Longwood,Longwood,376,Big South Conference,2006,2026,21,,
T0228,2348,louisiana-tech-bulldogs,Louisiana Tech Bulldogs,Louisiana Tech,Louisiana Tech,LT,Louisiana Tech,Louisiana Tech,294,Conference USA,2006,2027,22,,
T0229,2350,loyola-chicago-ramblers,Loyola Chicago Ramblers,Loyola Chicago,Loyola Chicago,LUC,Loyola Chicago,Loyola Chicago,129,Atlantic 10 Conference,2006,2027,22,,
T0230,2351,loyola-marymount-lions,Loyola Marymount Lions,Loyola Marymount,LMU,LMU,Loyola Marymount,Loyola Marymount,304,West Coast Conference,2006,2027,22,,
T0231,2352,loyola-maryland-greyhounds,Loyola Maryland Greyhounds,Loyola Maryland,Loyola MD,L-MD,Loyola MD,Loyola MD,150,Patriot League,2006,2026,21,,
T0232,2363,manhattan-jaspers,Manhattan Jaspers,Manhattan,Manhattan,MAN,Manhattan,Manhattan,151,Metro Atlantic Athletic Conference,2006,2027,22,,
T0233,2368,marist-red-foxes,Marist Red Foxes,Marist,Marist,MRST,Marist,Marist,152,Metro Atlantic Athletic Conference,2006,2027,22,,
T0234,2377,mcneese-cowboys,McNeese Cowboys,McNeese,McNeese,MCN,McNeese St.,McNeese,263,Southland Conference,2006,2026,21,,
T0235,2378,umbc-retrievers,UMBC Retrievers,UMBC,UMBC,UMBC,UMBC,UMBC,202,America East Conference,2006,2027,22,,
T0236,2379,maryland-eastern-shore-hawks,Maryland Eastern Shore Hawks,Maryland Eastern Shore,MD Eastern,UMES,Maryland Eastern Shore,Maryland Eastern Shore,176,Mid-Eastern Athletic Conference,2006,2027,21,,
T0237,2382,mercer-bears,Mercer Bears,Mercer,Mercer,MER,Mercer,Mercer,37,Southern Conference,2006,2027,22,,
T0238,2390,miami-hurricanes,Miami Hurricanes,Miami,Miami,MIA,Miami FL,Miami FL,55,Atlantic Coast Conference,2006,2027,22,,
T0239,2393,middle-tennessee-blue-raiders,Middle Tennessee Blue Raiders,Middle Tennessee,MTSU,MTSU,Middle Tennessee,Middle Tennessee,295,Conference USA,2006,2027,22,,
T0240,2400,mississippi-valley-state-delta-devils,Mississippi Valley State Delta Devils,Mississippi Valley State,Miss Valley St,MVSU,Mississippi Valley St.,Mississippi Valley St.,278,Southwestern Athletic Conference,2006,2027,22,,
T0241,2405,monmouth-hawks,Monmouth Hawks,Monmouth,Monmouth,MONM,Monmouth,Monmouth,203,Coastal Athletic Association,2006,2027,22,,
T0242,2413,morehead-state-eagles,Morehead State Eagles,Morehead State,Morehead St,MORE,Morehead St.,Morehead St.,214,Ohio Valley Conference,2006,2027,22,,
T0243,2415,morgan-state-bears,Morgan State Bears,Morgan State,Morgan St,MORG,Morgan St.,Morgan St.,177,Mid-Eastern Athletic Conference,2006,2026,21,,
T0244,2426,navy-midshipmen,Navy Midshipmen,Navy,Navy,NAVY,Navy,Navy,236,Patriot League,2006,2027,22,,
T0245,2427,unc-asheville-bulldogs,UNC Asheville Bulldogs,UNC Asheville,UNC Asheville,UNCA,UNC Asheville,UNC Asheville,81,Big South Conference,2006,2027,22,,
T0246,2429,charlotte-49ers,Charlotte 49ers,Charlotte,Charlotte,CLT,Charlotte,Charlotte,123,American Conference,2006,2026,21,,
T0247,2430,unc-greensboro-spartans,UNC Greensboro Spartans,UNC Greensboro,UNC Greensboro,UNCG,UNC Greensboro,UNC Greensboro,258,Southern Conference,2006,2027,22,,
T0248,2433,ul-monroe-warhawks,UL Monroe Warhawks,UL Monroe,UL Monroe,ULM,Louisiana Monroe,Louisiana Monroe,262,Sun Belt Conference,2006,2027,22,,
T0249,2439,unlv-rebels,UNLV Rebels,UNLV,UNLV,UNLV,UNLV,UNLV,196,Mountain West Conference,2006,2027,22,,
T0250,2440,nevada-wolf-pack,Nevada Wolf Pack,Nevada,Nevada,NEV,Nevada,Nevada,313,Mountain West Conference,2006,2027,22,,
T0251,2443,lsu-new-orleans-privateers,LSU New Orleans Privateers,LSU New Orleans,LSU N Orleans,NOLA,,,300,Southland Conference,2006,2027,21,,
T0252,2447,nicholls-colonels,Nicholls Colonels,Nicholls,Nicholls,NICH,Nicholls St.,Nicholls,264,Southland Conference,2006,2026,21,,
T0253,2448,north-carolina-a-and-t-aggies,North Carolina A&T Aggies,North Carolina A&T,NC A&T,NCAT,North Carolina A&T,North Carolina A&T,179,Coastal Athletic Association,2006,2027,22,,
T0254,2449,north-dakota-state-bison,North Dakota State Bison,North Dakota State,N Dakota St,NDSU,North Dakota St.,North Dakota St.,490,The Summit League,2006,2027,22,,
T0255,2450,norfolk-state-spartans,Norfolk State Spartans,Norfolk State,Norfolk St,NORF,Norfolk St.,Norfolk St.,178,Mid-Eastern Athletic Conference,2006,2027,22,,
T0256,2454,north-florida-ospreys,North Florida Ospreys,North Florida,North Florida,UNF,North Florida,North Florida,394,ASUN Conference,2006,2027,22,,
T0257,2458,northern-colorado-bears,Northern Colorado Bears,Northern Colorado,N Colorado,UNCO,Northern Colorado,Northern Colorado,395,Big Sky Conference,2006,2026,21,,
T0258,2459,northern-illinois-huskies,Northern Illinois Huskies,Northern Illinois,N Illinois,NIU,Northern Illinois,Northern Illinois,167,Mid-American Conference,2006,2027,22,,
T0259,2460,northern-iowa-panthers,Northern Iowa Panthers,Northern Iowa,Northern Iowa,UNI,Northern Iowa,Northern Iowa,187,Missouri Valley Conference,2006,2027,22,,
T0260,2463,cal-state-northridge-matadors,Cal State Northridge Matadors,Cal State Northridge,CSU Northridge,CSUN,Cal St. Northridge,CSUN,67,Big West Conference,2006,2027,22,,
T0261,2464,northern-arizona-lumberjacks,Northern Arizona Lumberjacks,Northern Arizona,N Arizona,NAU,Northern Arizona,Northern Arizona,72,Big Sky Conference,2006,2027,22,,
T0262,2466,northwestern-state-demons,Northwestern State Demons,Northwestern State,N'Western St,NWST,Northwestern St.,Northwestern St.,265,Southland Conference,2006,2027,22,,
T0263,2473,oakland-golden-grizzlies,Oakland Golden Grizzlies,Oakland,Oakland,OAK,Oakland,Oakland,285,Horizon League,2006,2027,22,,
T0264,2483,oregon-ducks,Oregon Ducks,Oregon,Oregon,ORE,Oregon,Oregon,223,Big Ten Conference,2006,2026,21,,
T0265,2492,pepperdine-waves,Pepperdine Waves,Pepperdine,Pepperdine,PEPP,Pepperdine,Pepperdine,305,West Coast Conference,2006,2026,21,,
T0266,2501,portland-pilots,Portland Pilots,Portland,Portland,PORT,Portland,Portland,306,West Coast Conference,2006,2027,22,,
T0267,2502,portland-state-vikings,Portland State Vikings,Portland State,Portland St,PRST,Portland St.,Portland St.,73,Big Sky Conference,2006,2026,21,,
T0268,2504,prairie-view-a-and-m-panthers,Prairie View A&M Panthers,Prairie View A&M,Prairie View,PV,Prairie View A&M,Prairie View A&M,279,Southwestern Athletic Conference,2006,2027,22,,
T0269,2507,providence-friars,Providence Friars,Providence,Providence,PROV,Providence,Providence,56,Big East Conference,2006,2027,22,,
T0270,2509,purdue-boilermakers,Purdue Boilermakers,Purdue,Purdue,PUR,Purdue,Purdue,93,Big Ten Conference,2006,2027,22,,
T0271,2514,quinnipiac-bobcats,Quinnipiac Bobcats,Quinnipiac,Quinnipiac,QUIN,Quinnipiac,Quinnipiac,205,Metro Atlantic Athletic Conference,2006,2026,21,,
T0272,2515,radford-highlanders,Radford Highlanders,Radford,Radford,RAD,Radford,Radford,82,Big South Conference,2006,2027,22,,
T0273,2520,rider-broncs,Rider Broncs,Rider,Rider,RID,Rider,Rider,154,Metro Atlantic Athletic Conference,2006,2027,22,,
T0274,2523,robert-morris-colonials,Robert Morris Colonials,Robert Morris,Robert Morris,RMU,Robert Morris,Robert Morris,206,Horizon League,2006,2027,22,,
T0275,2529,sacred-heart-pioneers,Sacred Heart Pioneers,Sacred Heart,Sacred Heart,SHU,Sacred Heart,Sacred Heart,207,Metro Atlantic Athletic Conference,2006,2027,22,,
T0276,2534,sam-houston-bearkats,Sam Houston Bearkats,Sam Houston,Sam Houston,SHSU,Sam Houston St.,Sam Houston St.,266,Conference USA,2006,2027,22,,
T0277,2535,samford-bulldogs,Samford Bulldogs,Samford,Samford,SAM,Samford,Samford,38,Southern Conference,2006,2027,22,,
T0278,2539,san-francisco-dons,San Francisco Dons,San Francisco,San Francisco,SF,San Francisco,San Francisco,309,West Coast Conference,2006,2027,22,,
T0279,2540,uc-santa-barbara-gauchos,UC Santa Barbara Gauchos,UC Santa Barbara,Santa Barbara,UCSB,UC Santa Barbara,UC Santa Barbara,102,Big West Conference,2006,2026,21,,
T0280,2541,santa-clara-broncos,Santa Clara Broncos,Santa Clara,Santa Clara,SCU,Santa Clara,Santa Clara,310,West Coast Conference,2006,2027,22,,
T0281,2542,,Savannah State Tigers,Savannah State,Savannah State,SAV,,,,,2006,2019,14,,
T0282,2545,se-louisiana-lions,SE Louisiana Lions,SE Louisiana,SE Louisiana,SELA,Southeastern Louisiana,Southeastern Louisiana,267,Southland Conference,2006,2027,22,,
T0283,2546,southeast-missouri-state-redhawks,Southeast Missouri State Redhawks,Southeast Missouri State,SE Missouri,SEMO,Southeast Missouri St.,Southeast Missouri,216,Ohio Valley Conference,2006,2027,22,,
T0284,2550,seton-hall-pirates,Seton Hall Pirates,Seton Hall,Seton Hall,HALL,Seton Hall,Seton Hall,64,Big East Conference,2006,2027,22,,
T0285,2561,siena-saints,Siena Saints,Siena,Siena,SIE,Siena,Siena,155,Metro Atlantic Athletic Conference,2006,2027,22,,
T0286,2567,smu-mustangs,SMU Mustangs,SMU,SMU,SMU,SMU,SMU,316,Atlantic Coast Conference,2006,2027,22,,
T0287,2569,south-carolina-state-bulldogs,South Carolina State Bulldogs,South Carolina State,SC State,SCST,South Carolina St.,South Carolina St.,180,Mid-Eastern Athletic Conference,2006,2027,22,,
T0288,2571,south-dakota-state-jackrabbits,South Dakota State Jackrabbits,South Dakota State,S Dakota St,SDST,South Dakota St.,South Dakota St.,417,The Summit League,2006,2027,22,,
T0289,2572,southern-miss-golden-eagles,Southern Miss Golden Eagles,Southern Miss,Southern Miss,USM,Southern Miss,Southern Miss,116,Sun Belt Conference,2006,2027,22,,
T0290,2579,south-carolina-gamecocks,South Carolina Gamecocks,South Carolina,South Carolina,SC,South Carolina,South Carolina,240,Southeastern Conference,2006,2027,22,,
T0291,2582,southern-jaguars,Southern Jaguars,Southern,Southern,SOU,Southern,Southern,280,Southwestern Athletic Conference,2006,2027,22,,
T0292,2597,,St. Francis Brooklyn Terriers,St. Francis Brooklyn,St Francis BK,SFBK,,,,,2006,2023,18,,
T0293,2598,,Saint Francis Red Wolves,Saint Francis,Saint Francis,SFPA,,,,,2006,2026,21,,
T0294,2599,st-johns-red-storm,St. John's Red Storm,St. John's,St John's,SJU,St. John's,St. John's,57,Big East Conference,2006,2027,22,,
T0295,2603,saint-josephs-hawks,Saint Joseph's Hawks,Saint Joseph's,Saint Joseph's,JOES,Saint Joseph's,Saint Joseph's,18,Atlantic 10 Conference,2006,2026,21,,
T0296,2608,saint-marys-gaels,Saint Mary's Gaels,Saint Mary's,Saint Mary's,SMC,Saint Mary's,Saint Mary's,307,West Coast Conference,2006,2027,22,,
T0297,2612,saint-peters-peacocks,Saint Peter's Peacocks,Saint Peter's,Saint Peter's,SPU,Saint Peter's,Saint Peter's,156,Metro Atlantic Athletic Conference,2006,2027,22,,
T0298,2617,stephen-f-austin-lumberjacks,Stephen F. Austin Lumberjacks,Stephen F. Austin,SF Austin,SFA,Stephen F. Austin,Stephen F. Austin,269,Southland Conference,2006,2026,21,,
T0299,2619,stony-brook-seawolves,Stony Brook Seawolves,Stony Brook,Stony Brook,STBK,Stony Brook,Stony Brook,136,Coastal Athletic Association,2006,2027,22,,
T0300,2623,missouri-state-bears,Missouri State Bears,Missouri State,Missouri St,MOST,Missouri St.,Missouri St.,189,Conference USA,2006,2027,22,,
T0301,2628,tcu-horned-frogs,TCU Horned Frogs,TCU,TCU,TCU,TCU,TCU,317,Big 12 Conference,2006,2026,21,,
T0302,2630,ut-martin-skyhawks,UT Martin Skyhawks,UT Martin,UT Martin,UTM,Tennessee Martin,Tennessee Martin,219,Ohio Valley Conference,2006,2027,22,,
T0303,2633,tennessee-volunteers,Tennessee Volunteers,Tennessee,Tennessee,TENN,Tennessee,Tennessee,241,Southeastern Conference,2006,2027,22,,
T0304,2634,tennessee-state-tigers,Tennessee State Tigers,Tennessee State,Tennessee St,TNST,Tennessee St.,Tennessee St.,217,Ohio Valley Conference,2006,2027,22,,
T0305,2635,tennessee-tech-golden-eagles,Tennessee Tech Golden Eagles,Tennessee Tech,Tennessee Tech,TNTC,Tennessee Tech,Tennessee Tech,218,Ohio Valley Conference,2006,2027,22,,
T0306,2636,utsa-roadrunners,UTSA Roadrunners,UTSA,UTSA,UTSA,UTSA,UTSA,271,American Conference,2006,2027,22,,
T0307,2638,utep-miners,UTEP Miners,UTEP,UTEP,UTEP,UTEP,UTEP,319,Conference USA,2006,2027,22,,
T0308,2640,texas-southern-tigers,Texas Southern Tigers,Texas Southern,Texas Southern,TXSO,Texas Southern,Texas Southern,281,Southwestern Athletic Conference,2006,2027,22,,
T0309,2641,texas-tech-red-raiders,Texas Tech Red Raiders,Texas Tech,Texas Tech,TTU,Texas Tech,Texas Tech,52,Big 12 Conference,2006,2027,22,,
T0310,2643,the-citadel-bulldogs,The Citadel Bulldogs,The Citadel,The Citadel,CIT,The Citadel,The Citadel,251,Southern Conference,2006,2027,22,,
T0311,2649,toledo-rockets,Toledo Rockets,Toledo,Toledo,TOL,Toledo,Toledo,168,Mid-American Conference,2006,2027,22,,
T0312,2653,troy-trojans,Troy Trojans,Troy,Troy,TROY,Troy,Troy,40,Sun Belt Conference,2006,2027,22,,
T0313,2655,tulane-green-wave,Tulane Green Wave,Tulane,Tulane,TULN,Tulane,Tulane,117,American Conference,2006,2026,21,,
T0314,2670,vcu-rams,VCU Rams,VCU,VCU,VCU,VCU,VCU,111,Atlantic 10 Conference,2006,2027,22,,
T0315,2674,valparaiso-beacons,Valparaiso Beacons,Valparaiso,Valparaiso,VAL,Valparaiso,Valparaiso,288,Missouri Valley Conference,2006,2026,21,,
T0316,2678,vmi-keydets,VMI Keydets,VMI,VMI,VMI,VMI,VMI,259,Southern Conference,2006,2027,22,,
T0317,2681,wagner-seahawks,Wagner Seahawks,Wagner,Wagner,WAG,Wagner,Wagner,210,Northeast Conference,2006,2027,22,,
T0318,2692,weber-state-wildcats,Weber State Wildcats,Weber State,Weber St,WEB,Weber St.,Weber St.,75,Big Sky Conference,2006,2026,21,,
T0319,2710,western-illinois-leathernecks,Western Illinois Leathernecks,Western Illinois,W Illinois,WIU,Western Illinois,Western Illinois,289,Ohio Valley Conference,2006,2027,22,,
T0320,2711,western-michigan-broncos,Western Michigan Broncos,Western Michigan,W Michigan,WMU,Western Michigan,Western Michigan,169,Mid-American Conference,2006,2027,22,,
T0321,2717,western-carolina-catamounts,Western Carolina Catamounts,Western Carolina,W Carolina,WCU,Western Carolina,Western Carolina,260,Southern Conference,2006,2027,22,,
T0322,2724,wichita-state-shockers,Wichita State Shockers,Wichita State,Wichita St,WICH,Wichita St.,Wichita St.,190,American Conference,2006,2027,22,,
T0323,2729,william-and-mary-tribe,William & Mary Tribe,William & Mary,William & Mary,W&M,William & Mary,William & Mary,112,Coastal Athletic Association,2006,2027,22,,
T0324,2737,winthrop-eagles,Winthrop Eagles,Winthrop,Winthrop,WIN,Winthrop,Winthrop,83,Big South Conference,2006,2026,21,,
T0325,2739,green-bay-phoenix,Green Bay Phoenix,Green Bay,Green Bay,GB,Green Bay,Green Bay,130,Horizon League,2006,2027,22,,
T0326,2747,wofford-terriers,Wofford Terriers,Wofford,Wofford,WOF,Wofford,Wofford,254,Southern Conference,2006,2027,22,,
T0327,2750,wright-state-raiders,Wright State Raiders,Wright State,Wright St,WRST,Wright St.,Wright St.,132,Horizon League,2006,2027,22,,
T0328,2751,wyoming-cowboys,Wyoming Cowboys,Wyoming,Wyoming,WYO,Wyoming,Wyoming,198,Mountain West Conference,2006,2027,22,,
T0329,2752,xavier-musketeers,Xavier Musketeers,Xavier,Xavier,XAV,Xavier,Xavier,20,Big East Conference,2006,2027,22,,
T0330,2754,youngstown-state-penguins,Youngstown State Penguins,Youngstown State,Youngstown St,YSU,Youngstown St.,Youngstown St.,290,Horizon League,2006,2027,22,,
T0331,2755,grambling-tigers,Grambling Tigers,Grambling,Grambling,GRAM,Grambling St.,Grambling St.,276,Southwestern Athletic Conference,2006,2027,22,,
T0332,2870,purdue-fort-wayne-mastodons,Purdue Fort Wayne Mastodons,Purdue Fort Wayne,Purdue FW,PFW,Purdue Fort Wayne,Purdue Fort Wayne,463,Horizon League,2006,2027,22,,
T0333,3084,utah-valley-wolverines,Utah Valley Wolverines,Utah Valley,Utah Valley,UVU,Utah Valley,Utah Valley,437,Western Athletic Conference,2006,2027,22,,
T0334,112358,long-island-university-sharks,Long Island University Sharks,Long Island University,Long Island,LIU,LIU,LIU,1468,Northeast Conference,2006,2027,22,,
T0335,2110,central-arkansas-bears,Central Arkansas Bears,Central Arkansas,C Arkansas,CARK,Central Arkansas,Central Arkansas,465,ASUN Conference,2007,2027,21,,
T0336,2736,,Winston Salem Rams,Winston Salem,Win Salem,WSSU,,,,,2007,2010,4,,
T0337,2885,njit-highlanders,NJIT Highlanders,NJIT,NJIT,NJIT,NJIT,NJIT,388,America East Conference,2007,2027,21,,
T0338,526,florida-gulf-coast-eagles,Florida Gulf Coast Eagles,Florida Gulf Coast,FGCU,FGCU,Florida Gulf Coast,Florida Gulf Coast,892,ASUN Conference,2008,2027,20,,
T0339,2428,north-carolina-central-eagles,North Carolina Central Eagles,North Carolina Central,NC Central,NCCU,North Carolina Central,North Carolina Central,393,Mid-Eastern Athletic Conference,2008,2027,19,,
T0340,2506,presbyterian-blue-hose,Presbyterian Blue Hose,Presbyterian,Presbyterian,PRES,Presbyterian,Presbyterian,402,Big South Conference,2008,2027,20,,
T0341,2908,south-carolina-upstate-spartans,South Carolina Upstate Spartans,South Carolina Upstate,SC Upstate,UPST,USC Upstate,USC Upstate,415,Big South Conference,2008,2027,20,,
T0342,2934,cal-state-bakersfield-roadrunners,Cal State Bakersfield Roadrunners,Cal State Bakersfield,Bakersfield,CSUB,Cal St. Bakersfield,Cal St. Bakersfield,335,Big West Conference,2008,2026,19,,
T0343,155,north-dakota-fighting-hawks,North Dakota Fighting Hawks,North Dakota,North Dakota,UND,North Dakota,North Dakota,489,The Summit League,2009,2027,19,,
T0344,233,south-dakota-coyotes,South Dakota Coyotes,South Dakota,South Dakota,SDAK,South Dakota,South Dakota,416,The Summit League,2009,2027,19,,
T0345,2277,houston-christian-huskies,Houston Christian Huskies,Houston Christian,Hou Christian,HCU,Houston Christian,Houston Christian,662,Southland Conference,2009,2026,18,,
T0346,2547,seattle-u-redhawks,Seattle U Redhawks,Seattle U,Seattle U,SEA,Seattle,Seattle,693,West Coast Conference,2009,2027,19,,
T0347,2565,siu-edwardsville-cougars,SIU Edwardsville Cougars,SIU Edwardsville,SIUE,SIUE,SIU Edwardsville,SIUE,411,Ohio Valley Conference,2009,2027,19,,
T0348,2803,bryant-bulldogs,Bryant Bulldogs,Bryant,Bryant,BRY,Bryant,Bryant,820,America East Conference,2009,2027,19,,
T0349,2437,omaha-mavericks,Omaha Mavericks,Omaha,Omaha,OMA,Nebraska Omaha,Nebraska Omaha,826,The Summit League,2012,2027,16,,
T0350,94,northern-kentucky-norse,Northern Kentucky Norse,Northern Kentucky,N Kentucky,NKU,Northern Kentucky,Northern Kentucky,981,Horizon League,2013,2027,15,,
T0351,2000,abilene-christian-wildcats,Abilene Christian Wildcats,Abilene Christian,Abilene Chrstn,ACU,Abilene Christian,Abilene Christian,320,Western Athletic Conference,2014,2027,14,,
T0352,2253,grand-canyon-lopes,Grand Canyon Lopes,Grand Canyon,Grand Canyon,GCU,Grand Canyon,Grand Canyon,362,Mountain West Conference,2014,2027,14,,
T0353,2349,umass-lowell-river-hawks,UMass Lowell River Hawks,UMass Lowell,UMass Lowell,UML,UMass Lowell,UMass Lowell,970,America East Conference,2014,2027,14,,
T0354,2916,incarnate-word-cardinals,Incarnate Word Cardinals,Incarnate Word,Incarnate Word,UIW,Incarnate Word,Incarnate Word,962,Southland Conference,2014,2027,14,,
T0355,2453,north-alabama-lions,North Alabama Lions,North Alabama,North Alabama,UNA,North Alabama,North Alabama,828,ASUN Conference,2019,2027,9,,
T0356,2856,california-baptist-lancers,California Baptist Lancers,California Baptist,CA Baptist,CBU,Cal Baptist,Cal Baptist,648,Western Athletic Conference,2019,2027,9,,
T0357,2771,merrimack-warriors,Merrimack Warriors,Merrimack,Merrimack,MRMK,Merrimack,Merrimack,972,Metro Atlantic Athletic Conference,2020,2027,8,,
T0358,28,uc-san-diego-tritons,UC San Diego Tritons,UC San Diego,UC San Diego,UCSD,UC San Diego,UC San Diego,610,Big West Conference,2021,2027,7,,
T0359,91,bellarmine-knights,Bellarmine Knights,Bellarmine,Bellarmine,BELL,Bellarmine,Bellarmine,908,ASUN Conference,2021,2027,7,,
T0360,2627,tarleton-state-texans,Tarleton State Texans,Tarleton State,Tarleton St,TAR,Tarleton St.,Tarleton St.,432,Western Athletic Conference,2021,2027,7,,
T0361,3101,utah-tech-trailblazers,Utah Tech Trailblazers,Utah Tech,Utah Tech,UTU,Utah Tech,Utah Tech,1181,Western Athletic Conference,2021,2026,6,,
T0362,111946,,Carver College Cougars,Carver College,Carver,CARV,,,,,2021,2021,1,,
T0363,2900,st-thomas-tommies,St. Thomas Tommies,St. Thomas,St Thomas,STMN,,,,The Summit League,2022,2027,6,,
T0364,3117,,Carver College Cougars,Carver College,Carver College,CBC,,,,,2022,2022,1,,
T0365,88,,Southern Indiana Screaming Eagles,Southern Indiana,S Indiana,USI,,,,,2023,2027,5,,
T0366,284,stonehill-skyhawks,Stonehill Skyhawks,Stonehill,Stonehill,STO,Stonehill,Stonehill,904,Northeast Conference,2023,2027,5,,
T0367,2511,,Queens University Royals,Queens University,Queens,QUC,,,,,2023,2027,5,,
T0368,2815,,Lindenwood Lions,Lindenwood,Lindenwood,LIN,,,,,2023,2027,5,,
T0369,2837,east-texas-a-and-m-lions,East Texas A&M Lions,East Texas A&M,East Texas A&M,ETAM,East Texas A&M,East Texas A&M,854,Southland Conference,2023,2027,5,,
T0370,2330,le-moyne-dolphins,Le Moyne Dolphins,Le Moyne,Le Moyne,LEM,Le Moyne,Le Moyne,966,Northeast Conference,2024,2027,4,,
T0371,2385,mercyhurst-lakers,Mercyhurst Lakers,Mercyhurst,Mercyhurst,MERC,Mercyhurst,Mercyhurst,459,Northeast Conference,2025,2027,3,,
T0372,2698,west-georgia-wolves,West Georgia Wolves,West Georgia,West Georgia,WGA,West Georgia,West Georgia,442,ASUN Conference,2025,2027,3,,
T0373,2441,new-haven-chargers,New Haven Chargers,New Haven,New Haven,NHVN,New Haven,New Haven,390,Northeast Conference,2026,2027,2,,
T0374,2697,west-florida-argonauts,West Florida Argonauts,West Florida,West Florida,WFL,,,,ASUN Conference,2027,2027,1,,
